timestamp,location,vehicle_count,average_speed_kmph,traffic_condition,weather
2026-01-01 00:04:00,Dindigul Bus Stand,99,65.19,Heavy,Clear
2026-01-01 00:26:00,RM Colony,55,23.68,Heavy,Clear
2026-01-01 00:27:00,RM Colony,20,41.81,Jam,Rainy
2026-01-01 00:39:00,RM Colony,180,21.09,Jam,Clear
2026-01-01 00:43:00,Nagalk Nagar,130,35.45,Moderate,Cloudy
2026-01-01 01:00:00,Dindigul Bus Stand,126,28.52,Moderate,Cloudy
2026-01-01 01:00:00,Trichy Road,180,17.87,Moderate,Cloudy
2026-01-01 01:05:00,Nagalk Nagar,66,22.53,Moderate,Rainy
2026-01-01 01:06:00,Begampur,137,27.38,Moderate,Rainy
2026-01-01 01:07:00,Trichy Road,36,20.41,Free Flow,Rainy
2026-01-01 01:10:00,Nagalk Nagar,181,27.29,Heavy,Clear
2026-01-01 01:22:00,Natham Road,139,37.2,Moderate,Rainy
2026-01-01 01:36:00,Palani Road,84,58.05,Moderate,Cloudy
2026-01-01 01:46:00,SPM Nagar,108,42.18,Jam,Rainy
2026-01-01 02:03:00,Begampur,35,52.64,Jam,Cloudy
2026-01-01 02:12:00,Begampur,191,65.44,Free Flow,Clear
2026-01-01 02:23:00,Dindigul Bus Stand,61,24.42,Jam,Clear
2026-01-01 02:29:00,Oddanchatram Road,47,58.4,Moderate,Clear
2026-01-01 02:33:00,Batlagundu Road,155,53.87,Moderate,Cloudy
2026-01-01 02:56:00,Dindigul Bus Stand,35,60.69,Heavy,Cloudy
2026-01-01 03:02:00,RM Colony,119,69.48,Jam,Clear
2026-01-01 03:05:00,Oddanchatram Road,62,63.47,Heavy,Rainy
2026-01-01 03:12:00,Oddanchatram Road,36,23.62,Heavy,Clear
2026-01-01 03:31:00,Dindigul Bus Stand,198,67.28,Moderate,Rainy
2026-01-01 03:34:00,Trichy Road,99,49.74,Free Flow,Clear
2026-01-01 03:36:00,Dindigul Bus Stand,31,46.56,Free Flow,Clear
2026-01-01 03:47:00,Batlagundu Road,24,35.47,Free Flow,Rainy
2026-01-01 03:50:00,Begampur,152,21.98,Heavy,Rainy
2026-01-01 03:59:00,Natham Road,67,49.93,Jam,Clear
2026-01-01 04:10:00,SPM Nagar,147,42.59,Jam,Cloudy
2026-01-01 04:22:00,Begampur,126,36.75,Moderate,Rainy
2026-01-01 04:26:00,Natham Road,80,35.72,Jam,Cloudy
2026-01-01 04:42:00,RM Colony,66,27.35,Free Flow,Clear
2026-01-01 04:44:00,RM Colony,84,53.3,Jam,Clear
2026-01-01 05:02:00,Batlagundu Road,31,52.93,Jam,Rainy
2026-01-01 05:12:00,Trichy Road,130,19.48,Heavy,Cloudy
2026-01-01 05:16:00,RM Colony,118,55.9,Jam,Clear
2026-01-01 05:25:00,SPM Nagar,86,37.99,Jam,Clear
2026-01-01 05:27:00,Palani Road,37,19.81,Free Flow,Cloudy
2026-01-01 05:45:00,SPM Nagar,109,61.99,Heavy,Cloudy
2026-01-01 05:50:00,Begampur,90,48.55,Jam,Rainy
2026-01-01 06:15:00,SPM Nagar,43,48.43,Free Flow,Cloudy
2026-01-01 06:15:00,Palani Road,12,17.41,Free Flow,Cloudy
2026-01-01 06:19:00,Begampur,161,69.87,Jam,Clear
2026-01-01 06:24:00,Dindigul Bus Stand,78,18.63,Heavy,Cloudy
2026-01-01 06:24:00,Oddanchatram Road,130,16.88,Moderate,Cloudy
2026-01-01 06:46:00,Natham Road,122,51.77,Jam,Cloudy
2026-01-01 06:50:00,Oddanchatram Road,149,38.02,Heavy,Clear
2026-01-01 06:58:00,RM Colony,132,30.97,Moderate,Rainy
2026-01-01 07:00:00,Trichy Road,132,67.74,Moderate,Clear
2026-01-01 07:18:00,SPM Nagar,121,38.97,Moderate,Rainy
2026-01-01 07:25:00,Trichy Road,35,63.71,Free Flow,Rainy
2026-01-01 08:09:00,Oddanchatram Road,129,24.27,Moderate,Clear
2026-01-01 08:16:00,RM Colony,85,47.32,Free Flow,Cloudy
2026-01-01 08:34:00,Dindigul Bus Stand,14,16.65,Jam,Clear
2026-01-01 08:48:00,Trichy Road,151,17.15,Moderate,Clear
2026-01-01 08:49:00,Natham Road,70,48.71,Jam,Rainy
2026-01-01 09:46:00,Natham Road,17,51.19,Heavy,Cloudy
2026-01-01 09:52:00,Nagalk Nagar,159,58.71,Moderate,Cloudy
2026-01-01 09:57:00,Oddanchatram Road,51,47.8,Jam,Rainy
2026-01-01 10:01:00,Natham Road,125,60.59,Free Flow,Cloudy
2026-01-01 10:04:00,Nagalk Nagar,177,60.82,Moderate,Cloudy
2026-01-01 10:09:00,Trichy Road,12,33.97,Free Flow,Cloudy
2026-01-01 10:19:00,Nagalk Nagar,63,49.87,Free Flow,Clear
2026-01-01 10:48:00,Nagalk Nagar,97,16.05,Free Flow,Cloudy
2026-01-01 11:02:00,Dindigul Bus Stand,22,37.68,Free Flow,Rainy
2026-01-01 11:04:00,Begampur,30,31.92,Moderate,Cloudy
2026-01-01 11:35:00,Trichy Road,174,38.59,Free Flow,Rainy
2026-01-01 11:44:00,Dindigul Bus Stand,51,57.84,Heavy,Rainy
2026-01-01 12:02:00,SPM Nagar,118,42.84,Heavy,Clear
2026-01-01 12:18:00,RM Colony,59,24.57,Jam,Rainy
2026-01-01 12:24:00,Dindigul Bus Stand,91,48.2,Free Flow,Rainy
2026-01-01 12:28:00,Begampur,85,56.66,Moderate,Rainy
2026-01-01 12:32:00,Begampur,129,28.63,Heavy,Rainy
2026-01-01 12:36:00,Batlagundu Road,192,64.45,Free Flow,Clear
2026-01-01 12:39:00,SPM Nagar,108,47.01,Jam,Clear
2026-01-01 12:40:00,RM Colony,35,36.47,Jam,Clear
2026-01-01 12:40:00,Oddanchatram Road,168,67.56,Jam,Cloudy
2026-01-01 12:41:00,Oddanchatram Road,128,23.56,Heavy,Rainy
2026-01-01 12:44:00,Oddanchatram Road,59,28.92,Moderate,Cloudy
2026-01-01 12:47:00,Trichy Road,174,33.67,Moderate,Rainy
2026-01-01 12:56:00,Begampur,15,57.16,Jam,Clear
2026-01-01 13:07:00,Trichy Road,193,48.95,Free Flow,Clear
2026-01-01 13:14:00,Trichy Road,117,64.21,Heavy,Clear
2026-01-01 14:03:00,Begampur,109,15.55,Heavy,Clear
2026-01-01 14:07:00,Dindigul Bus Stand,199,57.73,Free Flow,Clear
2026-01-01 14:19:00,SPM Nagar,164,44.26,Moderate,Cloudy
2026-01-01 14:23:00,SPM Nagar,10,39.45,Free Flow,Cloudy
2026-01-01 14:35:00,Dindigul Bus Stand,82,60.73,Heavy,Rainy
2026-01-01 14:38:00,Trichy Road,153,49.77,Heavy,Rainy
2026-01-01 14:38:00,Trichy Road,35,16.45,Jam,Clear
2026-01-01 14:47:00,Nagalk Nagar,81,41.93,Free Flow,Cloudy
2026-01-01 14:51:00,Dindigul Bus Stand,146,68.64,Jam,Rainy
2026-01-01 14:53:00,Batlagundu Road,21,42.4,Free Flow,Rainy
2026-01-01 15:02:00,Natham Road,112,25.72,Jam,Cloudy
2026-01-01 15:10:00,Begampur,136,52.8,Jam,Rainy
2026-01-01 15:42:00,Begampur,101,60.97,Jam,Cloudy
2026-01-01 15:59:00,Oddanchatram Road,166,20.3,Free Flow,Cloudy
2026-01-01 16:14:00,Dindigul Bus Stand,177,55.5,Jam,Cloudy
2026-01-01 16:49:00,Nagalk Nagar,107,25.2,Heavy,Rainy
2026-01-01 17:04:00,Natham Road,73,21.96,Free Flow,Cloudy
2026-01-01 17:05:00,Batlagundu Road,78,55.03,Free Flow,Cloudy
2026-01-01 17:29:00,Nagalk Nagar,30,60.59,Moderate,Cloudy
2026-01-01 18:08:00,Dindigul Bus Stand,198,50.44,Heavy,Rainy
2026-01-01 18:21:00,RM Colony,189,33.75,Free Flow,Rainy
2026-01-01 18:23:00,Oddanchatram Road,150,55.06,Free Flow,Cloudy
2026-01-01 18:58:00,Palani Road,86,47.79,Free Flow,Cloudy
2026-01-01 19:08:00,Dindigul Bus Stand,16,59.03,Free Flow,Rainy
2026-01-01 19:08:00,Dindigul Bus Stand,190,18.51,Jam,Rainy
2026-01-01 19:10:00,Nagalk Nagar,41,50.88,Moderate,Cloudy
2026-01-01 19:27:00,SPM Nagar,107,61.56,Moderate,Cloudy
2026-01-01 19:29:00,SPM Nagar,60,36.68,Jam,Clear
2026-01-01 19:30:00,Nagalk Nagar,12,56.2,Jam,Cloudy
2026-01-01 19:39:00,Trichy Road,52,35.16,Free Flow,Clear
2026-01-01 19:41:00,Dindigul Bus Stand,107,52.99,Jam,Clear
2026-01-01 19:41:00,Trichy Road,174,61.67,Moderate,Clear
2026-01-01 19:55:00,Nagalk Nagar,103,16.9,Moderate,Rainy
2026-01-01 20:24:00,Palani Road,137,36.87,Free Flow,Cloudy
2026-01-01 21:03:00,RM Colony,138,55.38,Moderate,Rainy
2026-01-01 21:04:00,SPM Nagar,84,53.23,Free Flow,Clear
2026-01-01 21:05:00,RM Colony,152,61.22,Heavy,Clear
2026-01-01 21:47:00,Natham Road,177,34.89,Free Flow,Rainy
2026-01-01 21:51:00,Natham Road,156,19.13,Free Flow,Cloudy
2026-01-01 21:58:00,SPM Nagar,27,56.81,Free Flow,Clear
2026-01-01 22:02:00,Batlagundu Road,162,49.62,Jam,Clear
2026-01-01 22:08:00,Natham Road,36,54.47,Moderate,Rainy
2026-01-01 22:14:00,Palani Road,196,51.28,Moderate,Rainy
2026-01-01 22:28:00,Natham Road,146,20.0,Heavy,Rainy
2026-01-01 22:36:00,Nagalk Nagar,27,69.9,Free Flow,Clear
2026-01-01 22:47:00,Palani Road,71,17.43,Free Flow,Clear
2026-01-01 22:49:00,Dindigul Bus Stand,166,46.41,Heavy,Rainy
2026-01-01 23:14:00,Palani Road,178,50.26,Jam,Rainy
2026-01-01 23:17:00,SPM Nagar,71,15.91,Jam,Clear
2026-01-01 23:21:00,SPM Nagar,190,33.9,Moderate,Rainy
2026-01-01 23:39:00,Batlagundu Road,24,17.8,Free Flow,Clear
2026-01-01 23:51:00,Palani Road,22,40.76,Moderate,Cloudy
2026-01-02 00:06:00,Dindigul Bus Stand,163,42.26,Free Flow,Rainy
2026-01-02 00:40:00,Palani Road,31,21.36,Moderate,Clear
2026-01-02 00:40:00,Nagalk Nagar,179,24.68,Moderate,Clear
2026-01-02 00:47:00,SPM Nagar,86,16.82,Free Flow,Cloudy
2026-01-02 00:50:00,Palani Road,114,51.2,Free Flow,Rainy
2026-01-02 00:58:00,RM Colony,124,64.48,Jam,Rainy
2026-01-02 01:08:00,SPM Nagar,120,50.31,Jam,Rainy
2026-01-02 01:11:00,Begampur,69,35.56,Jam,Clear
2026-01-02 01:17:00,SPM Nagar,91,40.83,Heavy,Clear
2026-01-02 01:18:00,SPM Nagar,160,22.74,Heavy,Cloudy
2026-01-02 01:26:00,Natham Road,119,49.03,Moderate,Cloudy
2026-01-02 01:30:00,Palani Road,120,40.35,Jam,Rainy
2026-01-02 01:35:00,Batlagundu Road,139,16.43,Heavy,Cloudy
2026-01-02 01:52:00,SPM Nagar,129,56.84,Heavy,Cloudy
2026-01-02 01:57:00,Oddanchatram Road,156,47.73,Heavy,Rainy
2026-01-02 02:03:00,Begampur,143,52.7,Jam,Rainy
2026-01-02 02:44:00,Nagalk Nagar,144,69.61,Moderate,Clear
2026-01-02 03:09:00,Natham Road,69,17.53,Free Flow,Rainy
2026-01-02 03:12:00,Natham Road,169,38.53,Jam,Rainy
2026-01-02 03:40:00,Begampur,16,45.44,Moderate,Clear
2026-01-02 04:12:00,RM Colony,41,24.95,Moderate,Clear
2026-01-02 04:20:00,Natham Road,189,41.05,Heavy,Cloudy
2026-01-02 04:23:00,Begampur,46,47.49,Jam,Cloudy
2026-01-02 04:23:00,Palani Road,153,60.94,Free Flow,Rainy
2026-01-02 04:59:00,Trichy Road,67,22.27,Free Flow,Cloudy
2026-01-02 05:01:00,Nagalk Nagar,49,26.07,Jam,Rainy
2026-01-02 05:10:00,Trichy Road,122,37.06,Moderate,Rainy
2026-01-02 05:13:00,Batlagundu Road,80,55.95,Jam,Cloudy
2026-01-02 05:36:00,Palani Road,64,51.67,Moderate,Cloudy
2026-01-02 05:39:00,Nagalk Nagar,67,23.1,Jam,Rainy
2026-01-02 05:52:00,Natham Road,197,43.93,Jam,Cloudy
2026-01-02 05:54:00,Begampur,194,33.31,Jam,Cloudy
2026-01-02 05:59:00,Oddanchatram Road,65,35.89,Free Flow,Cloudy
2026-01-02 06:21:00,Batlagundu Road,106,39.06,Free Flow,Rainy
2026-01-02 06:21:00,Dindigul Bus Stand,13,43.71,Free Flow,Clear
2026-01-02 06:24:00,SPM Nagar,96,36.77,Jam,Rainy
2026-01-02 06:42:00,Batlagundu Road,10,66.45,Free Flow,Clear
2026-01-02 06:54:00,Dindigul Bus Stand,140,51.95,Heavy,Cloudy
2026-01-02 07:09:00,Batlagundu Road,96,65.98,Heavy,Cloudy
2026-01-02 07:45:00,Dindigul Bus Stand,36,50.91,Jam,Cloudy
2026-01-02 07:50:00,Palani Road,126,28.2,Heavy,Cloudy
2026-01-02 08:09:00,Natham Road,137,28.45,Moderate,Cloudy
2026-01-02 08:16:00,Natham Road,22,27.3,Heavy,Clear
2026-01-02 08:23:00,Batlagundu Road,43,28.34,Heavy,Clear
2026-01-02 08:25:00,RM Colony,10,44.97,Jam,Rainy
2026-01-02 08:27:00,Trichy Road,153,59.93,Jam,Rainy
2026-01-02 08:34:00,Palani Road,63,32.78,Free Flow,Cloudy
2026-01-02 08:46:00,Nagalk Nagar,158,56.33,Free Flow,Rainy
2026-01-02 09:08:00,Palani Road,47,35.23,Free Flow,Cloudy
2026-01-02 09:14:00,Dindigul Bus Stand,164,32.25,Moderate,Cloudy
2026-01-02 09:30:00,Nagalk Nagar,56,20.03,Heavy,Clear
2026-01-02 09:36:00,Trichy Road,191,53.11,Jam,Rainy
2026-01-02 09:36:00,RM Colony,163,49.82,Free Flow,Clear
2026-01-02 09:42:00,Palani Road,107,31.58,Free Flow,Clear
2026-01-02 09:42:00,Palani Road,128,49.78,Jam,Rainy
2026-01-02 09:47:00,Trichy Road,36,35.3,Moderate,Cloudy
2026-01-02 09:52:00,Dindigul Bus Stand,166,38.73,Moderate,Cloudy
2026-01-02 09:52:00,Oddanchatram Road,122,36.41,Moderate,Rainy
2026-01-02 10:00:00,SPM Nagar,186,33.32,Moderate,Rainy
2026-01-02 10:05:00,Batlagundu Road,109,41.75,Heavy,Rainy
2026-01-02 10:10:00,Begampur,157,54.29,Moderate,Clear
2026-01-02 10:12:00,Dindigul Bus Stand,138,30.08,Free Flow,Rainy
2026-01-02 10:23:00,RM Colony,105,17.89,Free Flow,Clear
2026-01-02 10:24:00,Begampur,170,41.63,Heavy,Clear
2026-01-02 10:24:00,Trichy Road,39,24.95,Jam,Clear
2026-01-02 10:29:00,Dindigul Bus Stand,26,21.21,Moderate,Clear
2026-01-02 10:32:00,Oddanchatram Road,182,61.56,Heavy,Cloudy
2026-01-02 11:05:00,Nagalk Nagar,112,20.84,Jam,Rainy
2026-01-02 11:18:00,Trichy Road,16,57.51,Heavy,Rainy
2026-01-02 11:32:00,Oddanchatram Road,23,56.23,Moderate,Rainy
2026-01-02 11:45:00,Batlagundu Road,80,45.42,Heavy,Clear
2026-01-02 11:50:00,Oddanchatram Road,35,36.12,Jam,Cloudy
2026-01-02 12:02:00,Dindigul Bus Stand,45,33.33,Jam,Cloudy
2026-01-02 12:05:00,Begampur,136,43.82,Jam,Cloudy
2026-01-02 12:14:00,Batlagundu Road,166,41.8,Jam,Rainy
2026-01-02 12:21:00,RM Colony,69,50.21,Moderate,Cloudy
2026-01-02 12:27:00,Palani Road,72,39.91,Moderate,Clear
2026-01-02 12:29:00,Batlagundu Road,118,37.82,Jam,Cloudy
2026-01-02 12:31:00,RM Colony,104,42.17,Free Flow,Cloudy
2026-01-02 12:37:00,Oddanchatram Road,157,20.63,Moderate,Rainy
2026-01-02 12:40:00,Oddanchatram Road,86,29.4,Heavy,Cloudy
2026-01-02 12:41:00,SPM Nagar,149,63.4,Moderate,Rainy
2026-01-02 12:48:00,Oddanchatram Road,116,30.78,Jam,Cloudy
2026-01-02 12:53:00,Dindigul Bus Stand,77,34.35,Jam,Cloudy
2026-01-02 13:02:00,Nagalk Nagar,169,65.91,Jam,Rainy
2026-01-02 13:05:00,SPM Nagar,62,34.79,Heavy,Cloudy
2026-01-02 13:26:00,RM Colony,199,55.95,Jam,Clear
2026-01-02 13:28:00,Trichy Road,112,21.3,Jam,Clear
2026-01-02 13:37:00,Dindigul Bus Stand,193,29.3,Heavy,Rainy
2026-01-02 13:53:00,Trichy Road,116,44.25,Moderate,Rainy
2026-01-02 14:01:00,Batlagundu Road,68,26.72,Jam,Rainy
2026-01-02 14:07:00,Batlagundu Road,153,50.63,Free Flow,Cloudy
2026-01-02 14:20:00,Trichy Road,148,15.18,Free Flow,Rainy
2026-01-02 14:23:00,Natham Road,77,32.08,Moderate,Rainy
2026-01-02 14:37:00,Oddanchatram Road,97,33.02,Free Flow,Rainy
2026-01-02 14:59:00,RM Colony,44,38.01,Jam,Clear
2026-01-02 15:09:00,SPM Nagar,75,22.37,Jam,Rainy
2026-01-02 15:19:00,Nagalk Nagar,55,39.62,Free Flow,Rainy
2026-01-02 15:21:00,Palani Road,68,23.44,Moderate,Cloudy
2026-01-02 15:35:00,Dindigul Bus Stand,130,17.65,Jam,Clear
2026-01-02 15:36:00,Batlagundu Road,50,60.77,Jam,Rainy
2026-01-02 15:37:00,Palani Road,174,69.81,Moderate,Cloudy
2026-01-02 15:56:00,Begampur,195,53.1,Heavy,Rainy
2026-01-02 16:05:00,Palani Road,27,21.9,Free Flow,Cloudy
2026-01-02 16:41:00,SPM Nagar,145,16.37,Free Flow,Clear
2026-01-02 16:42:00,Batlagundu Road,80,28.0,Moderate,Rainy
2026-01-02 17:06:00,RM Colony,61,24.74,Heavy,Clear
2026-01-02 17:35:00,SPM Nagar,169,55.43,Jam,Clear
2026-01-02 17:37:00,Palani Road,29,24.95,Heavy,Clear
2026-01-02 17:40:00,Oddanchatram Road,66,22.3,Jam,Clear
2026-01-02 17:44:00,Dindigul Bus Stand,117,66.9,Jam,Rainy
2026-01-02 17:55:00,Natham Road,106,41.88,Jam,Cloudy
2026-01-02 18:20:00,RM Colony,182,57.69,Free Flow,Cloudy
2026-01-02 18:23:00,SPM Nagar,52,46.17,Jam,Cloudy
2026-01-02 18:25:00,Oddanchatram Road,103,50.73,Heavy,Rainy
2026-01-02 18:29:00,Natham Road,36,32.55,Free Flow,Rainy
2026-01-02 18:41:00,Trichy Road,66,34.89,Heavy,Cloudy
2026-01-02 18:54:00,Trichy Road,24,55.35,Jam,Cloudy
2026-01-02 18:56:00,Palani Road,18,23.02,Moderate,Clear
2026-01-02 18:58:00,Begampur,15,57.59,Jam,Clear
2026-01-02 18:58:00,Begampur,145,25.97,Jam,Cloudy
2026-01-02 19:03:00,Nagalk Nagar,74,65.24,Jam,Cloudy
2026-01-02 19:11:00,Trichy Road,109,40.02,Free Flow,Cloudy
2026-01-02 19:18:00,Begampur,188,45.59,Moderate,Rainy
2026-01-02 19:34:00,Natham Road,181,27.91,Jam,Cloudy
2026-01-02 19:40:00,Trichy Road,180,36.36,Jam,Rainy
2026-01-02 19:45:00,Palani Road,173,57.61,Moderate,Cloudy
2026-01-02 19:55:00,Dindigul Bus Stand,119,38.54,Heavy,Clear
2026-01-02 19:57:00,Begampur,96,16.66,Heavy,Clear
2026-01-02 20:00:00,Nagalk Nagar,27,55.59,Jam,Clear
2026-01-02 20:05:00,Oddanchatram Road,158,65.14,Heavy,Cloudy
2026-01-02 20:19:00,Begampur,14,39.26,Heavy,Clear
2026-01-02 20:20:00,Batlagundu Road,180,50.22,Jam,Clear
2026-01-02 20:27:00,Nagalk Nagar,13,32.32,Free Flow,Cloudy
2026-01-02 20:28:00,Palani Road,70,64.86,Jam,Clear
2026-01-02 20:39:00,Batlagundu Road,120,33.31,Jam,Clear
2026-01-02 20:41:00,Dindigul Bus Stand,103,16.38,Heavy,Cloudy
2026-01-02 20:46:00,Begampur,31,41.88,Moderate,Clear
2026-01-02 20:47:00,Begampur,101,51.38,Moderate,Clear
2026-01-02 20:49:00,Begampur,62,26.31,Heavy,Clear
2026-01-02 21:04:00,Oddanchatram Road,69,33.84,Heavy,Cloudy
2026-01-02 21:17:00,Dindigul Bus Stand,193,57.04,Moderate,Cloudy
2026-01-02 21:19:00,Batlagundu Road,199,40.71,Moderate,Rainy
2026-01-02 21:19:00,RM Colony,45,32.12,Free Flow,Rainy
2026-01-02 21:23:00,Begampur,161,49.33,Moderate,Rainy
2026-01-02 21:31:00,Dindigul Bus Stand,101,40.26,Free Flow,Rainy
2026-01-02 21:33:00,Trichy Road,195,57.13,Jam,Clear
2026-01-02 21:36:00,Trichy Road,40,49.0,Free Flow,Clear
2026-01-02 21:42:00,Trichy Road,181,54.17,Jam,Clear
2026-01-02 21:49:00,Trichy Road,115,65.1,Moderate,Rainy
2026-01-02 22:04:00,Palani Road,39,66.56,Moderate,Rainy
2026-01-02 22:14:00,SPM Nagar,120,60.3,Heavy,Rainy
2026-01-02 22:30:00,Nagalk Nagar,118,18.06,Free Flow,Cloudy
2026-01-02 22:36:00,SPM Nagar,63,21.03,Heavy,Rainy
2026-01-02 22:38:00,Dindigul Bus Stand,74,56.55,Jam,Cloudy
2026-01-02 22:44:00,Oddanchatram Road,70,50.27,Jam,Cloudy
2026-01-02 22:47:00,SPM Nagar,197,26.68,Jam,Clear
2026-01-02 22:48:00,Begampur,105,51.78,Moderate,Rainy
2026-01-02 22:56:00,Nagalk Nagar,162,50.32,Heavy,Rainy
2026-01-02 23:21:00,SPM Nagar,176,31.16,Moderate,Rainy
2026-01-02 23:24:00,Trichy Road,58,17.06,Heavy,Cloudy
2026-01-02 23:34:00,Batlagundu Road,155,30.95,Heavy,Clear
2026-01-02 23:36:00,Batlagundu Road,180,30.65,Moderate,Clear
2026-01-02 23:38:00,Dindigul Bus Stand,196,32.12,Moderate,Rainy
2026-01-02 23:41:00,RM Colony,19,24.63,Heavy,Cloudy
2026-01-02 23:44:00,Batlagundu Road,35,34.97,Jam,Rainy
2026-01-02 23:45:00,SPM Nagar,154,45.53,Moderate,Cloudy
2026-01-02 23:47:00,Oddanchatram Road,64,64.17,Heavy,Rainy
2026-01-03 00:01:00,Oddanchatram Road,118,53.93,Moderate,Rainy
2026-01-03 00:14:00,Begampur,125,61.39,Jam,Clear
2026-01-03 00:20:00,RM Colony,38,49.75,Heavy,Cloudy
2026-01-03 00:36:00,Nagalk Nagar,74,25.67,Moderate,Cloudy
2026-01-03 00:49:00,SPM Nagar,87,36.17,Jam,Cloudy
2026-01-03 01:07:00,Oddanchatram Road,85,45.33,Free Flow,Clear
2026-01-03 01:08:00,RM Colony,144,60.07,Moderate,Rainy
2026-01-03 01:10:00,Begampur,35,66.35,Moderate,Clear
2026-01-03 01:25:00,Nagalk Nagar,157,31.88,Jam,Cloudy
2026-01-03 01:29:00,Batlagundu Road,10,31.97,Free Flow,Clear
2026-01-03 01:29:00,Palani Road,142,59.5,Moderate,Clear
2026-01-03 01:52:00,Trichy Road,138,18.38,Jam,Rainy
2026-01-03 02:14:00,RM Colony,165,56.38,Free Flow,Cloudy
2026-01-03 02:27:00,Dindigul Bus Stand,59,17.34,Free Flow,Rainy
2026-01-03 02:33:00,RM Colony,10,15.8,Jam,Cloudy
2026-01-03 02:52:00,RM Colony,38,69.88,Moderate,Clear
2026-01-03 02:59:00,Batlagundu Road,32,49.41,Moderate,Clear
2026-01-03 03:02:00,Batlagundu Road,172,31.11,Jam,Rainy
2026-01-03 03:43:00,Nagalk Nagar,13,18.44,Moderate,Rainy
2026-01-03 03:44:00,Batlagundu Road,89,56.5,Heavy,Clear
2026-01-03 04:01:00,SPM Nagar,174,54.95,Free Flow,Clear
2026-01-03 04:03:00,Batlagundu Road,11,16.81,Free Flow,Rainy
2026-01-03 04:08:00,Oddanchatram Road,27,66.69,Free Flow,Cloudy
2026-01-03 04:10:00,Palani Road,143,46.98,Moderate,Clear
2026-01-03 04:14:00,Batlagundu Road,13,56.32,Jam,Clear
2026-01-03 04:24:00,RM Colony,50,55.26,Jam,Cloudy
2026-01-03 04:24:00,Oddanchatram Road,84,25.87,Moderate,Rainy
2026-01-03 04:33:00,RM Colony,57,54.05,Jam,Clear
2026-01-03 04:34:00,Batlagundu Road,112,17.85,Moderate,Rainy
2026-01-03 04:36:00,Oddanchatram Road,21,37.24,Moderate,Cloudy
2026-01-03 04:42:00,Palani Road,83,48.44,Free Flow,Rainy
2026-01-03 04:44:00,Natham Road,46,56.88,Heavy,Cloudy
2026-01-03 04:47:00,Batlagundu Road,147,36.83,Heavy,Cloudy
2026-01-03 04:48:00,RM Colony,123,52.74,Heavy,Rainy
2026-01-03 04:58:00,Oddanchatram Road,125,68.31,Heavy,Rainy
2026-01-03 05:09:00,SPM Nagar,163,20.33,Heavy,Clear
2026-01-03 05:10:00,Nagalk Nagar,60,56.0,Moderate,Rainy
2026-01-03 05:35:00,Dindigul Bus Stand,134,33.91,Heavy,Rainy
2026-01-03 05:36:00,Oddanchatram Road,116,32.32,Jam,Clear
2026-01-03 05:47:00,Nagalk Nagar,14,68.62,Free Flow,Clear
2026-01-03 05:51:00,Palani Road,150,40.24,Free Flow,Rainy
2026-01-03 05:54:00,RM Colony,96,49.69,Free Flow,Rainy
2026-01-03 06:00:00,Oddanchatram Road,146,24.78,Heavy,Clear
2026-01-03 06:08:00,Dindigul Bus Stand,112,27.62,Jam,Cloudy
2026-01-03 06:17:00,Dindigul Bus Stand,104,68.76,Moderate,Rainy
2026-01-03 06:22:00,Palani Road,161,24.11,Heavy,Rainy
2026-01-03 06:39:00,Dindigul Bus Stand,178,64.39,Free Flow,Cloudy
2026-01-03 06:48:00,Oddanchatram Road,12,35.12,Jam,Cloudy
2026-01-03 06:52:00,Palani Road,38,66.42,Jam,Clear
2026-01-03 07:17:00,Begampur,103,61.58,Jam,Rainy
2026-01-03 07:19:00,Palani Road,164,46.63,Moderate,Clear
2026-01-03 07:22:00,Oddanchatram Road,181,16.02,Jam,Clear
2026-01-03 07:29:00,Nagalk Nagar,181,41.55,Moderate,Clear
2026-01-03 07:44:00,Oddanchatram Road,42,34.29,Free Flow,Clear
2026-01-03 07:46:00,Nagalk Nagar,29,29.59,Jam,Rainy
2026-01-03 07:48:00,Natham Road,83,27.46,Jam,Rainy
2026-01-03 07:52:00,Trichy Road,12,47.42,Free Flow,Clear
2026-01-03 07:58:00,Batlagundu Road,144,55.94,Jam,Cloudy
2026-01-03 07:59:00,Nagalk Nagar,32,42.45,Heavy,Rainy
2026-01-03 08:05:00,Trichy Road,121,27.53,Jam,Cloudy
2026-01-03 08:08:00,Trichy Road,199,50.64,Heavy,Cloudy
2026-01-03 08:14:00,Begampur,33,58.85,Heavy,Rainy
2026-01-03 08:18:00,Trichy Road,110,38.55,Free Flow,Rainy
2026-01-03 08:19:00,Natham Road,29,47.73,Free Flow,Cloudy
2026-01-03 08:21:00,Nagalk Nagar,139,55.83,Moderate,Cloudy
2026-01-03 08:28:00,Dindigul Bus Stand,147,21.62,Heavy,Rainy
2026-01-03 08:50:00,Natham Road,172,28.74,Heavy,Clear
2026-01-03 08:55:00,Dindigul Bus Stand,31,64.63,Free Flow,Cloudy
2026-01-03 09:04:00,SPM Nagar,22,15.71,Jam,Rainy
2026-01-03 09:32:00,Oddanchatram Road,77,55.6,Moderate,Cloudy
2026-01-03 09:35:00,Batlagundu Road,159,52.0,Jam,Cloudy
2026-01-03 09:48:00,Begampur,180,22.0,Jam,Cloudy
2026-01-03 09:51:00,Palani Road,157,40.46,Free Flow,Cloudy
2026-01-03 10:10:00,RM Colony,71,53.03,Jam,Rainy
2026-01-03 10:14:00,Trichy Road,150,32.34,Moderate,Rainy
2026-01-03 10:25:00,SPM Nagar,72,53.19,Heavy,Cloudy
2026-01-03 10:29:00,RM Colony,192,59.3,Moderate,Cloudy
2026-01-03 10:56:00,SPM Nagar,164,19.48,Moderate,Cloudy
2026-01-03 10:57:00,SPM Nagar,62,51.21,Free Flow,Rainy
2026-01-03 11:07:00,Oddanchatram Road,17,65.84,Heavy,Rainy
2026-01-03 11:18:00,SPM Nagar,107,46.39,Jam,Rainy
2026-01-03 11:21:00,Batlagundu Road,116,33.87,Heavy,Clear
2026-01-03 11:21:00,Palani Road,65,62.39,Jam,Clear
2026-01-03 11:21:00,Dindigul Bus Stand,140,58.95,Moderate,Rainy
2026-01-03 11:23:00,Oddanchatram Road,100,23.67,Heavy,Clear
2026-01-03 11:24:00,Nagalk Nagar,146,61.36,Jam,Cloudy
2026-01-03 11:36:00,SPM Nagar,175,69.22,Moderate,Cloudy
2026-01-03 11:38:00,Trichy Road,166,27.43,Jam,Cloudy
2026-01-03 11:41:00,Oddanchatram Road,53,22.69,Free Flow,Rainy
2026-01-03 11:45:00,RM Colony,116,48.75,Free Flow,Rainy
2026-01-03 11:49:00,Dindigul Bus Stand,111,25.78,Jam,Clear
2026-01-03 11:53:00,Trichy Road,72,39.1,Jam,Cloudy
2026-01-03 11:55:00,RM Colony,191,33.95,Free Flow,Clear
2026-01-03 12:03:00,RM Colony,166,15.83,Heavy,Clear
2026-01-03 12:07:00,RM Colony,126,35.59,Jam,Cloudy
2026-01-03 12:07:00,Begampur,134,28.68,Jam,Clear
2026-01-03 12:10:00,RM Colony,131,28.0,Moderate,Rainy
2026-01-03 12:12:00,SPM Nagar,13,61.61,Jam,Cloudy
2026-01-03 12:17:00,Nagalk Nagar,114,20.09,Free Flow,Cloudy
2026-01-03 12:23:00,Trichy Road,183,32.01,Jam,Cloudy
2026-01-03 12:30:00,Dindigul Bus Stand,131,59.2,Jam,Rainy
2026-01-03 12:47:00,RM Colony,24,37.97,Jam,Cloudy
2026-01-03 13:01:00,Palani Road,146,63.47,Free Flow,Rainy
2026-01-03 13:02:00,Palani Road,42,42.36,Heavy,Rainy
2026-01-03 13:08:00,Oddanchatram Road,182,58.44,Free Flow,Clear
2026-01-03 13:15:00,Natham Road,81,19.51,Heavy,Rainy
2026-01-03 13:37:00,Begampur,153,28.63,Free Flow,Clear
2026-01-03 13:53:00,Dindigul Bus Stand,67,60.25,Free Flow,Cloudy
2026-01-03 13:56:00,RM Colony,69,31.07,Jam,Rainy
2026-01-03 14:01:00,Trichy Road,151,32.07,Heavy,Rainy
2026-01-03 14:05:00,SPM Nagar,19,19.57,Free Flow,Clear
2026-01-03 14:10:00,Begampur,19,21.59,Moderate,Clear
2026-01-03 14:29:00,Palani Road,20,20.4,Free Flow,Cloudy
2026-01-03 14:30:00,Dindigul Bus Stand,178,38.79,Jam,Cloudy
2026-01-03 14:34:00,Trichy Road,142,35.83,Moderate,Cloudy
2026-01-03 14:43:00,Trichy Road,143,48.11,Jam,Cloudy
2026-01-03 14:57:00,Dindigul Bus Stand,25,53.57,Jam,Clear
2026-01-03 15:02:00,RM Colony,106,43.43,Heavy,Clear
2026-01-03 15:08:00,RM Colony,17,27.31,Moderate,Clear
2026-01-03 15:16:00,Nagalk Nagar,88,25.62,Free Flow,Clear
2026-01-03 15:33:00,Batlagundu Road,115,66.21,Heavy,Clear
2026-01-03 15:43:00,Begampur,148,64.36,Heavy,Clear
2026-01-03 15:45:00,SPM Nagar,145,34.59,Free Flow,Clear
2026-01-03 15:54:00,SPM Nagar,177,41.6,Heavy,Clear
2026-01-03 15:58:00,RM Colony,77,50.05,Jam,Cloudy
2026-01-03 16:01:00,Dindigul Bus Stand,79,66.65,Moderate,Rainy
2026-01-03 16:04:00,Begampur,106,60.35,Moderate,Cloudy
2026-01-03 16:11:00,Batlagundu Road,28,20.45,Moderate,Clear
2026-01-03 16:15:00,Dindigul Bus Stand,86,16.29,Moderate,Cloudy
2026-01-03 16:19:00,RM Colony,82,24.88,Free Flow,Rainy
2026-01-03 16:19:00,Trichy Road,37,50.88,Jam,Rainy
2026-01-03 16:30:00,Oddanchatram Road,44,46.39,Heavy,Clear
2026-01-03 16:51:00,RM Colony,44,22.65,Free Flow,Cloudy
2026-01-03 16:54:00,Batlagundu Road,32,49.84,Jam,Clear
2026-01-03 17:04:00,Nagalk Nagar,120,24.44,Free Flow,Cloudy
2026-01-03 17:07:00,Begampur,173,58.49,Heavy,Clear
2026-01-03 17:13:00,Oddanchatram Road,91,66.44,Jam,Clear
2026-01-03 17:27:00,Natham Road,55,61.38,Moderate,Clear
2026-01-03 17:32:00,Begampur,177,19.16,Heavy,Rainy
2026-01-03 17:42:00,RM Colony,117,15.02,Heavy,Cloudy
2026-01-03 17:50:00,Palani Road,168,15.53,Jam,Clear
2026-01-03 17:52:00,Nagalk Nagar,121,23.16,Free Flow,Cloudy
2026-01-03 17:58:00,Oddanchatram Road,164,50.22,Heavy,Rainy
2026-01-03 19:04:00,Begampur,134,61.13,Free Flow,Clear
2026-01-03 19:11:00,Nagalk Nagar,112,51.52,Free Flow,Clear
2026-01-03 19:11:00,Oddanchatram Road,176,66.99,Moderate,Cloudy
2026-01-03 19:12:00,Natham Road,190,18.08,Free Flow,Clear
2026-01-03 19:15:00,Trichy Road,79,28.63,Jam,Clear
2026-01-03 19:19:00,Begampur,34,15.61,Moderate,Cloudy
2026-01-03 19:20:00,Nagalk Nagar,90,44.44,Jam,Cloudy
2026-01-03 19:26:00,Batlagundu Road,114,39.95,Heavy,Rainy
2026-01-03 19:43:00,Natham Road,156,26.84,Moderate,Cloudy
2026-01-03 20:03:00,Trichy Road,142,21.19,Moderate,Rainy
2026-01-03 20:05:00,Nagalk Nagar,97,33.37,Jam,Clear
2026-01-03 20:07:00,Begampur,49,16.62,Free Flow,Rainy
2026-01-03 20:11:00,Nagalk Nagar,38,32.15,Free Flow,Cloudy
2026-01-03 20:25:00,Oddanchatram Road,125,54.0,Heavy,Cloudy
2026-01-03 20:33:00,Natham Road,101,27.22,Moderate,Cloudy
2026-01-03 20:35:00,Trichy Road,147,16.29,Free Flow,Cloudy
2026-01-03 20:50:00,Batlagundu Road,65,26.14,Jam,Clear
2026-01-03 20:53:00,Natham Road,57,59.2,Jam,Clear
2026-01-03 21:09:00,Palani Road,154,18.68,Jam,Clear
2026-01-03 21:12:00,SPM Nagar,94,46.6,Free Flow,Clear
2026-01-03 21:15:00,Dindigul Bus Stand,176,66.81,Free Flow,Clear
2026-01-03 21:26:00,Trichy Road,154,53.25,Moderate,Cloudy
2026-01-03 21:27:00,Batlagundu Road,159,17.6,Moderate,Cloudy
2026-01-03 21:30:00,Oddanchatram Road,58,32.34,Jam,Clear
2026-01-03 21:31:00,SPM Nagar,136,32.86,Heavy,Rainy
2026-01-03 21:32:00,Palani Road,138,30.75,Free Flow,Cloudy
2026-01-03 21:35:00,Batlagundu Road,157,35.05,Free Flow,Cloudy
2026-01-03 21:46:00,Begampur,190,65.75,Moderate,Rainy
2026-01-03 21:46:00,Trichy Road,71,37.87,Moderate,Clear
2026-01-03 21:47:00,Palani Road,24,24.46,Free Flow,Cloudy
2026-01-03 22:00:00,Trichy Road,32,31.32,Jam,Clear
2026-01-03 22:18:00,RM Colony,155,69.48,Moderate,Clear
2026-01-03 22:31:00,Natham Road,83,21.81,Heavy,Clear
2026-01-03 23:03:00,SPM Nagar,131,58.4,Heavy,Rainy
2026-01-03 23:25:00,Nagalk Nagar,139,27.27,Heavy,Rainy
2026-01-03 23:38:00,Nagalk Nagar,55,16.92,Moderate,Clear
2026-01-03 23:41:00,Trichy Road,193,23.16,Heavy,Cloudy
2026-01-03 23:47:00,Oddanchatram Road,67,28.06,Free Flow,Rainy
2026-01-03 23:55:00,Palani Road,21,32.87,Free Flow,Clear
2026-01-04 00:09:00,Batlagundu Road,124,33.92,Heavy,Cloudy
2026-01-04 00:16:00,Dindigul Bus Stand,32,44.66,Heavy,Rainy
2026-01-04 00:28:00,Trichy Road,19,27.73,Heavy,Rainy
2026-01-04 00:30:00,Oddanchatram Road,176,58.37,Moderate,Rainy
2026-01-04 00:52:00,Palani Road,100,62.61,Jam,Clear
2026-01-04 01:00:00,Oddanchatram Road,194,68.49,Free Flow,Rainy
2026-01-04 01:02:00,Nagalk Nagar,131,35.36,Moderate,Clear
2026-01-04 01:05:00,Batlagundu Road,11,47.19,Moderate,Rainy
2026-01-04 01:09:00,Palani Road,144,66.23,Jam,Cloudy
2026-01-04 01:35:00,SPM Nagar,172,38.44,Heavy,Clear
2026-01-04 01:47:00,Begampur,14,32.76,Jam,Clear
2026-01-04 01:58:00,Nagalk Nagar,106,32.49,Moderate,Clear
2026-01-04 01:58:00,Nagalk Nagar,51,67.7,Heavy,Rainy
2026-01-04 02:00:00,Natham Road,163,52.97,Jam,Clear
2026-01-04 02:05:00,Oddanchatram Road,28,66.8,Heavy,Rainy
2026-01-04 02:13:00,Dindigul Bus Stand,185,36.72,Jam,Clear
2026-01-04 02:22:00,Nagalk Nagar,93,32.4,Free Flow,Cloudy
2026-01-04 02:23:00,Begampur,29,29.8,Free Flow,Cloudy
2026-01-04 02:41:00,Palani Road,172,69.41,Jam,Clear
2026-01-04 02:43:00,Begampur,94,48.88,Free Flow,Clear
2026-01-04 02:53:00,Palani Road,136,23.84,Free Flow,Rainy
2026-01-04 02:56:00,Trichy Road,29,28.67,Heavy,Cloudy
2026-01-04 02:58:00,SPM Nagar,193,34.15,Free Flow,Rainy
2026-01-04 03:02:00,Begampur,137,15.85,Free Flow,Clear
2026-01-04 03:07:00,Nagalk Nagar,62,54.91,Jam,Cloudy
2026-01-04 03:25:00,Batlagundu Road,37,48.82,Jam,Rainy
2026-01-04 03:26:00,Oddanchatram Road,88,59.74,Jam,Cloudy
2026-01-04 03:36:00,Trichy Road,70,42.81,Free Flow,Cloudy
2026-01-04 03:37:00,SPM Nagar,160,21.77,Free Flow,Cloudy
2026-01-04 03:51:00,Natham Road,86,45.32,Moderate,Clear
2026-01-04 04:03:00,Palani Road,31,51.01,Moderate,Rainy
2026-01-04 04:04:00,Batlagundu Road,27,21.11,Free Flow,Cloudy
2026-01-04 04:20:00,Natham Road,136,58.3,Free Flow,Cloudy
2026-01-04 04:25:00,Oddanchatram Road,148,69.83,Heavy,Clear
2026-01-04 04:31:00,SPM Nagar,38,15.26,Jam,Cloudy
2026-01-04 04:34:00,Natham Road,106,30.11,Jam,Rainy
2026-01-04 04:47:00,Nagalk Nagar,150,16.45,Free Flow,Cloudy
2026-01-04 04:53:00,Dindigul Bus Stand,74,53.3,Moderate,Cloudy
2026-01-04 05:07:00,Natham Road,184,54.53,Moderate,Clear
2026-01-04 05:25:00,RM Colony,125,46.54,Free Flow,Clear
2026-01-04 05:50:00,Oddanchatram Road,180,34.17,Moderate,Clear
2026-01-04 06:14:00,Nagalk Nagar,39,60.13,Free Flow,Cloudy
2026-01-04 06:15:00,Begampur,158,23.33,Moderate,Cloudy
2026-01-04 06:26:00,Trichy Road,19,35.65,Free Flow,Cloudy
2026-01-04 06:27:00,Natham Road,178,42.68,Moderate,Clear
2026-01-04 06:31:00,Begampur,104,38.03,Heavy,Cloudy
2026-01-04 06:32:00,Natham Road,147,51.76,Free Flow,Cloudy
2026-01-04 07:09:00,Begampur,147,24.38,Free Flow,Rainy
2026-01-04 07:27:00,Begampur,195,21.59,Jam,Rainy
2026-01-04 08:00:00,SPM Nagar,127,49.64,Free Flow,Cloudy
2026-01-04 08:06:00,Batlagundu Road,146,21.53,Heavy,Rainy
2026-01-04 08:10:00,RM Colony,18,59.68,Moderate,Cloudy
2026-01-04 08:11:00,Oddanchatram Road,95,21.83,Free Flow,Cloudy
2026-01-04 08:13:00,Dindigul Bus Stand,129,59.24,Jam,Cloudy
2026-01-04 08:28:00,Oddanchatram Road,175,65.82,Jam,Rainy
2026-01-04 08:36:00,Dindigul Bus Stand,186,66.81,Free Flow,Clear
2026-01-04 08:42:00,SPM Nagar,157,28.21,Moderate,Cloudy
2026-01-04 09:04:00,Natham Road,23,28.79,Moderate,Rainy
2026-01-04 09:09:00,Dindigul Bus Stand,23,53.87,Moderate,Rainy
2026-01-04 09:13:00,RM Colony,58,68.98,Free Flow,Cloudy
2026-01-04 09:32:00,Dindigul Bus Stand,197,39.97,Free Flow,Rainy
2026-01-04 09:36:00,Nagalk Nagar,171,46.45,Jam,Rainy
2026-01-04 09:46:00,Palani Road,115,17.11,Heavy,Rainy
2026-01-04 10:03:00,Dindigul Bus Stand,83,25.56,Free Flow,Rainy
2026-01-04 10:04:00,Batlagundu Road,176,58.02,Heavy,Rainy
2026-01-04 10:19:00,Begampur,33,36.82,Moderate,Cloudy
2026-01-04 10:33:00,Batlagundu Road,171,69.29,Moderate,Rainy
2026-01-04 10:33:00,RM Colony,121,59.93,Jam,Rainy
2026-01-04 10:34:00,Trichy Road,17,58.27,Free Flow,Clear
2026-01-04 10:59:00,Natham Road,139,19.71,Free Flow,Cloudy
2026-01-04 11:02:00,Nagalk Nagar,195,66.67,Free Flow,Clear
2026-01-04 11:36:00,Nagalk Nagar,40,58.81,Free Flow,Rainy
2026-01-04 12:10:00,Oddanchatram Road,68,25.13,Moderate,Clear
2026-01-04 12:12:00,Nagalk Nagar,44,36.06,Free Flow,Cloudy
2026-01-04 12:14:00,Palani Road,181,68.25,Free Flow,Clear
2026-01-04 12:36:00,Dindigul Bus Stand,56,18.5,Jam,Clear
2026-01-04 12:37:00,RM Colony,77,30.25,Free Flow,Rainy
2026-01-04 12:52:00,Natham Road,36,25.62,Moderate,Cloudy
2026-01-04 13:10:00,Trichy Road,129,44.77,Moderate,Clear
2026-01-04 13:28:00,Trichy Road,158,34.92,Free Flow,Cloudy
2026-01-04 13:29:00,Dindigul Bus Stand,56,23.77,Heavy,Cloudy
2026-01-04 13:39:00,Begampur,127,47.21,Moderate,Clear
2026-01-04 13:43:00,Batlagundu Road,89,22.13,Jam,Rainy
2026-01-04 14:04:00,Palani Road,89,20.15,Moderate,Cloudy
2026-01-04 14:04:00,Oddanchatram Road,28,58.6,Jam,Rainy
2026-01-04 14:05:00,Dindigul Bus Stand,188,61.26,Jam,Clear
2026-01-04 14:08:00,Dindigul Bus Stand,125,38.18,Jam,Cloudy
2026-01-04 14:17:00,SPM Nagar,130,21.86,Free Flow,Rainy
2026-01-04 14:27:00,Begampur,99,24.67,Jam,Rainy
2026-01-04 14:28:00,Oddanchatram Road,150,48.42,Free Flow,Clear
2026-01-04 14:43:00,Nagalk Nagar,61,26.53,Free Flow,Clear
2026-01-04 14:47:00,Oddanchatram Road,22,45.04,Free Flow,Rainy
2026-01-04 14:55:00,Oddanchatram Road,54,25.51,Free Flow,Rainy
2026-01-04 14:56:00,Natham Road,149,29.79,Moderate,Rainy
2026-01-04 14:59:00,Dindigul Bus Stand,130,59.97,Moderate,Rainy
2026-01-04 15:14:00,RM Colony,148,60.76,Heavy,Rainy
2026-01-04 15:39:00,RM Colony,100,60.8,Jam,Rainy
2026-01-04 15:50:00,SPM Nagar,96,40.46,Moderate,Rainy
2026-01-04 15:54:00,Nagalk Nagar,100,49.98,Moderate,Rainy
2026-01-04 16:12:00,SPM Nagar,171,46.84,Moderate,Cloudy
2026-01-04 16:18:00,Begampur,195,18.13,Free Flow,Rainy
2026-01-04 16:19:00,Nagalk Nagar,121,48.07,Free Flow,Cloudy
2026-01-04 16:47:00,SPM Nagar,190,48.93,Heavy,Cloudy
2026-01-04 16:54:00,SPM Nagar,103,26.13,Free Flow,Clear
2026-01-04 17:02:00,Batlagundu Road,153,27.11,Jam,Clear
2026-01-04 17:18:00,Batlagundu Road,119,18.88,Moderate,Clear
2026-01-04 17:20:00,Trichy Road,162,31.11,Free Flow,Cloudy
2026-01-04 17:47:00,Begampur,136,50.21,Heavy,Cloudy
2026-01-04 18:25:00,Nagalk Nagar,99,37.85,Free Flow,Rainy
2026-01-04 18:53:00,RM Colony,33,64.43,Jam,Cloudy
2026-01-04 19:08:00,Nagalk Nagar,180,38.89,Jam,Rainy
2026-01-04 19:22:00,Nagalk Nagar,113,35.33,Heavy,Cloudy
2026-01-04 19:32:00,Oddanchatram Road,40,66.92,Jam,Cloudy
2026-01-04 19:39:00,Trichy Road,135,29.21,Jam,Cloudy
2026-01-04 19:42:00,Batlagundu Road,133,64.42,Free Flow,Cloudy
2026-01-04 19:59:00,Batlagundu Road,84,51.72,Free Flow,Cloudy
2026-01-04 20:12:00,RM Colony,80,44.25,Free Flow,Rainy
2026-01-04 20:25:00,Dindigul Bus Stand,99,68.48,Free Flow,Cloudy
2026-01-04 20:26:00,Natham Road,84,50.85,Heavy,Cloudy
2026-01-04 20:48:00,Batlagundu Road,182,61.5,Jam,Cloudy
2026-01-04 21:02:00,Oddanchatram Road,155,34.48,Free Flow,Clear
2026-01-04 21:02:00,Trichy Road,116,63.71,Moderate,Rainy
2026-01-04 21:10:00,Oddanchatram Road,149,55.05,Free Flow,Cloudy
2026-01-04 21:14:00,Nagalk Nagar,58,58.58,Jam,Clear
2026-01-04 21:19:00,SPM Nagar,141,64.79,Jam,Cloudy
2026-01-04 21:30:00,Dindigul Bus Stand,34,57.65,Moderate,Clear
2026-01-04 21:34:00,Batlagundu Road,161,50.86,Moderate,Clear
2026-01-04 21:37:00,Oddanchatram Road,190,56.54,Moderate,Clear
2026-01-04 21:55:00,Oddanchatram Road,177,38.45,Moderate,Clear
2026-01-04 21:57:00,Natham Road,82,33.79,Moderate,Rainy
2026-01-04 21:58:00,Batlagundu Road,60,20.09,Jam,Cloudy
2026-01-04 22:03:00,Natham Road,45,16.52,Jam,Rainy
2026-01-04 22:07:00,Begampur,97,15.49,Heavy,Clear
2026-01-04 22:28:00,SPM Nagar,67,23.05,Heavy,Rainy
2026-01-04 22:30:00,RM Colony,145,29.59,Free Flow,Rainy
2026-01-04 22:34:00,Dindigul Bus Stand,174,36.22,Jam,Rainy
2026-01-04 22:34:00,Dindigul Bus Stand,179,33.25,Heavy,Rainy
2026-01-04 22:38:00,Oddanchatram Road,164,23.26,Moderate,Rainy
2026-01-04 22:38:00,Dindigul Bus Stand,130,60.86,Free Flow,Clear
2026-01-04 22:43:00,SPM Nagar,36,27.68,Heavy,Cloudy
2026-01-04 22:45:00,SPM Nagar,56,57.0,Moderate,Clear
2026-01-04 22:53:00,Begampur,25,20.38,Moderate,Clear
2026-01-04 23:19:00,Palani Road,55,67.48,Moderate,Rainy
2026-01-04 23:19:00,Dindigul Bus Stand,177,23.81,Heavy,Clear
2026-01-04 23:39:00,Dindigul Bus Stand,68,22.22,Jam,Cloudy
2026-01-04 23:50:00,RM Colony,94,58.06,Heavy,Cloudy
2026-01-04 23:57:00,Trichy Road,127,52.8,Free Flow,Cloudy
2026-01-05 00:07:00,Oddanchatram Road,176,63.43,Jam,Rainy
2026-01-05 00:09:00,Natham Road,133,37.59,Jam,Rainy
2026-01-05 00:13:00,Begampur,48,58.44,Free Flow,Clear
2026-01-05 00:14:00,Batlagundu Road,128,17.71,Free Flow,Rainy
2026-01-05 00:40:00,Natham Road,43,33.29,Jam,Rainy
2026-01-05 01:19:00,Oddanchatram Road,10,33.94,Free Flow,Cloudy
2026-01-05 01:42:00,Nagalk Nagar,54,55.59,Heavy,Rainy
2026-01-05 01:45:00,Natham Road,57,31.89,Heavy,Cloudy
2026-01-05 01:45:00,Nagalk Nagar,79,42.32,Jam,Rainy
2026-01-05 01:57:00,Dindigul Bus Stand,180,27.72,Heavy,Clear
2026-01-05 02:07:00,RM Colony,64,64.97,Jam,Clear
2026-01-05 02:11:00,Oddanchatram Road,110,69.93,Moderate,Cloudy
2026-01-05 02:32:00,Oddanchatram Road,23,21.76,Heavy,Rainy
2026-01-05 02:46:00,Begampur,96,48.38,Heavy,Clear
2026-01-05 02:53:00,Oddanchatram Road,168,39.88,Heavy,Clear
2026-01-05 03:01:00,SPM Nagar,88,47.16,Free Flow,Rainy
2026-01-05 03:08:00,Natham Road,17,33.31,Moderate,Cloudy
2026-01-05 03:08:00,Batlagundu Road,111,37.19,Free Flow,Cloudy
2026-01-05 03:09:00,Nagalk Nagar,128,56.51,Jam,Rainy
2026-01-05 03:21:00,Oddanchatram Road,16,54.03,Free Flow,Clear
2026-01-05 03:24:00,SPM Nagar,63,41.31,Free Flow,Rainy
2026-01-05 03:33:00,SPM Nagar,89,60.79,Heavy,Cloudy
2026-01-05 03:35:00,Dindigul Bus Stand,95,40.4,Heavy,Cloudy
2026-01-05 03:41:00,Natham Road,147,36.75,Jam,Rainy
2026-01-05 03:42:00,Palani Road,84,52.92,Free Flow,Cloudy
2026-01-05 03:43:00,RM Colony,158,50.02,Free Flow,Clear
2026-01-05 03:48:00,Palani Road,43,35.36,Jam,Rainy
2026-01-05 03:54:00,RM Colony,28,52.04,Jam,Rainy
2026-01-05 04:04:00,SPM Nagar,187,46.59,Jam,Rainy
2026-01-05 04:20:00,Begampur,199,41.35,Free Flow,Clear
2026-01-05 05:03:00,Batlagundu Road,179,67.29,Moderate,Rainy
2026-01-05 05:10:00,Nagalk Nagar,172,19.55,Free Flow,Rainy
2026-01-05 05:15:00,Nagalk Nagar,180,18.1,Moderate,Cloudy
2026-01-05 05:19:00,Oddanchatram Road,83,36.87,Free Flow,Rainy
2026-01-05 05:33:00,Nagalk Nagar,60,25.34,Moderate,Cloudy
2026-01-05 05:47:00,Palani Road,65,36.82,Moderate,Cloudy
2026-01-05 06:02:00,Batlagundu Road,61,63.19,Heavy,Rainy
2026-01-05 06:05:00,Dindigul Bus Stand,158,34.54,Jam,Clear
2026-01-05 06:12:00,Oddanchatram Road,30,22.3,Moderate,Cloudy
2026-01-05 06:12:00,Begampur,162,48.89,Jam,Cloudy
2026-01-05 06:21:00,Oddanchatram Road,161,20.91,Moderate,Rainy
2026-01-05 06:36:00,Oddanchatram Road,128,57.1,Moderate,Cloudy
2026-01-05 07:07:00,Trichy Road,193,45.31,Free Flow,Cloudy
2026-01-05 07:16:00,Batlagundu Road,23,61.49,Moderate,Rainy
2026-01-05 07:18:00,Trichy Road,183,22.61,Moderate,Cloudy
2026-01-05 07:18:00,Palani Road,190,23.84,Jam,Clear
2026-01-05 07:45:00,Batlagundu Road,82,20.3,Heavy,Cloudy
2026-01-05 07:52:00,Natham Road,97,59.01,Heavy,Cloudy
2026-01-05 08:14:00,RM Colony,169,18.49,Free Flow,Clear
2026-01-05 08:17:00,Begampur,81,46.98,Free Flow,Rainy
2026-01-05 08:20:00,Natham Road,51,37.37,Moderate,Clear
2026-01-05 08:26:00,Dindigul Bus Stand,58,62.82,Free Flow,Rainy
2026-01-05 08:36:00,SPM Nagar,192,65.3,Moderate,Rainy
2026-01-05 08:56:00,RM Colony,139,28.52,Heavy,Clear
2026-01-05 08:56:00,SPM Nagar,123,55.41,Free Flow,Cloudy
2026-01-05 09:03:00,SPM Nagar,116,66.84,Free Flow,Rainy
2026-01-05 09:12:00,SPM Nagar,104,26.45,Jam,Clear
2026-01-05 09:15:00,Palani Road,198,62.31,Jam,Rainy
2026-01-05 09:43:00,Oddanchatram Road,194,35.27,Moderate,Clear
2026-01-05 09:49:00,Trichy Road,145,40.91,Moderate,Cloudy
2026-01-05 09:50:00,Oddanchatram Road,100,35.51,Heavy,Rainy
2026-01-05 10:14:00,Trichy Road,109,48.53,Heavy,Clear
2026-01-05 10:24:00,Trichy Road,41,33.13,Heavy,Clear
2026-01-05 10:26:00,Dindigul Bus Stand,86,33.12,Moderate,Rainy
2026-01-05 10:35:00,Batlagundu Road,29,33.98,Heavy,Rainy
2026-01-05 10:38:00,Trichy Road,140,60.49,Free Flow,Cloudy
2026-01-05 10:44:00,Begampur,188,41.27,Moderate,Clear
2026-01-05 11:13:00,RM Colony,147,26.72,Free Flow,Cloudy
2026-01-05 11:29:00,Trichy Road,196,54.89,Moderate,Clear
2026-01-05 11:33:00,Batlagundu Road,166,22.02,Heavy,Cloudy
2026-01-05 11:40:00,Natham Road,44,52.28,Moderate,Rainy
2026-01-05 11:59:00,Batlagundu Road,176,58.18,Jam,Rainy
2026-01-05 12:28:00,Dindigul Bus Stand,35,64.98,Free Flow,Clear
2026-01-05 12:30:00,Trichy Road,171,60.43,Moderate,Cloudy
2026-01-05 12:37:00,Batlagundu Road,106,67.16,Free Flow,Clear
2026-01-05 12:47:00,SPM Nagar,66,36.6,Jam,Rainy
2026-01-05 12:59:00,Begampur,34,20.13,Jam,Rainy
2026-01-05 13:04:00,Natham Road,179,59.09,Moderate,Cloudy
2026-01-05 13:05:00,Natham Road,81,27.71,Free Flow,Cloudy
2026-01-05 13:05:00,Oddanchatram Road,171,61.11,Heavy,Clear
2026-01-05 13:08:00,Dindigul Bus Stand,79,35.61,Moderate,Rainy
2026-01-05 13:09:00,RM Colony,195,31.18,Free Flow,Rainy
2026-01-05 13:18:00,Nagalk Nagar,75,31.29,Jam,Cloudy
2026-01-05 13:52:00,RM Colony,120,53.72,Heavy,Clear
2026-01-05 13:56:00,Dindigul Bus Stand,137,56.97,Moderate,Cloudy
2026-01-05 13:59:00,Trichy Road,110,36.02,Free Flow,Clear
2026-01-05 14:10:00,Nagalk Nagar,171,48.2,Heavy,Clear
2026-01-05 14:17:00,Natham Road,23,29.9,Jam,Cloudy
2026-01-05 14:27:00,Trichy Road,157,52.2,Heavy,Cloudy
2026-01-05 14:40:00,Natham Road,152,22.99,Jam,Rainy
2026-01-05 15:01:00,Batlagundu Road,77,38.13,Heavy,Clear
2026-01-05 15:25:00,Palani Road,169,15.93,Free Flow,Rainy
2026-01-05 15:47:00,RM Colony,76,61.53,Free Flow,Cloudy
2026-01-05 15:48:00,Nagalk Nagar,11,66.07,Moderate,Cloudy
2026-01-05 15:57:00,RM Colony,68,68.01,Heavy,Rainy
2026-01-05 16:07:00,Palani Road,110,25.14,Free Flow,Cloudy
2026-01-05 16:12:00,Natham Road,117,29.71,Jam,Cloudy
2026-01-05 16:12:00,RM Colony,190,69.88,Heavy,Clear
2026-01-05 16:31:00,Palani Road,140,38.23,Heavy,Rainy
2026-01-05 16:36:00,Oddanchatram Road,133,31.39,Jam,Clear
2026-01-05 16:45:00,Nagalk Nagar,193,28.62,Moderate,Cloudy
2026-01-05 16:57:00,SPM Nagar,174,44.72,Free Flow,Cloudy
2026-01-05 16:59:00,Begampur,59,17.64,Moderate,Rainy
2026-01-05 17:00:00,Palani Road,65,34.96,Jam,Cloudy
2026-01-05 17:06:00,Dindigul Bus Stand,124,18.16,Moderate,Rainy
2026-01-05 17:17:00,Natham Road,24,45.14,Free Flow,Cloudy
2026-01-05 17:18:00,Batlagundu Road,183,39.96,Moderate,Rainy
2026-01-05 17:19:00,Oddanchatram Road,167,69.52,Moderate,Rainy
2026-01-05 17:34:00,Batlagundu Road,78,58.36,Free Flow,Clear
2026-01-05 17:54:00,Dindigul Bus Stand,173,39.79,Free Flow,Rainy
2026-01-05 18:14:00,RM Colony,89,56.89,Jam,Rainy
2026-01-05 18:46:00,Batlagundu Road,182,52.93,Free Flow,Rainy
2026-01-05 18:56:00,Trichy Road,91,17.39,Moderate,Clear
2026-01-05 18:57:00,Palani Road,138,51.6,Jam,Rainy
2026-01-05 19:06:00,Oddanchatram Road,14,60.29,Free Flow,Clear
2026-01-05 19:14:00,Nagalk Nagar,149,15.55,Free Flow,Clear
2026-01-05 19:34:00,Natham Road,148,67.59,Moderate,Clear
2026-01-05 19:45:00,Palani Road,114,35.92,Free Flow,Cloudy
2026-01-05 19:49:00,Palani Road,46,43.9,Heavy,Cloudy
2026-01-05 20:16:00,Nagalk Nagar,109,61.05,Free Flow,Cloudy
2026-01-05 20:33:00,RM Colony,42,59.01,Jam,Rainy
2026-01-05 20:36:00,Dindigul Bus Stand,186,16.92,Moderate,Rainy
2026-01-05 20:37:00,Begampur,171,50.05,Free Flow,Clear
2026-01-05 20:38:00,Nagalk Nagar,68,67.83,Free Flow,Clear
2026-01-05 21:27:00,Dindigul Bus Stand,152,27.21,Heavy,Rainy
2026-01-05 21:29:00,Trichy Road,16,40.8,Free Flow,Rainy
2026-01-05 21:34:00,Trichy Road,198,60.59,Jam,Rainy
2026-01-05 21:52:00,Begampur,179,46.15,Jam,Rainy
2026-01-05 21:54:00,RM Colony,22,61.92,Free Flow,Cloudy
2026-01-05 21:58:00,Palani Road,134,62.86,Moderate,Cloudy
2026-01-05 21:59:00,Natham Road,49,55.95,Heavy,Clear
2026-01-05 22:20:00,Palani Road,69,52.02,Free Flow,Cloudy
2026-01-05 22:23:00,Natham Road,182,52.41,Moderate,Cloudy
2026-01-05 22:29:00,Nagalk Nagar,170,51.1,Moderate,Rainy
2026-01-05 22:29:00,SPM Nagar,74,25.85,Moderate,Rainy
2026-01-05 22:33:00,Begampur,14,63.02,Jam,Cloudy
2026-01-05 22:52:00,Natham Road,126,54.33,Jam,Cloudy
2026-01-05 23:04:00,Palani Road,95,65.18,Heavy,Clear
2026-01-05 23:07:00,SPM Nagar,162,41.9,Moderate,Rainy
2026-01-05 23:09:00,SPM Nagar,68,42.79,Moderate,Rainy
2026-01-05 23:10:00,Nagalk Nagar,86,42.29,Jam,Clear
2026-01-05 23:16:00,Natham Road,194,58.49,Moderate,Clear
2026-01-05 23:26:00,Batlagundu Road,123,21.77,Heavy,Cloudy
2026-01-05 23:31:00,Oddanchatram Road,112,31.24,Free Flow,Clear
2026-01-05 23:37:00,Natham Road,28,18.6,Moderate,Rainy
2026-01-05 23:48:00,Nagalk Nagar,55,29.92,Jam,Rainy
2026-01-06 00:00:00,SPM Nagar,74,15.67,Jam,Cloudy
2026-01-06 00:03:00,Nagalk Nagar,128,24.44,Heavy,Cloudy
2026-01-06 00:14:00,Natham Road,90,66.51,Heavy,Cloudy
2026-01-06 00:45:00,RM Colony,83,22.8,Moderate,Rainy
2026-01-06 00:59:00,RM Colony,149,43.66,Free Flow,Clear
2026-01-06 01:01:00,Natham Road,67,31.07,Jam,Cloudy
2026-01-06 01:13:00,RM Colony,86,22.1,Free Flow,Clear
2026-01-06 01:14:00,Dindigul Bus Stand,195,54.02,Moderate,Rainy
2026-01-06 01:22:00,Batlagundu Road,158,59.69,Free Flow,Clear
2026-01-06 01:23:00,Begampur,159,47.01,Moderate,Rainy
2026-01-06 01:24:00,Palani Road,105,49.77,Jam,Clear
2026-01-06 01:24:00,Trichy Road,112,56.35,Jam,Clear
2026-01-06 01:31:00,RM Colony,75,51.41,Heavy,Cloudy
2026-01-06 01:42:00,Oddanchatram Road,127,64.57,Moderate,Clear
2026-01-06 02:02:00,Nagalk Nagar,199,50.16,Jam,Rainy
2026-01-06 02:09:00,Batlagundu Road,107,43.38,Free Flow,Cloudy
2026-01-06 02:16:00,Dindigul Bus Stand,43,37.03,Jam,Cloudy
2026-01-06 02:17:00,Dindigul Bus Stand,198,29.69,Moderate,Cloudy
2026-01-06 02:48:00,SPM Nagar,58,54.07,Heavy,Rainy
2026-01-06 02:53:00,Nagalk Nagar,164,51.06,Free Flow,Cloudy
2026-01-06 02:53:00,Trichy Road,79,23.16,Moderate,Clear
2026-01-06 03:07:00,Batlagundu Road,46,51.72,Jam,Rainy
2026-01-06 03:14:00,Dindigul Bus Stand,161,55.0,Moderate,Clear
2026-01-06 03:27:00,Natham Road,49,62.4,Jam,Rainy
2026-01-06 03:31:00,Trichy Road,76,27.24,Jam,Cloudy
2026-01-06 03:47:00,Trichy Road,189,32.31,Heavy,Rainy
2026-01-06 03:54:00,RM Colony,186,29.27,Free Flow,Clear
2026-01-06 04:01:00,Dindigul Bus Stand,115,32.9,Heavy,Clear
2026-01-06 04:08:00,Palani Road,185,33.99,Heavy,Clear
2026-01-06 04:15:00,SPM Nagar,152,68.81,Jam,Rainy
2026-01-06 04:18:00,Trichy Road,167,66.62,Jam,Cloudy
2026-01-06 04:20:00,Dindigul Bus Stand,58,49.32,Jam,Clear
2026-01-06 05:24:00,Nagalk Nagar,61,35.27,Free Flow,Cloudy
2026-01-06 05:28:00,Begampur,100,31.61,Heavy,Cloudy
2026-01-06 05:38:00,SPM Nagar,161,33.94,Free Flow,Clear
2026-01-06 06:03:00,Trichy Road,147,66.46,Jam,Rainy
2026-01-06 06:04:00,Oddanchatram Road,176,30.97,Free Flow,Rainy
2026-01-06 06:08:00,Oddanchatram Road,27,48.11,Jam,Rainy
2026-01-06 06:16:00,Natham Road,86,65.12,Moderate,Rainy
2026-01-06 06:17:00,RM Colony,13,69.21,Heavy,Rainy
2026-01-06 06:21:00,Dindigul Bus Stand,63,40.92,Moderate,Clear
2026-01-06 06:35:00,Trichy Road,133,20.6,Moderate,Rainy
2026-01-06 06:53:00,Oddanchatram Road,60,29.4,Heavy,Clear
2026-01-06 06:59:00,Dindigul Bus Stand,134,28.2,Heavy,Clear
2026-01-06 07:18:00,SPM Nagar,129,32.55,Jam,Rainy
2026-01-06 07:26:00,Batlagundu Road,184,61.7,Free Flow,Cloudy
2026-01-06 07:27:00,Oddanchatram Road,192,63.99,Heavy,Rainy
2026-01-06 07:51:00,RM Colony,29,28.56,Free Flow,Rainy
2026-01-06 07:52:00,Begampur,149,47.84,Heavy,Cloudy
2026-01-06 08:15:00,Dindigul Bus Stand,131,22.15,Jam,Clear
2026-01-06 08:15:00,Trichy Road,65,58.68,Jam,Cloudy
2026-01-06 08:17:00,Batlagundu Road,61,46.3,Heavy,Cloudy
2026-01-06 08:20:00,Begampur,199,19.39,Free Flow,Clear
2026-01-06 08:35:00,RM Colony,83,51.82,Free Flow,Cloudy
2026-01-06 08:35:00,Natham Road,196,44.59,Jam,Rainy
2026-01-06 08:56:00,Palani Road,100,60.01,Jam,Rainy
2026-01-06 08:57:00,RM Colony,180,22.1,Jam,Clear
2026-01-06 09:00:00,SPM Nagar,33,33.73,Heavy,Cloudy
2026-01-06 09:18:00,Oddanchatram Road,71,19.14,Jam,Cloudy
2026-01-06 09:28:00,SPM Nagar,175,48.77,Free Flow,Cloudy
2026-01-06 10:01:00,Oddanchatram Road,25,15.49,Moderate,Rainy
2026-01-06 10:03:00,Palani Road,103,22.61,Moderate,Cloudy
2026-01-06 10:37:00,Oddanchatram Road,24,59.55,Moderate,Rainy
2026-01-06 10:39:00,Begampur,158,23.5,Heavy,Clear
2026-01-06 10:45:00,Oddanchatram Road,102,51.5,Moderate,Rainy
2026-01-06 11:03:00,SPM Nagar,88,49.36,Free Flow,Rainy
2026-01-06 11:09:00,Trichy Road,107,42.02,Heavy,Rainy
2026-01-06 11:15:00,Trichy Road,42,27.84,Moderate,Cloudy
2026-01-06 11:15:00,Batlagundu Road,139,55.79,Heavy,Cloudy
2026-01-06 11:17:00,Trichy Road,90,32.9,Moderate,Rainy
2026-01-06 11:21:00,Palani Road,147,23.96,Heavy,Clear
2026-01-06 11:22:00,Batlagundu Road,167,61.2,Free Flow,Clear
2026-01-06 11:41:00,RM Colony,166,48.39,Moderate,Cloudy
2026-01-06 11:43:00,Begampur,51,44.19,Jam,Clear
2026-01-06 11:48:00,Trichy Road,84,26.84,Heavy,Rainy
2026-01-06 11:51:00,Batlagundu Road,95,52.0,Moderate,Clear
2026-01-06 11:55:00,RM Colony,43,40.75,Moderate,Clear
2026-01-06 12:01:00,Oddanchatram Road,103,23.41,Free Flow,Cloudy
2026-01-06 12:25:00,Natham Road,64,60.77,Heavy,Clear
2026-01-06 12:28:00,Dindigul Bus Stand,67,16.88,Heavy,Rainy
2026-01-06 12:49:00,Dindigul Bus Stand,66,42.43,Heavy,Clear
2026-01-06 12:53:00,Natham Road,12,61.13,Free Flow,Clear
2026-01-06 13:00:00,SPM Nagar,195,66.59,Moderate,Cloudy
2026-01-06 13:41:00,Natham Road,11,20.06,Free Flow,Cloudy
2026-01-06 13:46:00,Begampur,65,18.64,Moderate,Cloudy
2026-01-06 13:49:00,Dindigul Bus Stand,51,34.47,Moderate,Rainy
2026-01-06 13:50:00,SPM Nagar,146,44.62,Jam,Rainy
2026-01-06 13:53:00,Nagalk Nagar,164,55.01,Moderate,Cloudy
2026-01-06 14:06:00,Batlagundu Road,94,28.64,Jam,Clear
2026-01-06 14:11:00,Dindigul Bus Stand,29,47.4,Free Flow,Cloudy
2026-01-06 14:29:00,Dindigul Bus Stand,89,53.75,Jam,Cloudy
2026-01-06 14:43:00,Nagalk Nagar,34,24.11,Moderate,Cloudy
2026-01-06 15:07:00,SPM Nagar,187,17.51,Jam,Rainy
2026-01-06 15:33:00,Begampur,109,44.89,Free Flow,Cloudy
2026-01-06 15:39:00,Oddanchatram Road,67,25.23,Moderate,Clear
2026-01-06 16:00:00,Natham Road,143,28.96,Heavy,Rainy
2026-01-06 16:16:00,Oddanchatram Road,178,40.78,Jam,Cloudy
2026-01-06 16:23:00,Palani Road,166,47.0,Jam,Rainy
2026-01-06 16:33:00,RM Colony,77,68.22,Free Flow,Rainy
2026-01-06 16:36:00,SPM Nagar,116,53.39,Jam,Clear
2026-01-06 16:53:00,SPM Nagar,28,21.67,Moderate,Cloudy
2026-01-06 17:00:00,Nagalk Nagar,19,53.23,Free Flow,Clear
2026-01-06 17:09:00,Nagalk Nagar,20,26.75,Moderate,Cloudy
2026-01-06 17:12:00,SPM Nagar,178,63.49,Free Flow,Rainy
2026-01-06 17:26:00,RM Colony,133,31.78,Jam,Rainy
2026-01-06 17:39:00,Nagalk Nagar,92,34.86,Moderate,Cloudy
2026-01-06 17:49:00,Dindigul Bus Stand,185,37.27,Jam,Clear
2026-01-06 18:15:00,Nagalk Nagar,198,68.49,Jam,Cloudy
2026-01-06 18:19:00,Trichy Road,159,26.35,Free Flow,Clear
2026-01-06 18:39:00,Begampur,42,41.91,Jam,Clear
2026-01-06 18:44:00,Palani Road,118,57.17,Moderate,Cloudy
2026-01-06 18:45:00,Batlagundu Road,33,33.92,Moderate,Rainy
2026-01-06 18:51:00,Trichy Road,103,41.84,Free Flow,Rainy
2026-01-06 19:04:00,SPM Nagar,199,17.45,Free Flow,Clear
2026-01-06 19:04:00,RM Colony,85,59.22,Heavy,Rainy
2026-01-06 19:08:00,SPM Nagar,103,22.07,Jam,Clear
2026-01-06 19:12:00,Oddanchatram Road,180,17.14,Free Flow,Clear
2026-01-06 19:15:00,Dindigul Bus Stand,181,20.35,Jam,Rainy
2026-01-06 19:19:00,Palani Road,133,64.33,Moderate,Rainy
2026-01-06 19:19:00,Natham Road,115,61.84,Free Flow,Rainy
2026-01-06 19:22:00,Nagalk Nagar,76,59.14,Moderate,Cloudy
2026-01-06 19:24:00,Begampur,106,55.68,Moderate,Cloudy
2026-01-06 19:34:00,SPM Nagar,29,52.34,Heavy,Cloudy
2026-01-06 19:42:00,Nagalk Nagar,154,23.6,Jam,Clear
2026-01-06 19:56:00,Trichy Road,124,38.87,Moderate,Cloudy
2026-01-06 20:03:00,Palani Road,33,64.24,Jam,Clear
2026-01-06 20:17:00,RM Colony,173,69.6,Heavy,Clear
2026-01-06 20:39:00,SPM Nagar,172,34.31,Free Flow,Rainy
2026-01-06 20:41:00,SPM Nagar,145,63.22,Free Flow,Clear
2026-01-06 20:45:00,Palani Road,182,38.32,Free Flow,Rainy
2026-01-06 20:47:00,Natham Road,91,19.49,Moderate,Clear
2026-01-06 21:30:00,SPM Nagar,165,50.6,Moderate,Clear
2026-01-06 21:34:00,SPM Nagar,134,51.62,Heavy,Clear
2026-01-06 21:39:00,Begampur,60,27.89,Moderate,Rainy
2026-01-06 22:04:00,Dindigul Bus Stand,29,31.84,Free Flow,Cloudy
2026-01-06 22:15:00,Natham Road,164,52.91,Moderate,Clear
2026-01-06 22:40:00,SPM Nagar,114,26.43,Free Flow,Cloudy
2026-01-06 22:55:00,SPM Nagar,85,63.08,Jam,Clear
2026-01-06 22:59:00,Oddanchatram Road,47,29.07,Free Flow,Cloudy
2026-01-06 23:03:00,Palani Road,135,21.76,Jam,Cloudy
2026-01-06 23:26:00,RM Colony,137,40.38,Moderate,Rainy
2026-01-06 23:27:00,Nagalk Nagar,20,68.84,Moderate,Clear
2026-01-06 23:44:00,Natham Road,197,17.28,Jam,Rainy
2026-01-06 23:45:00,Trichy Road,66,67.0,Moderate,Cloudy
2026-01-07 00:00:00,Palani Road,58,56.5,Moderate,Rainy
2026-01-07 00:05:00,Nagalk Nagar,112,22.02,Moderate,Rainy
2026-01-07 00:15:00,Natham Road,172,40.48,Free Flow,Clear
2026-01-07 00:22:00,Trichy Road,111,26.85,Jam,Rainy
2026-01-07 00:55:00,Batlagundu Road,169,60.12,Heavy,Clear
2026-01-07 01:10:00,RM Colony,190,19.0,Free Flow,Cloudy
2026-01-07 01:23:00,RM Colony,158,44.79,Moderate,Cloudy
2026-01-07 01:26:00,RM Colony,65,28.78,Moderate,Clear
2026-01-07 01:41:00,Begampur,117,20.8,Moderate,Cloudy
2026-01-07 01:43:00,Trichy Road,119,64.4,Heavy,Cloudy
2026-01-07 02:18:00,Palani Road,142,46.77,Heavy,Rainy
2026-01-07 02:25:00,Batlagundu Road,107,26.06,Free Flow,Clear
2026-01-07 02:29:00,Nagalk Nagar,97,38.18,Free Flow,Clear
2026-01-07 02:51:00,Oddanchatram Road,168,61.78,Free Flow,Clear
2026-01-07 02:52:00,Oddanchatram Road,179,32.6,Heavy,Clear
2026-01-07 02:56:00,Nagalk Nagar,95,24.19,Moderate,Cloudy
2026-01-07 02:57:00,Trichy Road,172,68.22,Moderate,Cloudy
2026-01-07 03:08:00,SPM Nagar,97,49.14,Free Flow,Cloudy
2026-01-07 03:10:00,Nagalk Nagar,181,66.39,Free Flow,Rainy
2026-01-07 03:11:00,Natham Road,64,52.12,Jam,Rainy
2026-01-07 03:22:00,SPM Nagar,89,18.61,Moderate,Cloudy
2026-01-07 03:34:00,SPM Nagar,183,62.54,Moderate,Clear
2026-01-07 03:41:00,RM Colony,12,24.78,Moderate,Rainy
2026-01-07 03:45:00,Natham Road,50,33.33,Free Flow,Cloudy
2026-01-07 03:57:00,RM Colony,17,48.48,Jam,Clear
2026-01-07 04:08:00,Batlagundu Road,96,40.65,Heavy,Rainy
2026-01-07 04:14:00,RM Colony,188,47.26,Heavy,Clear
2026-01-07 04:15:00,Oddanchatram Road,45,39.3,Jam,Clear
2026-01-07 04:17:00,SPM Nagar,37,51.96,Free Flow,Clear
2026-01-07 04:40:00,Begampur,172,26.62,Heavy,Rainy
2026-01-07 04:49:00,SPM Nagar,61,41.08,Moderate,Clear
2026-01-07 05:01:00,Begampur,60,36.26,Jam,Clear
2026-01-07 05:05:00,RM Colony,71,27.48,Free Flow,Clear
2026-01-07 05:07:00,RM Colony,54,48.7,Moderate,Rainy
2026-01-07 05:15:00,Begampur,102,15.22,Jam,Cloudy
2026-01-07 05:30:00,Palani Road,94,64.96,Moderate,Cloudy
2026-01-07 05:37:00,Dindigul Bus Stand,179,31.0,Free Flow,Clear
2026-01-07 05:42:00,Oddanchatram Road,115,35.32,Jam,Rainy
2026-01-07 05:46:00,Palani Road,22,17.05,Free Flow,Clear
2026-01-07 06:09:00,Oddanchatram Road,122,23.4,Heavy,Cloudy
2026-01-07 06:24:00,Nagalk Nagar,95,67.24,Jam,Rainy
2026-01-07 06:31:00,Trichy Road,60,60.61,Heavy,Clear
2026-01-07 06:34:00,Begampur,29,46.2,Jam,Rainy
2026-01-07 06:48:00,Natham Road,170,63.63,Heavy,Clear
2026-01-07 06:57:00,Oddanchatram Road,188,35.77,Jam,Cloudy
2026-01-07 07:02:00,Batlagundu Road,164,28.48,Free Flow,Clear
2026-01-07 07:04:00,Batlagundu Road,63,55.62,Jam,Cloudy
2026-01-07 07:41:00,Begampur,151,20.18,Heavy,Rainy
2026-01-07 07:52:00,Nagalk Nagar,41,39.45,Free Flow,Cloudy
2026-01-07 07:54:00,Trichy Road,83,26.42,Heavy,Rainy
2026-01-07 08:10:00,SPM Nagar,11,25.9,Free Flow,Clear
2026-01-07 08:30:00,Palani Road,70,27.67,Heavy,Rainy
2026-01-07 08:32:00,SPM Nagar,30,39.78,Jam,Clear
2026-01-07 08:48:00,Dindigul Bus Stand,78,16.05,Free Flow,Clear
2026-01-07 08:52:00,RM Colony,172,56.5,Moderate,Cloudy
2026-01-07 09:01:00,SPM Nagar,123,43.75,Jam,Cloudy
2026-01-07 09:06:00,Trichy Road,27,32.92,Moderate,Rainy
2026-01-07 09:13:00,Natham Road,79,50.1,Free Flow,Clear
2026-01-07 09:15:00,RM Colony,196,53.34,Free Flow,Rainy
2026-01-07 09:20:00,Oddanchatram Road,194,69.9,Jam,Rainy
2026-01-07 09:30:00,SPM Nagar,31,44.31,Heavy,Clear
2026-01-07 09:34:00,RM Colony,37,31.13,Free Flow,Cloudy
2026-01-07 09:36:00,Dindigul Bus Stand,66,59.0,Heavy,Rainy
2026-01-07 09:37:00,Natham Road,133,58.82,Heavy,Clear
2026-01-07 09:49:00,Trichy Road,77,33.09,Free Flow,Cloudy
2026-01-07 09:54:00,Trichy Road,28,62.36,Heavy,Rainy
2026-01-07 09:56:00,Dindigul Bus Stand,144,17.03,Moderate,Clear
2026-01-07 10:05:00,Trichy Road,13,63.89,Jam,Clear
2026-01-07 10:10:00,Begampur,182,56.31,Moderate,Cloudy
2026-01-07 10:16:00,Batlagundu Road,37,54.4,Heavy,Cloudy
2026-01-07 10:43:00,Oddanchatram Road,99,49.95,Jam,Clear
2026-01-07 10:46:00,Nagalk Nagar,28,16.1,Jam,Clear
2026-01-07 10:48:00,Dindigul Bus Stand,12,16.02,Heavy,Cloudy
2026-01-07 10:56:00,Begampur,35,57.74,Jam,Rainy
2026-01-07 10:59:00,Palani Road,134,61.12,Heavy,Clear
2026-01-07 11:21:00,Batlagundu Road,20,35.89,Free Flow,Cloudy
2026-01-07 11:36:00,Natham Road,49,24.52,Jam,Clear
2026-01-07 11:37:00,Nagalk Nagar,111,28.15,Moderate,Clear
2026-01-07 11:40:00,Nagalk Nagar,33,16.55,Heavy,Cloudy
2026-01-07 11:46:00,Dindigul Bus Stand,47,50.13,Heavy,Cloudy
2026-01-07 11:55:00,Begampur,86,66.83,Jam,Cloudy
2026-01-07 12:11:00,Dindigul Bus Stand,123,31.14,Jam,Cloudy
2026-01-07 12:15:00,Palani Road,36,35.33,Moderate,Cloudy
2026-01-07 12:22:00,Batlagundu Road,166,41.9,Jam,Clear
2026-01-07 12:28:00,Natham Road,141,57.59,Free Flow,Clear
2026-01-07 12:31:00,Nagalk Nagar,176,46.52,Heavy,Clear
2026-01-07 12:33:00,Trichy Road,15,18.47,Moderate,Clear
2026-01-07 12:38:00,RM Colony,96,35.0,Heavy,Cloudy
2026-01-07 12:44:00,Begampur,110,66.99,Moderate,Clear
2026-01-07 13:05:00,Dindigul Bus Stand,66,55.03,Heavy,Cloudy
2026-01-07 13:06:00,Natham Road,91,34.44,Moderate,Cloudy
2026-01-07 13:07:00,SPM Nagar,181,35.86,Heavy,Cloudy
2026-01-07 13:07:00,RM Colony,57,69.09,Free Flow,Clear
2026-01-07 13:11:00,Batlagundu Road,132,67.1,Moderate,Rainy
2026-01-07 13:13:00,Palani Road,13,28.86,Moderate,Clear
2026-01-07 13:20:00,Batlagundu Road,113,57.67,Free Flow,Cloudy
2026-01-07 13:30:00,Trichy Road,180,44.79,Heavy,Clear
2026-01-07 13:35:00,Dindigul Bus Stand,77,62.12,Heavy,Clear
2026-01-07 13:38:00,Oddanchatram Road,18,32.61,Heavy,Rainy
2026-01-07 13:50:00,Palani Road,19,57.05,Heavy,Cloudy
2026-01-07 14:03:00,Dindigul Bus Stand,114,53.58,Heavy,Cloudy
2026-01-07 14:05:00,Nagalk Nagar,87,57.7,Jam,Clear
2026-01-07 14:07:00,Nagalk Nagar,64,53.05,Free Flow,Cloudy
2026-01-07 14:14:00,Trichy Road,73,67.33,Heavy,Rainy
2026-01-07 14:19:00,Oddanchatram Road,77,65.72,Heavy,Rainy
2026-01-07 14:19:00,Batlagundu Road,188,38.09,Moderate,Clear
2026-01-07 14:30:00,SPM Nagar,187,37.1,Moderate,Cloudy
2026-01-07 14:31:00,Palani Road,11,40.13,Free Flow,Cloudy
2026-01-07 14:35:00,RM Colony,24,53.14,Free Flow,Clear
2026-01-07 14:40:00,Nagalk Nagar,160,23.46,Free Flow,Clear
2026-01-07 14:57:00,SPM Nagar,95,30.01,Moderate,Rainy
2026-01-07 15:04:00,Batlagundu Road,164,43.11,Heavy,Rainy
2026-01-07 15:08:00,Batlagundu Road,105,25.07,Heavy,Rainy
2026-01-07 15:10:00,Nagalk Nagar,122,21.58,Free Flow,Rainy
2026-01-07 15:11:00,SPM Nagar,180,50.05,Jam,Cloudy
2026-01-07 15:17:00,Oddanchatram Road,24,49.13,Jam,Rainy
2026-01-07 15:24:00,Trichy Road,139,17.02,Heavy,Rainy
2026-01-07 15:47:00,Begampur,186,47.08,Heavy,Rainy
2026-01-07 15:54:00,Begampur,150,63.41,Heavy,Clear
2026-01-07 16:33:00,Dindigul Bus Stand,70,59.75,Free Flow,Cloudy
2026-01-07 16:37:00,Palani Road,125,39.9,Heavy,Rainy
2026-01-07 16:47:00,Palani Road,23,66.93,Free Flow,Rainy
2026-01-07 16:56:00,Trichy Road,25,56.67,Heavy,Cloudy
2026-01-07 16:57:00,Oddanchatram Road,78,44.58,Moderate,Clear
2026-01-07 17:01:00,RM Colony,57,23.85,Heavy,Clear
2026-01-07 17:05:00,Nagalk Nagar,17,18.33,Heavy,Rainy
2026-01-07 17:13:00,Nagalk Nagar,112,67.62,Jam,Clear
2026-01-07 17:13:00,Oddanchatram Road,110,18.76,Heavy,Clear
2026-01-07 17:18:00,Palani Road,74,57.74,Moderate,Clear
2026-01-07 17:23:00,Batlagundu Road,178,55.56,Free Flow,Rainy
2026-01-07 17:28:00,Trichy Road,134,24.44,Jam,Clear
2026-01-07 17:36:00,Begampur,64,48.54,Free Flow,Clear
2026-01-07 17:42:00,SPM Nagar,118,67.35,Free Flow,Rainy
2026-01-07 17:43:00,Natham Road,57,46.91,Jam,Clear
2026-01-07 17:50:00,Oddanchatram Road,174,21.52,Jam,Cloudy
2026-01-07 17:51:00,Trichy Road,134,21.61,Free Flow,Clear
2026-01-07 17:57:00,Natham Road,175,44.81,Jam,Cloudy
2026-01-07 18:13:00,Natham Road,164,54.96,Heavy,Clear
2026-01-07 18:29:00,Trichy Road,196,23.32,Heavy,Rainy
2026-01-07 18:33:00,Palani Road,154,56.22,Free Flow,Clear
2026-01-07 18:39:00,Begampur,30,51.66,Moderate,Cloudy
2026-01-07 18:40:00,Trichy Road,154,21.76,Jam,Rainy
2026-01-07 18:43:00,Dindigul Bus Stand,116,18.7,Heavy,Clear
2026-01-07 18:48:00,Oddanchatram Road,13,60.82,Free Flow,Rainy
2026-01-07 18:54:00,Trichy Road,165,39.71,Heavy,Rainy
2026-01-07 19:19:00,Palani Road,151,69.78,Moderate,Cloudy
2026-01-07 19:23:00,RM Colony,11,35.88,Jam,Rainy
2026-01-07 19:36:00,Batlagundu Road,164,29.44,Jam,Clear
2026-01-07 20:01:00,Dindigul Bus Stand,173,58.33,Jam,Rainy
2026-01-07 20:02:00,Natham Road,46,31.97,Free Flow,Clear
2026-01-07 20:11:00,Batlagundu Road,161,41.27,Heavy,Clear
2026-01-07 20:18:00,RM Colony,183,49.06,Moderate,Rainy
2026-01-07 20:35:00,Begampur,102,38.41,Heavy,Clear
2026-01-07 20:40:00,Batlagundu Road,140,35.03,Moderate,Cloudy
2026-01-07 20:42:00,Trichy Road,168,34.32,Heavy,Rainy
2026-01-07 20:45:00,Begampur,19,56.72,Heavy,Rainy
2026-01-07 21:17:00,Nagalk Nagar,65,44.25,Free Flow,Rainy
2026-01-07 21:34:00,Trichy Road,33,35.47,Heavy,Cloudy
2026-01-07 21:49:00,SPM Nagar,126,47.86,Moderate,Rainy
2026-01-07 21:50:00,Palani Road,27,32.96,Jam,Cloudy
2026-01-07 21:53:00,Nagalk Nagar,59,41.3,Free Flow,Rainy
2026-01-07 21:57:00,Natham Road,48,64.96,Heavy,Clear
2026-01-07 22:30:00,Natham Road,170,20.06,Heavy,Rainy
2026-01-07 22:37:00,Batlagundu Road,23,38.25,Heavy,Cloudy
2026-01-07 22:50:00,Natham Road,37,25.76,Heavy,Clear
2026-01-07 22:54:00,SPM Nagar,144,52.5,Free Flow,Clear
2026-01-07 23:01:00,Trichy Road,160,18.61,Moderate,Rainy
2026-01-07 23:05:00,RM Colony,150,23.3,Free Flow,Cloudy
2026-01-07 23:08:00,SPM Nagar,148,61.69,Free Flow,Rainy
2026-01-07 23:09:00,RM Colony,188,60.91,Heavy,Clear
2026-01-07 23:12:00,Natham Road,119,46.3,Moderate,Rainy
2026-01-07 23:18:00,Batlagundu Road,112,42.43,Heavy,Cloudy
2026-01-07 23:30:00,Oddanchatram Road,73,59.38,Heavy,Clear
2026-01-07 23:36:00,Batlagundu Road,24,19.85,Free Flow,Clear
2026-01-07 23:36:00,Dindigul Bus Stand,59,23.19,Moderate,Cloudy
2026-01-07 23:44:00,SPM Nagar,43,38.73,Heavy,Rainy
2026-01-08 00:03:00,Nagalk Nagar,139,29.82,Moderate,Clear
2026-01-08 00:04:00,Nagalk Nagar,50,40.66,Free Flow,Rainy
2026-01-08 00:33:00,Nagalk Nagar,65,16.74,Heavy,Rainy
2026-01-08 00:43:00,Oddanchatram Road,60,39.72,Heavy,Cloudy
2026-01-08 01:00:00,Trichy Road,191,40.59,Jam,Cloudy
2026-01-08 01:03:00,Trichy Road,20,18.08,Free Flow,Cloudy
2026-01-08 01:10:00,Begampur,165,41.51,Moderate,Cloudy
2026-01-08 01:17:00,Natham Road,84,46.61,Jam,Cloudy
2026-01-08 01:25:00,Trichy Road,139,15.93,Heavy,Cloudy
2026-01-08 01:25:00,Oddanchatram Road,119,52.03,Jam,Rainy
2026-01-08 01:27:00,SPM Nagar,183,28.99,Moderate,Rainy
2026-01-08 01:37:00,Begampur,116,21.79,Heavy,Clear
2026-01-08 02:04:00,Trichy Road,66,24.07,Heavy,Rainy
2026-01-08 02:11:00,Natham Road,194,66.07,Free Flow,Clear
2026-01-08 02:17:00,Palani Road,14,33.83,Free Flow,Rainy
2026-01-08 02:21:00,Natham Road,116,54.74,Moderate,Rainy
2026-01-08 02:32:00,Palani Road,26,17.29,Heavy,Cloudy
2026-01-08 02:36:00,RM Colony,128,53.57,Free Flow,Rainy
2026-01-08 02:40:00,Batlagundu Road,165,56.62,Moderate,Cloudy
2026-01-08 02:41:00,Palani Road,59,18.93,Jam,Rainy
2026-01-08 03:00:00,RM Colony,24,53.26,Jam,Clear
2026-01-08 03:10:00,Oddanchatram Road,23,34.04,Moderate,Rainy
2026-01-08 03:17:00,Batlagundu Road,193,40.61,Moderate,Rainy
2026-01-08 03:24:00,Natham Road,133,68.39,Free Flow,Clear
2026-01-08 03:28:00,Palani Road,155,50.11,Heavy,Cloudy
2026-01-08 03:28:00,Batlagundu Road,119,25.12,Moderate,Rainy
2026-01-08 03:29:00,Nagalk Nagar,187,29.86,Jam,Cloudy
2026-01-08 03:44:00,Begampur,182,58.88,Moderate,Cloudy
2026-01-08 03:54:00,Trichy Road,165,34.2,Heavy,Clear
2026-01-08 03:59:00,Nagalk Nagar,24,18.84,Moderate,Cloudy
2026-01-08 04:03:00,Nagalk Nagar,108,50.03,Moderate,Rainy
2026-01-08 04:20:00,Palani Road,89,23.66,Heavy,Clear
2026-01-08 04:24:00,Oddanchatram Road,121,16.75,Jam,Rainy
2026-01-08 04:26:00,Oddanchatram Road,164,35.28,Jam,Cloudy
2026-01-08 04:45:00,Nagalk Nagar,104,50.89,Free Flow,Rainy
2026-01-08 04:53:00,Oddanchatram Road,140,25.82,Moderate,Clear
2026-01-08 05:06:00,Trichy Road,195,57.13,Free Flow,Clear
2026-01-08 05:41:00,Dindigul Bus Stand,182,31.32,Moderate,Cloudy
2026-01-08 05:41:00,Begampur,187,61.16,Heavy,Rainy
2026-01-08 05:54:00,Trichy Road,105,43.69,Moderate,Rainy
2026-01-08 05:55:00,Dindigul Bus Stand,138,57.07,Heavy,Rainy
2026-01-08 05:56:00,Trichy Road,116,16.09,Heavy,Clear
2026-01-08 06:11:00,Oddanchatram Road,86,38.19,Heavy,Clear
2026-01-08 06:12:00,Trichy Road,142,50.78,Moderate,Cloudy
2026-01-08 06:15:00,Trichy Road,149,30.16,Jam,Clear
2026-01-08 06:20:00,Palani Road,87,43.3,Moderate,Cloudy
2026-01-08 06:21:00,Natham Road,34,20.99,Free Flow,Clear
2026-01-08 06:24:00,Batlagundu Road,65,46.74,Heavy,Rainy
2026-01-08 06:41:00,Natham Road,55,46.17,Jam,Cloudy
2026-01-08 06:43:00,Trichy Road,110,43.4,Moderate,Cloudy
2026-01-08 06:46:00,SPM Nagar,52,47.04,Heavy,Rainy
2026-01-08 06:54:00,Oddanchatram Road,12,62.34,Jam,Cloudy
2026-01-08 06:58:00,Batlagundu Road,130,17.26,Free Flow,Clear
2026-01-08 06:59:00,Oddanchatram Road,57,51.17,Free Flow,Cloudy
2026-01-08 07:17:00,Begampur,73,50.1,Jam,Cloudy
2026-01-08 07:19:00,Trichy Road,112,61.52,Jam,Cloudy
2026-01-08 07:21:00,SPM Nagar,110,53.94,Jam,Clear
2026-01-08 07:46:00,Dindigul Bus Stand,87,54.73,Heavy,Cloudy
2026-01-08 07:56:00,RM Colony,130,15.75,Moderate,Rainy
2026-01-08 08:03:00,Trichy Road,110,61.72,Moderate,Cloudy
2026-01-08 08:15:00,Nagalk Nagar,191,25.5,Jam,Rainy
2026-01-08 08:16:00,RM Colony,70,24.53,Free Flow,Clear
2026-01-08 08:22:00,SPM Nagar,51,51.34,Moderate,Cloudy
2026-01-08 08:24:00,SPM Nagar,171,48.0,Heavy,Rainy
2026-01-08 08:52:00,Batlagundu Road,182,59.76,Heavy,Clear
2026-01-08 08:52:00,Nagalk Nagar,104,54.78,Heavy,Cloudy
2026-01-08 08:55:00,Trichy Road,145,28.05,Heavy,Cloudy
2026-01-08 08:56:00,Trichy Road,128,67.95,Heavy,Cloudy
2026-01-08 09:00:00,Batlagundu Road,58,23.49,Moderate,Cloudy
2026-01-08 09:38:00,Nagalk Nagar,36,51.16,Moderate,Cloudy
2026-01-08 10:18:00,Begampur,84,32.51,Jam,Clear
2026-01-08 10:58:00,SPM Nagar,152,35.13,Jam,Rainy
2026-01-08 11:05:00,Begampur,101,65.76,Moderate,Cloudy
2026-01-08 11:11:00,Natham Road,100,46.72,Heavy,Cloudy
2026-01-08 11:30:00,Trichy Road,176,26.83,Moderate,Rainy
2026-01-08 11:31:00,Oddanchatram Road,186,42.07,Jam,Clear
2026-01-08 11:34:00,Batlagundu Road,23,50.13,Jam,Rainy
2026-01-08 11:35:00,Oddanchatram Road,163,30.92,Moderate,Clear
2026-01-08 11:39:00,Begampur,139,21.4,Free Flow,Rainy
2026-01-08 12:01:00,Oddanchatram Road,189,56.56,Jam,Cloudy
2026-01-08 12:03:00,Batlagundu Road,65,46.51,Free Flow,Rainy
2026-01-08 12:12:00,Nagalk Nagar,12,45.51,Free Flow,Clear
2026-01-08 12:24:00,RM Colony,131,21.32,Free Flow,Cloudy
2026-01-08 12:30:00,Trichy Road,180,20.15,Heavy,Rainy
2026-01-08 12:44:00,Oddanchatram Road,39,68.77,Jam,Rainy
2026-01-08 12:59:00,Dindigul Bus Stand,173,50.26,Jam,Clear
2026-01-08 13:09:00,Dindigul Bus Stand,91,54.59,Moderate,Clear
2026-01-08 13:13:00,Natham Road,40,43.35,Jam,Rainy
2026-01-08 13:27:00,RM Colony,80,55.97,Heavy,Clear
2026-01-08 13:27:00,Palani Road,70,35.58,Moderate,Cloudy
2026-01-08 13:28:00,Dindigul Bus Stand,143,25.91,Jam,Rainy
2026-01-08 13:34:00,Batlagundu Road,170,23.64,Moderate,Cloudy
2026-01-08 13:42:00,SPM Nagar,60,56.73,Free Flow,Cloudy
2026-01-08 13:47:00,Nagalk Nagar,83,33.71,Free Flow,Rainy
2026-01-08 13:49:00,Dindigul Bus Stand,173,28.73,Heavy,Clear
2026-01-08 14:11:00,Begampur,169,52.11,Moderate,Clear
2026-01-08 14:12:00,SPM Nagar,99,30.09,Heavy,Clear
2026-01-08 14:15:00,Oddanchatram Road,171,56.99,Jam,Clear
2026-01-08 14:19:00,Nagalk Nagar,174,66.55,Heavy,Rainy
2026-01-08 14:20:00,Dindigul Bus Stand,128,25.95,Jam,Rainy
2026-01-08 14:21:00,SPM Nagar,178,36.88,Jam,Cloudy
2026-01-08 14:24:00,Begampur,94,47.82,Heavy,Cloudy
2026-01-08 14:42:00,Natham Road,148,32.47,Free Flow,Clear
2026-01-08 14:46:00,Natham Road,169,51.31,Jam,Rainy
2026-01-08 14:55:00,Nagalk Nagar,106,53.97,Moderate,Clear
2026-01-08 14:58:00,Palani Road,128,46.89,Free Flow,Cloudy
2026-01-08 15:04:00,Palani Road,85,59.25,Heavy,Cloudy
2026-01-08 15:07:00,RM Colony,63,41.55,Jam,Cloudy
2026-01-08 15:50:00,Natham Road,152,67.36,Moderate,Clear
2026-01-08 15:52:00,Trichy Road,59,34.4,Heavy,Clear
2026-01-08 16:02:00,Natham Road,13,17.85,Free Flow,Clear
2026-01-08 16:09:00,Nagalk Nagar,23,50.43,Moderate,Cloudy
2026-01-08 16:09:00,Trichy Road,57,35.37,Heavy,Cloudy
2026-01-08 16:16:00,Trichy Road,23,22.42,Free Flow,Rainy
2026-01-08 16:24:00,Batlagundu Road,94,31.66,Free Flow,Rainy
2026-01-08 16:31:00,Palani Road,91,62.04,Free Flow,Cloudy
2026-01-08 16:38:00,Oddanchatram Road,92,24.02,Moderate,Cloudy
2026-01-08 16:58:00,Natham Road,28,16.23,Free Flow,Rainy
2026-01-08 17:01:00,SPM Nagar,95,36.13,Moderate,Rainy
2026-01-08 17:05:00,Natham Road,20,24.44,Free Flow,Rainy
2026-01-08 17:10:00,Nagalk Nagar,15,36.29,Moderate,Clear
2026-01-08 17:35:00,Oddanchatram Road,88,43.47,Free Flow,Rainy
2026-01-08 17:46:00,Batlagundu Road,149,51.36,Free Flow,Rainy
2026-01-08 17:48:00,Begampur,73,31.9,Heavy,Cloudy
2026-01-08 17:55:00,Begampur,99,43.9,Heavy,Rainy
2026-01-08 18:01:00,Trichy Road,19,54.94,Moderate,Rainy
2026-01-08 18:04:00,Natham Road,169,28.51,Heavy,Rainy
2026-01-08 18:05:00,Palani Road,18,19.21,Jam,Rainy
2026-01-08 18:07:00,Begampur,165,24.25,Jam,Rainy
2026-01-08 18:16:00,Natham Road,143,21.92,Jam,Clear
2026-01-08 18:22:00,Dindigul Bus Stand,125,51.79,Jam,Rainy
2026-01-08 18:26:00,Begampur,79,42.08,Jam,Rainy
2026-01-08 18:41:00,Palani Road,163,56.88,Jam,Cloudy
2026-01-08 18:42:00,Palani Road,55,49.46,Heavy,Cloudy
2026-01-08 18:47:00,Natham Road,19,64.83,Moderate,Clear
2026-01-08 19:02:00,Trichy Road,79,30.92,Free Flow,Clear
2026-01-08 19:04:00,Nagalk Nagar,73,21.33,Heavy,Cloudy
2026-01-08 19:08:00,Palani Road,102,68.35,Free Flow,Rainy
2026-01-08 19:09:00,Oddanchatram Road,92,34.8,Heavy,Rainy
2026-01-08 19:19:00,Begampur,177,21.74,Free Flow,Cloudy
2026-01-08 19:34:00,Begampur,11,52.69,Jam,Cloudy
2026-01-08 20:16:00,Dindigul Bus Stand,45,49.92,Free Flow,Rainy
2026-01-08 20:21:00,Nagalk Nagar,194,44.65,Moderate,Clear
2026-01-08 20:35:00,Dindigul Bus Stand,15,22.37,Heavy,Clear
2026-01-08 20:50:00,Natham Road,58,32.28,Moderate,Clear
2026-01-08 21:02:00,Dindigul Bus Stand,25,20.78,Jam,Clear
2026-01-08 21:05:00,Trichy Road,191,22.06,Free Flow,Cloudy
2026-01-08 21:07:00,Natham Road,17,34.95,Moderate,Rainy
2026-01-08 21:12:00,Begampur,154,40.94,Jam,Clear
2026-01-08 21:14:00,Oddanchatram Road,138,32.67,Heavy,Clear
2026-01-08 21:16:00,Dindigul Bus Stand,188,35.37,Free Flow,Rainy
2026-01-08 21:17:00,Palani Road,26,33.04,Jam,Cloudy
2026-01-08 21:26:00,Palani Road,82,54.32,Jam,Rainy
2026-01-08 21:46:00,Nagalk Nagar,137,23.36,Free Flow,Cloudy
2026-01-08 21:54:00,Trichy Road,43,27.88,Jam,Rainy
2026-01-08 22:00:00,Oddanchatram Road,188,25.5,Moderate,Clear
2026-01-08 22:02:00,Palani Road,55,63.76,Jam,Rainy
2026-01-08 22:11:00,Trichy Road,141,50.83,Moderate,Cloudy
2026-01-08 22:19:00,Begampur,111,64.59,Heavy,Clear
2026-01-08 22:24:00,Nagalk Nagar,129,29.24,Free Flow,Rainy
2026-01-08 22:34:00,Batlagundu Road,62,60.23,Free Flow,Cloudy
2026-01-08 22:37:00,RM Colony,87,27.56,Free Flow,Rainy
2026-01-08 22:39:00,Palani Road,39,40.38,Jam,Cloudy
2026-01-08 22:41:00,Dindigul Bus Stand,34,62.4,Jam,Rainy
2026-01-08 22:42:00,Natham Road,138,19.63,Jam,Clear
2026-01-08 23:14:00,SPM Nagar,185,37.13,Moderate,Clear
2026-01-08 23:20:00,Trichy Road,151,63.87,Moderate,Clear
2026-01-08 23:27:00,Palani Road,72,34.79,Free Flow,Rainy
2026-01-08 23:40:00,Nagalk Nagar,91,59.49,Moderate,Clear
2026-01-08 23:49:00,Nagalk Nagar,71,52.37,Heavy,Cloudy
2026-01-08 23:51:00,Dindigul Bus Stand,26,52.65,Jam,Clear
2026-01-09 00:11:00,Trichy Road,94,22.84,Free Flow,Clear
2026-01-09 00:17:00,Begampur,13,39.3,Heavy,Clear
2026-01-09 00:26:00,SPM Nagar,14,38.29,Free Flow,Clear
2026-01-09 00:29:00,Trichy Road,15,34.56,Heavy,Cloudy
2026-01-09 00:33:00,Palani Road,94,53.64,Moderate,Cloudy
2026-01-09 00:37:00,Oddanchatram Road,33,21.06,Heavy,Cloudy
2026-01-09 00:39:00,Dindigul Bus Stand,160,54.02,Free Flow,Rainy
2026-01-09 00:39:00,Natham Road,91,53.54,Jam,Rainy
2026-01-09 00:41:00,Batlagundu Road,83,53.61,Jam,Cloudy
2026-01-09 00:53:00,Natham Road,13,63.46,Jam,Cloudy
2026-01-09 00:56:00,SPM Nagar,153,68.56,Heavy,Clear
2026-01-09 01:05:00,Palani Road,114,34.43,Jam,Rainy
2026-01-09 01:05:00,Trichy Road,83,58.84,Moderate,Rainy
2026-01-09 01:17:00,Dindigul Bus Stand,139,30.16,Free Flow,Cloudy
2026-01-09 01:24:00,Batlagundu Road,192,37.01,Moderate,Rainy
2026-01-09 01:25:00,Begampur,19,51.3,Jam,Rainy
2026-01-09 01:31:00,Dindigul Bus Stand,126,31.76,Heavy,Cloudy
2026-01-09 01:37:00,Begampur,52,41.99,Heavy,Cloudy
2026-01-09 01:51:00,Oddanchatram Road,194,21.64,Free Flow,Cloudy
2026-01-09 02:00:00,Palani Road,178,64.99,Jam,Cloudy
2026-01-09 02:12:00,Nagalk Nagar,134,21.77,Heavy,Cloudy
2026-01-09 02:17:00,Nagalk Nagar,91,51.45,Heavy,Cloudy
2026-01-09 02:59:00,Dindigul Bus Stand,33,24.17,Jam,Clear
2026-01-09 03:15:00,Palani Road,64,41.5,Free Flow,Rainy
2026-01-09 03:32:00,Palani Road,28,55.71,Jam,Clear
2026-01-09 03:35:00,Begampur,185,59.07,Jam,Clear
2026-01-09 03:40:00,Trichy Road,70,30.78,Heavy,Clear
2026-01-09 03:47:00,Natham Road,143,38.48,Moderate,Cloudy
2026-01-09 03:50:00,Begampur,198,35.12,Moderate,Cloudy
2026-01-09 03:56:00,Oddanchatram Road,118,40.58,Heavy,Clear
2026-01-09 04:02:00,Natham Road,47,51.92,Moderate,Cloudy
2026-01-09 04:10:00,Batlagundu Road,158,68.86,Heavy,Clear
2026-01-09 04:17:00,Dindigul Bus Stand,95,47.44,Jam,Cloudy
2026-01-09 04:22:00,Batlagundu Road,88,25.01,Moderate,Rainy
2026-01-09 04:32:00,Batlagundu Road,78,38.93,Moderate,Clear
2026-01-09 04:34:00,Natham Road,80,36.74,Moderate,Cloudy
2026-01-09 04:51:00,Nagalk Nagar,90,49.89,Moderate,Cloudy
2026-01-09 04:59:00,Trichy Road,139,25.76,Free Flow,Rainy
2026-01-09 05:18:00,Nagalk Nagar,37,50.96,Jam,Rainy
2026-01-09 05:23:00,Begampur,64,17.36,Heavy,Clear
2026-01-09 05:35:00,Batlagundu Road,155,22.84,Heavy,Cloudy
2026-01-09 05:38:00,Begampur,40,36.49,Free Flow,Cloudy
2026-01-09 05:39:00,Batlagundu Road,37,35.41,Free Flow,Clear
2026-01-09 05:42:00,Natham Road,189,40.03,Free Flow,Rainy
2026-01-09 06:01:00,Oddanchatram Road,178,53.53,Heavy,Cloudy
2026-01-09 06:03:00,Oddanchatram Road,100,38.27,Moderate,Cloudy
2026-01-09 06:22:00,Oddanchatram Road,60,59.14,Free Flow,Cloudy
2026-01-09 06:24:00,Oddanchatram Road,186,67.2,Moderate,Clear
2026-01-09 06:27:00,Dindigul Bus Stand,23,28.75,Heavy,Cloudy
2026-01-09 06:32:00,RM Colony,98,40.76,Heavy,Rainy
2026-01-09 06:41:00,Natham Road,60,42.99,Moderate,Rainy
2026-01-09 06:51:00,RM Colony,74,38.46,Heavy,Rainy
2026-01-09 06:55:00,Trichy Road,166,60.62,Heavy,Rainy
2026-01-09 07:07:00,RM Colony,128,40.33,Free Flow,Clear
2026-01-09 07:14:00,Batlagundu Road,140,62.01,Jam,Rainy
2026-01-09 07:26:00,Batlagundu Road,17,15.07,Free Flow,Cloudy
2026-01-09 07:33:00,Batlagundu Road,177,38.73,Moderate,Cloudy
2026-01-09 07:40:00,Oddanchatram Road,15,36.24,Moderate,Rainy
2026-01-09 07:44:00,SPM Nagar,19,42.1,Free Flow,Clear
2026-01-09 07:53:00,Oddanchatram Road,19,23.92,Jam,Rainy
2026-01-09 08:03:00,Batlagundu Road,158,44.33,Moderate,Clear
2026-01-09 08:06:00,Nagalk Nagar,106,23.33,Jam,Clear
2026-01-09 08:08:00,Dindigul Bus Stand,54,56.07,Moderate,Cloudy
2026-01-09 08:14:00,Oddanchatram Road,179,36.42,Jam,Rainy
2026-01-09 08:17:00,Batlagundu Road,65,64.41,Free Flow,Clear
2026-01-09 08:25:00,SPM Nagar,126,65.43,Free Flow,Rainy
2026-01-09 08:29:00,Batlagundu Road,88,53.67,Jam,Cloudy
2026-01-09 08:36:00,Natham Road,20,40.26,Heavy,Rainy
2026-01-09 08:54:00,Trichy Road,151,38.55,Jam,Cloudy
2026-01-09 08:58:00,Batlagundu Road,112,37.83,Free Flow,Rainy
2026-01-09 08:59:00,Palani Road,157,68.59,Moderate,Cloudy
2026-01-09 09:00:00,Begampur,146,28.62,Jam,Clear
2026-01-09 09:21:00,Nagalk Nagar,79,25.63,Moderate,Clear
2026-01-09 09:23:00,Begampur,71,43.45,Jam,Cloudy
2026-01-09 09:39:00,Begampur,54,48.0,Jam,Rainy
2026-01-09 09:49:00,RM Colony,144,50.63,Jam,Cloudy
2026-01-09 09:55:00,Palani Road,52,36.57,Jam,Rainy
2026-01-09 10:00:00,Dindigul Bus Stand,18,17.07,Free Flow,Cloudy
2026-01-09 10:06:00,Nagalk Nagar,125,28.48,Moderate,Cloudy
2026-01-09 10:17:00,Dindigul Bus Stand,160,45.32,Heavy,Cloudy
2026-01-09 10:24:00,Batlagundu Road,32,57.93,Jam,Clear
2026-01-09 10:29:00,RM Colony,156,50.19,Heavy,Clear
2026-01-09 10:53:00,Begampur,133,32.04,Heavy,Clear
2026-01-09 11:22:00,Begampur,29,22.75,Free Flow,Clear
2026-01-09 11:31:00,Oddanchatram Road,27,50.72,Jam,Rainy
2026-01-09 11:35:00,SPM Nagar,174,57.78,Jam,Rainy
2026-01-09 11:37:00,Nagalk Nagar,144,55.31,Free Flow,Clear
2026-01-09 11:43:00,RM Colony,16,38.21,Moderate,Cloudy
2026-01-09 11:45:00,Begampur,97,33.57,Moderate,Cloudy
2026-01-09 11:46:00,Palani Road,25,15.77,Moderate,Rainy
2026-01-09 11:48:00,Oddanchatram Road,142,59.57,Jam,Cloudy
2026-01-09 12:16:00,Oddanchatram Road,194,15.67,Jam,Clear
2026-01-09 12:21:00,Palani Road,116,20.77,Jam,Clear
2026-01-09 12:43:00,Begampur,13,62.19,Free Flow,Rainy
2026-01-09 12:46:00,RM Colony,86,19.4,Jam,Clear
2026-01-09 12:56:00,RM Colony,153,68.66,Free Flow,Rainy
2026-01-09 13:02:00,Nagalk Nagar,44,26.06,Heavy,Cloudy
2026-01-09 13:03:00,SPM Nagar,146,64.77,Free Flow,Cloudy
2026-01-09 13:08:00,Batlagundu Road,132,38.34,Moderate,Rainy
2026-01-09 13:18:00,Nagalk Nagar,34,68.88,Free Flow,Rainy
2026-01-09 13:38:00,Trichy Road,134,56.97,Free Flow,Clear
2026-01-09 13:41:00,SPM Nagar,60,18.89,Free Flow,Clear
2026-01-09 13:43:00,RM Colony,113,59.51,Heavy,Cloudy
2026-01-09 13:49:00,SPM Nagar,15,69.17,Moderate,Cloudy
2026-01-09 14:04:00,Begampur,155,19.13,Heavy,Clear
2026-01-09 14:18:00,Nagalk Nagar,15,42.91,Heavy,Cloudy
2026-01-09 14:19:00,Dindigul Bus Stand,150,22.15,Heavy,Clear
2026-01-09 14:21:00,Dindigul Bus Stand,70,26.32,Free Flow,Rainy
2026-01-09 14:28:00,RM Colony,64,19.33,Moderate,Rainy
2026-01-09 14:45:00,Dindigul Bus Stand,174,23.66,Moderate,Clear
2026-01-09 14:56:00,RM Colony,168,48.74,Moderate,Cloudy
2026-01-09 14:58:00,Batlagundu Road,108,42.54,Heavy,Clear
2026-01-09 15:16:00,Dindigul Bus Stand,148,69.02,Jam,Rainy
2026-01-09 15:26:00,RM Colony,33,67.29,Moderate,Cloudy
2026-01-09 15:58:00,Begampur,51,67.42,Jam,Clear
2026-01-09 16:47:00,Dindigul Bus Stand,12,63.93,Jam,Cloudy
2026-01-09 16:50:00,Trichy Road,111,25.73,Jam,Clear
2026-01-09 16:59:00,Dindigul Bus Stand,151,63.69,Heavy,Clear
2026-01-09 17:02:00,Nagalk Nagar,47,26.34,Free Flow,Clear
2026-01-09 17:03:00,Palani Road,24,25.95,Moderate,Cloudy
2026-01-09 17:12:00,Natham Road,119,50.05,Heavy,Rainy
2026-01-09 17:14:00,Nagalk Nagar,146,24.03,Free Flow,Rainy
2026-01-09 17:29:00,Begampur,70,40.3,Moderate,Rainy
2026-01-09 17:32:00,Begampur,22,44.01,Heavy,Rainy
2026-01-09 17:42:00,RM Colony,83,42.29,Moderate,Cloudy
2026-01-09 17:43:00,Palani Road,79,56.2,Free Flow,Clear
2026-01-09 17:47:00,Begampur,150,67.74,Jam,Rainy
2026-01-09 18:03:00,RM Colony,93,23.77,Heavy,Clear
2026-01-09 18:24:00,Natham Road,93,54.62,Heavy,Rainy
2026-01-09 18:25:00,Nagalk Nagar,116,63.92,Free Flow,Rainy
2026-01-09 18:44:00,Dindigul Bus Stand,97,49.06,Heavy,Clear
2026-01-09 18:53:00,SPM Nagar,77,64.47,Heavy,Cloudy
2026-01-09 18:56:00,Palani Road,28,50.84,Free Flow,Cloudy
2026-01-09 18:57:00,Natham Road,156,60.67,Heavy,Clear
2026-01-09 18:59:00,RM Colony,80,61.56,Heavy,Rainy
2026-01-09 19:16:00,SPM Nagar,108,21.62,Jam,Cloudy
2026-01-09 19:31:00,Batlagundu Road,123,50.93,Jam,Clear
2026-01-09 19:45:00,Batlagundu Road,54,68.29,Moderate,Cloudy
2026-01-09 19:47:00,Oddanchatram Road,64,22.95,Jam,Clear
2026-01-09 20:01:00,Nagalk Nagar,114,42.56,Jam,Rainy
2026-01-09 20:05:00,Nagalk Nagar,79,66.03,Jam,Cloudy
2026-01-09 20:15:00,Natham Road,122,23.09,Jam,Cloudy
2026-01-09 20:25:00,Batlagundu Road,144,32.15,Heavy,Clear
2026-01-09 20:35:00,Trichy Road,176,65.47,Heavy,Rainy
2026-01-09 20:38:00,Natham Road,44,54.8,Free Flow,Clear
2026-01-09 20:41:00,Oddanchatram Road,13,67.49,Heavy,Rainy
2026-01-09 20:49:00,Palani Road,110,37.07,Jam,Clear
2026-01-09 20:53:00,Palani Road,86,22.45,Heavy,Rainy
2026-01-09 20:58:00,SPM Nagar,59,69.59,Moderate,Rainy
2026-01-09 21:09:00,Natham Road,101,60.01,Jam,Clear
2026-01-09 21:25:00,Dindigul Bus Stand,93,52.98,Moderate,Clear
2026-01-09 21:27:00,Batlagundu Road,48,52.28,Moderate,Rainy
2026-01-09 21:40:00,Begampur,93,33.32,Moderate,Cloudy
2026-01-09 21:55:00,Begampur,95,35.43,Moderate,Clear
2026-01-09 22:04:00,Batlagundu Road,152,39.52,Moderate,Clear
2026-01-09 22:19:00,Begampur,138,43.68,Moderate,Cloudy
2026-01-09 22:20:00,Oddanchatram Road,97,35.77,Moderate,Rainy
2026-01-09 22:45:00,Nagalk Nagar,12,21.8,Moderate,Cloudy
2026-01-09 22:56:00,Oddanchatram Road,104,55.96,Free Flow,Rainy
2026-01-09 22:56:00,Trichy Road,87,64.99,Jam,Clear
2026-01-09 23:15:00,Palani Road,59,45.77,Jam,Rainy
2026-01-09 23:17:00,Nagalk Nagar,87,36.69,Heavy,Clear
2026-01-09 23:22:00,SPM Nagar,198,48.98,Heavy,Rainy
2026-01-09 23:24:00,Natham Road,113,62.75,Moderate,Cloudy
2026-01-09 23:42:00,RM Colony,160,35.49,Moderate,Clear
2026-01-09 23:47:00,Oddanchatram Road,194,23.45,Heavy,Rainy
2026-01-10 00:12:00,SPM Nagar,157,39.84,Moderate,Rainy
2026-01-10 01:34:00,SPM Nagar,198,21.61,Heavy,Clear
2026-01-10 01:35:00,Nagalk Nagar,57,40.12,Free Flow,Clear
2026-01-10 01:41:00,Nagalk Nagar,70,49.95,Heavy,Rainy
2026-01-10 01:50:00,Begampur,157,57.79,Heavy,Cloudy
2026-01-10 01:56:00,Nagalk Nagar,192,15.91,Moderate,Clear
2026-01-10 01:59:00,Begampur,144,40.4,Jam,Cloudy
2026-01-10 02:23:00,Dindigul Bus Stand,133,48.47,Moderate,Rainy
2026-01-10 02:24:00,Begampur,157,35.2,Jam,Clear
2026-01-10 02:28:00,Natham Road,97,16.9,Jam,Clear
2026-01-10 02:30:00,RM Colony,174,17.62,Free Flow,Cloudy
2026-01-10 02:31:00,SPM Nagar,136,40.2,Jam,Cloudy
2026-01-10 02:31:00,RM Colony,105,30.32,Free Flow,Cloudy
2026-01-10 02:33:00,Batlagundu Road,33,26.84,Heavy,Clear
2026-01-10 02:37:00,SPM Nagar,88,52.87,Heavy,Clear
2026-01-10 02:43:00,Trichy Road,31,63.46,Jam,Cloudy
2026-01-10 02:44:00,Batlagundu Road,118,50.47,Moderate,Cloudy
2026-01-10 03:00:00,Oddanchatram Road,74,65.98,Jam,Clear
2026-01-10 03:20:00,Nagalk Nagar,18,18.92,Jam,Clear
2026-01-10 03:21:00,Trichy Road,169,22.52,Free Flow,Rainy
2026-01-10 03:37:00,Batlagundu Road,144,24.23,Heavy,Rainy
2026-01-10 03:38:00,Batlagundu Road,116,27.19,Free Flow,Clear
2026-01-10 03:44:00,RM Colony,158,41.48,Free Flow,Clear
2026-01-10 03:48:00,Dindigul Bus Stand,120,31.22,Jam,Rainy
2026-01-10 03:56:00,Trichy Road,122,16.6,Free Flow,Cloudy
2026-01-10 04:11:00,Palani Road,55,63.86,Moderate,Cloudy
2026-01-10 04:13:00,Nagalk Nagar,147,51.81,Jam,Rainy
2026-01-10 04:14:00,SPM Nagar,180,41.72,Jam,Rainy
2026-01-10 04:19:00,SPM Nagar,14,18.67,Jam,Cloudy
2026-01-10 04:20:00,Natham Road,104,29.21,Heavy,Rainy
2026-01-10 04:22:00,Oddanchatram Road,104,36.96,Jam,Rainy
2026-01-10 04:31:00,Trichy Road,136,15.2,Free Flow,Cloudy
2026-01-10 04:33:00,Batlagundu Road,34,30.2,Heavy,Rainy
2026-01-10 04:55:00,SPM Nagar,197,66.35,Free Flow,Clear
2026-01-10 04:56:00,Nagalk Nagar,175,19.97,Free Flow,Rainy
2026-01-10 05:03:00,SPM Nagar,53,69.1,Jam,Rainy
2026-01-10 05:04:00,Begampur,75,16.24,Heavy,Rainy
2026-01-10 05:06:00,Oddanchatram Road,59,51.7,Jam,Clear
2026-01-10 05:09:00,Trichy Road,49,61.01,Jam,Rainy
2026-01-10 05:09:00,Oddanchatram Road,57,18.58,Free Flow,Clear
2026-01-10 05:12:00,Trichy Road,34,47.63,Moderate,Cloudy
2026-01-10 05:30:00,Trichy Road,175,44.62,Moderate,Rainy
2026-01-10 05:38:00,Batlagundu Road,19,45.41,Jam,Cloudy
2026-01-10 05:38:00,Dindigul Bus Stand,191,17.96,Moderate,Clear
2026-01-10 05:41:00,Begampur,133,66.44,Jam,Clear
2026-01-10 05:42:00,SPM Nagar,158,52.71,Free Flow,Cloudy
2026-01-10 05:48:00,Nagalk Nagar,31,38.0,Heavy,Rainy
2026-01-10 05:49:00,Dindigul Bus Stand,109,27.18,Moderate,Clear
2026-01-10 05:58:00,Natham Road,30,44.08,Moderate,Clear
2026-01-10 06:01:00,SPM Nagar,119,68.33,Jam,Clear
2026-01-10 06:35:00,Batlagundu Road,187,50.0,Moderate,Cloudy
2026-01-10 06:35:00,Batlagundu Road,73,24.93,Free Flow,Clear
2026-01-10 06:37:00,Trichy Road,135,59.16,Moderate,Rainy
2026-01-10 06:40:00,Batlagundu Road,174,47.84,Heavy,Cloudy
2026-01-10 06:45:00,Oddanchatram Road,140,29.06,Heavy,Clear
2026-01-10 06:46:00,Dindigul Bus Stand,137,62.87,Moderate,Rainy
2026-01-10 06:57:00,RM Colony,190,41.17,Jam,Clear
2026-01-10 07:03:00,SPM Nagar,127,63.79,Free Flow,Rainy
2026-01-10 07:04:00,Trichy Road,33,44.16,Moderate,Cloudy
2026-01-10 07:54:00,Trichy Road,15,17.42,Free Flow,Rainy
2026-01-10 08:01:00,Dindigul Bus Stand,13,33.61,Heavy,Rainy
2026-01-10 08:04:00,Palani Road,120,45.67,Free Flow,Cloudy
2026-01-10 08:07:00,SPM Nagar,78,30.37,Jam,Rainy
2026-01-10 08:24:00,Natham Road,169,27.98,Free Flow,Clear
2026-01-10 08:42:00,Dindigul Bus Stand,180,35.43,Heavy,Rainy
2026-01-10 08:47:00,Natham Road,136,34.3,Free Flow,Clear
2026-01-10 08:57:00,Dindigul Bus Stand,82,63.59,Moderate,Clear
2026-01-10 08:59:00,Oddanchatram Road,199,64.97,Jam,Rainy
2026-01-10 08:59:00,Oddanchatram Road,69,61.63,Heavy,Rainy
2026-01-10 09:16:00,Dindigul Bus Stand,56,27.8,Heavy,Cloudy
2026-01-10 09:30:00,Palani Road,172,47.01,Free Flow,Cloudy
2026-01-10 09:51:00,Nagalk Nagar,83,68.55,Moderate,Rainy
2026-01-10 09:52:00,Batlagundu Road,19,50.18,Moderate,Cloudy
2026-01-10 10:01:00,Nagalk Nagar,173,39.35,Moderate,Cloudy
2026-01-10 10:19:00,Nagalk Nagar,83,33.81,Jam,Clear
2026-01-10 10:24:00,Dindigul Bus Stand,198,34.55,Free Flow,Rainy
2026-01-10 10:57:00,SPM Nagar,78,25.06,Jam,Rainy
2026-01-10 10:58:00,Nagalk Nagar,88,58.95,Free Flow,Clear
2026-01-10 11:32:00,Natham Road,36,17.27,Heavy,Rainy
2026-01-10 11:36:00,Palani Road,51,61.68,Heavy,Clear
2026-01-10 11:43:00,Dindigul Bus Stand,123,21.43,Free Flow,Cloudy
2026-01-10 11:56:00,Natham Road,190,29.11,Heavy,Cloudy
2026-01-10 12:02:00,Begampur,116,47.0,Moderate,Cloudy
2026-01-10 12:06:00,RM Colony,193,46.1,Jam,Rainy
2026-01-10 12:20:00,SPM Nagar,31,58.57,Free Flow,Rainy
2026-01-10 12:25:00,Batlagundu Road,180,16.05,Jam,Clear
2026-01-10 12:25:00,Trichy Road,118,63.12,Jam,Clear
2026-01-10 12:26:00,Oddanchatram Road,68,28.06,Free Flow,Cloudy
2026-01-10 12:34:00,Trichy Road,140,48.78,Moderate,Cloudy
2026-01-10 12:38:00,Nagalk Nagar,84,61.81,Heavy,Cloudy
2026-01-10 12:40:00,Natham Road,66,34.13,Free Flow,Rainy
2026-01-10 12:56:00,RM Colony,172,34.67,Heavy,Cloudy
2026-01-10 13:04:00,Dindigul Bus Stand,125,57.24,Heavy,Rainy
2026-01-10 13:14:00,Palani Road,149,22.49,Free Flow,Cloudy
2026-01-10 13:22:00,Trichy Road,74,58.11,Heavy,Rainy
2026-01-10 13:22:00,SPM Nagar,116,44.88,Heavy,Cloudy
2026-01-10 13:28:00,Begampur,148,55.52,Jam,Clear
2026-01-10 13:36:00,Batlagundu Road,116,28.6,Free Flow,Clear
2026-01-10 13:39:00,Dindigul Bus Stand,140,25.48,Jam,Rainy
2026-01-10 13:41:00,Oddanchatram Road,122,27.06,Moderate,Cloudy
2026-01-10 13:50:00,Dindigul Bus Stand,194,34.71,Heavy,Clear
2026-01-10 13:57:00,Oddanchatram Road,120,58.88,Jam,Rainy
2026-01-10 14:00:00,Nagalk Nagar,178,53.15,Jam,Clear
2026-01-10 14:01:00,Palani Road,165,23.25,Moderate,Rainy
2026-01-10 14:15:00,Batlagundu Road,11,36.92,Heavy,Rainy
2026-01-10 14:16:00,Palani Road,19,52.09,Heavy,Rainy
2026-01-10 14:24:00,Dindigul Bus Stand,158,47.53,Moderate,Clear
2026-01-10 14:30:00,Oddanchatram Road,147,50.76,Free Flow,Cloudy
2026-01-10 14:44:00,Dindigul Bus Stand,17,38.16,Free Flow,Cloudy
2026-01-10 14:45:00,Nagalk Nagar,11,48.29,Moderate,Rainy
2026-01-10 14:46:00,Batlagundu Road,114,52.08,Free Flow,Rainy
2026-01-10 14:47:00,Natham Road,69,62.43,Free Flow,Rainy
2026-01-10 14:48:00,Dindigul Bus Stand,52,45.13,Free Flow,Rainy
2026-01-10 14:50:00,Nagalk Nagar,46,29.94,Moderate,Cloudy
2026-01-10 15:22:00,Trichy Road,186,36.84,Heavy,Rainy
2026-01-10 15:28:00,RM Colony,159,58.11,Free Flow,Clear
2026-01-10 16:10:00,Batlagundu Road,105,29.39,Free Flow,Rainy
2026-01-10 16:27:00,Dindigul Bus Stand,102,57.76,Moderate,Cloudy
2026-01-10 16:28:00,Batlagundu Road,111,31.48,Jam,Clear
2026-01-10 16:30:00,Palani Road,168,50.1,Heavy,Rainy
2026-01-10 16:38:00,Trichy Road,40,40.53,Jam,Clear
2026-01-10 16:49:00,Batlagundu Road,102,55.55,Jam,Clear
2026-01-10 16:52:00,Palani Road,185,50.77,Heavy,Rainy
2026-01-10 16:55:00,Oddanchatram Road,123,15.21,Moderate,Rainy
2026-01-10 16:55:00,Palani Road,25,47.53,Jam,Clear
2026-01-10 17:04:00,SPM Nagar,130,52.45,Moderate,Cloudy
2026-01-10 17:04:00,RM Colony,117,58.64,Heavy,Cloudy
2026-01-10 17:10:00,Batlagundu Road,57,37.56,Jam,Clear
2026-01-10 17:16:00,Nagalk Nagar,174,16.36,Free Flow,Rainy
2026-01-10 17:18:00,Begampur,76,30.53,Moderate,Rainy
2026-01-10 17:27:00,Oddanchatram Road,199,18.01,Jam,Clear
2026-01-10 17:39:00,Nagalk Nagar,157,42.7,Free Flow,Clear
2026-01-10 17:47:00,Trichy Road,188,60.34,Jam,Rainy
2026-01-10 17:56:00,Dindigul Bus Stand,188,64.52,Heavy,Rainy
2026-01-10 17:57:00,SPM Nagar,179,49.46,Heavy,Cloudy
2026-01-10 18:25:00,Oddanchatram Road,59,48.09,Heavy,Cloudy
2026-01-10 18:49:00,Begampur,151,39.97,Jam,Rainy
2026-01-10 19:00:00,Dindigul Bus Stand,142,56.2,Moderate,Rainy
2026-01-10 19:09:00,SPM Nagar,175,67.14,Moderate,Rainy
2026-01-10 20:07:00,Batlagundu Road,109,44.49,Moderate,Rainy
2026-01-10 20:09:00,SPM Nagar,126,64.25,Jam,Cloudy
2026-01-10 20:24:00,Dindigul Bus Stand,130,46.45,Moderate,Cloudy
2026-01-10 20:36:00,RM Colony,161,51.25,Jam,Clear
2026-01-10 20:40:00,Oddanchatram Road,141,43.04,Heavy,Clear
2026-01-10 20:40:00,Oddanchatram Road,127,37.94,Heavy,Rainy
2026-01-10 20:45:00,Oddanchatram Road,164,37.69,Heavy,Cloudy
2026-01-10 20:52:00,Trichy Road,40,39.19,Free Flow,Cloudy
2026-01-10 20:56:00,Trichy Road,106,34.45,Moderate,Clear
2026-01-10 21:13:00,RM Colony,16,39.83,Free Flow,Clear
2026-01-10 21:14:00,Oddanchatram Road,185,66.89,Jam,Rainy
2026-01-10 21:17:00,Batlagundu Road,87,48.78,Jam,Clear
2026-01-10 21:18:00,Batlagundu Road,142,48.89,Jam,Rainy
2026-01-10 21:26:00,Oddanchatram Road,67,15.13,Heavy,Cloudy
2026-01-10 21:32:00,Batlagundu Road,35,23.77,Free Flow,Rainy
2026-01-10 21:36:00,Trichy Road,194,18.9,Free Flow,Clear
2026-01-10 21:50:00,Palani Road,119,30.83,Heavy,Clear
2026-01-10 21:51:00,Nagalk Nagar,142,69.89,Moderate,Cloudy
2026-01-10 21:55:00,Nagalk Nagar,54,65.76,Jam,Rainy
2026-01-10 22:00:00,RM Colony,66,28.9,Jam,Cloudy
2026-01-10 22:38:00,Nagalk Nagar,34,55.3,Heavy,Rainy
2026-01-10 22:39:00,RM Colony,119,48.24,Moderate,Clear
2026-01-10 22:48:00,Batlagundu Road,38,54.41,Heavy,Rainy
2026-01-10 22:53:00,Trichy Road,87,25.53,Free Flow,Clear
2026-01-10 23:00:00,Begampur,74,29.36,Moderate,Clear
2026-01-10 23:05:00,Begampur,57,40.3,Free Flow,Clear
2026-01-10 23:25:00,Natham Road,126,40.24,Heavy,Rainy
2026-01-11 00:06:00,Nagalk Nagar,57,58.07,Moderate,Clear
2026-01-11 00:08:00,Nagalk Nagar,45,53.4,Heavy,Clear
2026-01-11 00:11:00,Trichy Road,155,46.58,Moderate,Clear
2026-01-11 00:34:00,Palani Road,120,36.08,Jam,Cloudy
2026-01-11 00:41:00,Nagalk Nagar,48,27.84,Heavy,Cloudy
2026-01-11 00:43:00,Trichy Road,95,40.4,Free Flow,Rainy
2026-01-11 00:52:00,Begampur,41,42.89,Jam,Rainy
2026-01-11 00:55:00,Batlagundu Road,40,16.7,Free Flow,Clear
2026-01-11 01:00:00,Oddanchatram Road,25,49.48,Heavy,Cloudy
2026-01-11 01:00:00,Batlagundu Road,111,23.7,Heavy,Clear
2026-01-11 01:03:00,Nagalk Nagar,76,29.48,Free Flow,Cloudy
2026-01-11 01:20:00,SPM Nagar,47,56.4,Jam,Cloudy
2026-01-11 01:28:00,Trichy Road,150,53.01,Moderate,Rainy
2026-01-11 02:07:00,Batlagundu Road,115,67.68,Free Flow,Cloudy
2026-01-11 02:13:00,Begampur,90,32.84,Heavy,Cloudy
2026-01-11 02:16:00,Natham Road,121,32.92,Free Flow,Cloudy
2026-01-11 02:20:00,Oddanchatram Road,95,41.63,Moderate,Cloudy
2026-01-11 02:26:00,Nagalk Nagar,78,65.9,Jam,Cloudy
2026-01-11 02:38:00,Nagalk Nagar,146,36.82,Jam,Clear
2026-01-11 02:38:00,Dindigul Bus Stand,82,32.9,Jam,Rainy
2026-01-11 02:51:00,RM Colony,11,47.98,Heavy,Cloudy
2026-01-11 02:55:00,Batlagundu Road,78,43.44,Jam,Cloudy
2026-01-11 03:03:00,Trichy Road,43,64.51,Jam,Rainy
2026-01-11 03:05:00,RM Colony,124,69.86,Jam,Cloudy
2026-01-11 03:08:00,Oddanchatram Road,24,41.24,Free Flow,Cloudy
2026-01-11 03:10:00,Batlagundu Road,169,60.46,Moderate,Cloudy
2026-01-11 03:46:00,SPM Nagar,171,64.88,Moderate,Cloudy
2026-01-11 03:48:00,Begampur,43,30.98,Heavy,Cloudy
2026-01-11 03:56:00,RM Colony,53,30.24,Heavy,Rainy
2026-01-11 04:21:00,Palani Road,88,18.8,Jam,Rainy
2026-01-11 04:29:00,Oddanchatram Road,108,42.83,Moderate,Rainy
2026-01-11 04:38:00,Trichy Road,12,43.26,Moderate,Cloudy
2026-01-11 04:40:00,Begampur,39,39.44,Heavy,Cloudy
2026-01-11 04:42:00,Trichy Road,101,37.31,Free Flow,Cloudy
2026-01-11 04:45:00,Trichy Road,169,30.32,Free Flow,Cloudy
2026-01-11 04:48:00,Natham Road,168,25.02,Free Flow,Rainy
2026-01-11 04:49:00,Trichy Road,24,18.15,Free Flow,Cloudy
2026-01-11 05:00:00,Dindigul Bus Stand,152,59.14,Free Flow,Rainy
2026-01-11 05:20:00,Begampur,78,48.1,Jam,Cloudy
2026-01-11 05:28:00,Palani Road,128,27.76,Jam,Rainy
2026-01-11 05:37:00,Oddanchatram Road,113,20.05,Heavy,Cloudy
2026-01-11 05:39:00,Begampur,64,49.5,Free Flow,Clear
2026-01-11 05:43:00,Batlagundu Road,15,49.94,Jam,Rainy
2026-01-11 05:47:00,Palani Road,143,22.42,Heavy,Cloudy
2026-01-11 06:05:00,Trichy Road,157,22.28,Moderate,Cloudy
2026-01-11 06:18:00,Oddanchatram Road,110,63.86,Jam,Clear
2026-01-11 06:29:00,Batlagundu Road,83,15.52,Jam,Rainy
2026-01-11 06:34:00,Batlagundu Road,135,69.9,Heavy,Cloudy
2026-01-11 06:35:00,Trichy Road,157,35.58,Jam,Clear
2026-01-11 06:47:00,RM Colony,26,61.57,Free Flow,Rainy
2026-01-11 07:08:00,Palani Road,32,68.08,Moderate,Cloudy
2026-01-11 07:18:00,Batlagundu Road,190,33.14,Moderate,Cloudy
2026-01-11 07:33:00,Nagalk Nagar,167,68.7,Free Flow,Rainy
2026-01-11 07:48:00,Batlagundu Road,31,53.49,Free Flow,Cloudy
2026-01-11 08:07:00,Nagalk Nagar,116,52.37,Free Flow,Clear
2026-01-11 08:11:00,Batlagundu Road,142,52.54,Free Flow,Cloudy
2026-01-11 08:15:00,Begampur,56,56.58,Heavy,Clear
2026-01-11 08:17:00,Oddanchatram Road,97,41.87,Moderate,Rainy
2026-01-11 08:19:00,Oddanchatram Road,171,48.56,Heavy,Rainy
2026-01-11 08:27:00,Trichy Road,186,33.26,Moderate,Rainy
2026-01-11 08:34:00,Natham Road,12,63.9,Heavy,Rainy
2026-01-11 08:41:00,Batlagundu Road,34,15.08,Jam,Rainy
2026-01-11 09:00:00,Dindigul Bus Stand,21,65.33,Free Flow,Rainy
2026-01-11 09:14:00,Natham Road,133,38.95,Heavy,Cloudy
2026-01-11 09:15:00,Natham Road,163,59.1,Free Flow,Rainy
2026-01-11 09:22:00,RM Colony,199,16.04,Jam,Clear
2026-01-11 09:38:00,Natham Road,172,27.23,Moderate,Clear
2026-01-11 09:42:00,Oddanchatram Road,186,15.96,Jam,Rainy
2026-01-11 09:45:00,Trichy Road,87,41.1,Jam,Rainy
2026-01-11 09:51:00,Batlagundu Road,68,53.91,Heavy,Cloudy
2026-01-11 09:53:00,Natham Road,84,39.3,Moderate,Rainy
2026-01-11 09:57:00,Palani Road,173,35.39,Moderate,Clear
2026-01-11 09:59:00,Palani Road,62,16.24,Heavy,Cloudy
2026-01-11 10:05:00,Natham Road,196,50.38,Moderate,Rainy
2026-01-11 10:29:00,Dindigul Bus Stand,60,32.96,Moderate,Cloudy
2026-01-11 10:29:00,Palani Road,18,35.76,Moderate,Cloudy
2026-01-11 10:31:00,RM Colony,43,65.69,Free Flow,Rainy
2026-01-11 10:32:00,SPM Nagar,103,33.44,Moderate,Clear
2026-01-11 10:43:00,SPM Nagar,120,40.38,Heavy,Rainy
2026-01-11 10:57:00,Trichy Road,186,51.34,Moderate,Clear
2026-01-11 11:06:00,Oddanchatram Road,161,46.83,Free Flow,Rainy
2026-01-11 11:06:00,Begampur,193,35.38,Heavy,Cloudy
2026-01-11 11:11:00,Natham Road,173,38.68,Jam,Cloudy
2026-01-11 11:17:00,Batlagundu Road,150,21.86,Jam,Rainy
2026-01-11 11:24:00,Dindigul Bus Stand,68,28.59,Jam,Clear
2026-01-11 11:34:00,Dindigul Bus Stand,187,65.52,Free Flow,Clear
2026-01-11 11:36:00,Trichy Road,86,43.82,Heavy,Cloudy
2026-01-11 11:37:00,Natham Road,54,45.61,Moderate,Clear
2026-01-11 11:40:00,Batlagundu Road,83,64.75,Moderate,Rainy
2026-01-11 11:53:00,Natham Road,155,51.89,Free Flow,Cloudy
2026-01-11 11:53:00,Nagalk Nagar,174,63.57,Jam,Rainy
2026-01-11 11:59:00,Nagalk Nagar,174,38.02,Moderate,Clear
2026-01-11 12:05:00,Natham Road,83,15.38,Moderate,Clear
2026-01-11 12:08:00,Batlagundu Road,165,63.62,Moderate,Clear
2026-01-11 12:17:00,Batlagundu Road,125,27.74,Heavy,Rainy
2026-01-11 12:27:00,Begampur,101,66.1,Free Flow,Rainy
2026-01-11 12:32:00,Nagalk Nagar,186,35.43,Heavy,Clear
2026-01-11 12:32:00,Palani Road,41,62.18,Free Flow,Clear
2026-01-11 12:34:00,Palani Road,20,25.46,Heavy,Rainy
2026-01-11 12:35:00,Trichy Road,186,50.44,Heavy,Cloudy
2026-01-11 12:50:00,Palani Road,123,18.49,Heavy,Cloudy
2026-01-11 13:04:00,Dindigul Bus Stand,47,15.89,Heavy,Clear
2026-01-11 13:18:00,Natham Road,44,34.89,Free Flow,Clear
2026-01-11 13:28:00,Nagalk Nagar,33,51.35,Moderate,Rainy
2026-01-11 13:43:00,Batlagundu Road,169,17.3,Heavy,Rainy
2026-01-11 13:56:00,Palani Road,98,59.74,Free Flow,Rainy
2026-01-11 13:59:00,Oddanchatram Road,25,41.7,Jam,Cloudy
2026-01-11 14:00:00,Palani Road,155,20.04,Moderate,Cloudy
2026-01-11 14:00:00,Natham Road,188,36.98,Moderate,Cloudy
2026-01-11 14:13:00,Oddanchatram Road,50,47.34,Moderate,Cloudy
2026-01-11 14:19:00,SPM Nagar,131,65.27,Moderate,Rainy
2026-01-11 14:27:00,Trichy Road,129,57.0,Free Flow,Clear
2026-01-11 14:29:00,Palani Road,52,41.55,Jam,Clear
2026-01-11 14:29:00,Begampur,147,36.66,Heavy,Clear
2026-01-11 14:38:00,Begampur,50,66.97,Jam,Clear
2026-01-11 14:48:00,Oddanchatram Road,126,67.18,Free Flow,Clear
2026-01-11 14:54:00,Batlagundu Road,184,15.29,Free Flow,Rainy
2026-01-11 14:59:00,Oddanchatram Road,74,42.44,Moderate,Cloudy
2026-01-11 15:04:00,Dindigul Bus Stand,80,58.63,Heavy,Cloudy
2026-01-11 15:25:00,RM Colony,35,23.41,Heavy,Clear
2026-01-11 15:28:00,Natham Road,64,69.24,Moderate,Cloudy
2026-01-11 15:36:00,Nagalk Nagar,151,47.53,Heavy,Clear
2026-01-11 15:38:00,Batlagundu Road,71,49.91,Moderate,Clear
2026-01-11 15:47:00,Begampur,192,33.28,Jam,Cloudy
2026-01-11 15:48:00,Batlagundu Road,187,51.9,Moderate,Rainy
2026-01-11 15:56:00,Batlagundu Road,139,62.82,Heavy,Cloudy
2026-01-11 15:56:00,RM Colony,90,69.87,Jam,Clear
2026-01-11 16:01:00,Nagalk Nagar,189,21.41,Jam,Clear
2026-01-11 16:02:00,SPM Nagar,43,49.47,Moderate,Rainy
2026-01-11 16:02:00,Dindigul Bus Stand,156,62.45,Heavy,Rainy
2026-01-11 16:04:00,Palani Road,75,21.79,Free Flow,Rainy
2026-01-11 16:06:00,RM Colony,121,26.04,Moderate,Cloudy
2026-01-11 16:13:00,Begampur,44,18.11,Jam,Cloudy
2026-01-11 16:14:00,Dindigul Bus Stand,149,50.93,Free Flow,Clear
2026-01-11 16:18:00,SPM Nagar,41,27.28,Moderate,Cloudy
2026-01-11 16:23:00,Natham Road,74,65.2,Jam,Rainy
2026-01-11 16:25:00,Dindigul Bus Stand,186,60.64,Heavy,Cloudy
2026-01-11 16:38:00,RM Colony,51,44.89,Heavy,Cloudy
2026-01-11 16:57:00,RM Colony,159,15.95,Jam,Clear
2026-01-11 17:04:00,Trichy Road,66,50.13,Heavy,Rainy
2026-01-11 17:18:00,RM Colony,25,67.08,Free Flow,Cloudy
2026-01-11 17:24:00,RM Colony,149,59.21,Jam,Clear
2026-01-11 17:33:00,Begampur,82,55.85,Moderate,Rainy
2026-01-11 17:37:00,Natham Road,174,27.29,Jam,Clear
2026-01-11 17:41:00,Natham Road,65,16.44,Heavy,Rainy
2026-01-11 17:55:00,Natham Road,129,61.75,Free Flow,Clear
2026-01-11 17:57:00,RM Colony,190,56.49,Free Flow,Cloudy
2026-01-11 18:00:00,Begampur,97,54.43,Jam,Rainy
2026-01-11 18:21:00,SPM Nagar,194,47.3,Jam,Rainy
2026-01-11 18:43:00,RM Colony,108,41.94,Free Flow,Rainy
2026-01-11 19:18:00,Begampur,137,57.69,Free Flow,Cloudy
2026-01-11 19:28:00,Begampur,33,59.69,Free Flow,Clear
2026-01-11 19:33:00,Nagalk Nagar,153,67.57,Moderate,Rainy
2026-01-11 19:34:00,Palani Road,110,55.61,Moderate,Rainy
2026-01-11 19:38:00,Batlagundu Road,96,61.07,Moderate,Clear
2026-01-11 19:55:00,Trichy Road,181,37.38,Heavy,Rainy
2026-01-11 20:18:00,Batlagundu Road,172,53.93,Free Flow,Rainy
2026-01-11 20:28:00,Palani Road,139,19.73,Free Flow,Rainy
2026-01-11 20:45:00,Nagalk Nagar,104,69.52,Jam,Clear
2026-01-11 20:53:00,Natham Road,169,63.64,Free Flow,Rainy
2026-01-11 20:55:00,Begampur,35,65.03,Heavy,Clear
2026-01-11 21:05:00,Trichy Road,66,29.45,Jam,Rainy
2026-01-11 21:15:00,Natham Road,39,52.81,Free Flow,Cloudy
2026-01-11 21:19:00,Dindigul Bus Stand,123,47.18,Free Flow,Rainy
2026-01-11 21:26:00,Dindigul Bus Stand,43,58.05,Free Flow,Clear
2026-01-11 21:30:00,Begampur,89,54.91,Free Flow,Clear
2026-01-11 22:31:00,SPM Nagar,57,60.86,Free Flow,Cloudy
2026-01-11 22:50:00,RM Colony,99,26.85,Jam,Rainy
2026-01-11 23:01:00,SPM Nagar,71,22.54,Moderate,Clear
2026-01-11 23:15:00,Nagalk Nagar,21,46.33,Free Flow,Cloudy
2026-01-11 23:40:00,RM Colony,134,60.67,Moderate,Rainy
2026-01-12 00:04:00,Batlagundu Road,157,31.18,Heavy,Cloudy
2026-01-12 00:10:00,SPM Nagar,60,31.47,Jam,Cloudy
2026-01-12 00:18:00,SPM Nagar,151,42.52,Moderate,Rainy
2026-01-12 00:49:00,Nagalk Nagar,165,17.64,Jam,Rainy
2026-01-12 00:53:00,Begampur,105,38.06,Heavy,Rainy
2026-01-12 01:20:00,Nagalk Nagar,136,20.02,Free Flow,Cloudy
2026-01-12 01:26:00,Batlagundu Road,155,33.05,Jam,Clear
2026-01-12 01:26:00,Trichy Road,191,54.77,Moderate,Rainy
2026-01-12 01:26:00,Nagalk Nagar,22,30.76,Free Flow,Cloudy
2026-01-12 01:58:00,Nagalk Nagar,159,50.13,Jam,Clear
2026-01-12 02:10:00,Nagalk Nagar,190,48.58,Heavy,Cloudy
2026-01-12 02:21:00,Batlagundu Road,119,36.31,Jam,Clear
2026-01-12 02:23:00,Oddanchatram Road,113,65.0,Heavy,Cloudy
2026-01-12 02:27:00,Palani Road,133,65.68,Heavy,Rainy
2026-01-12 02:28:00,RM Colony,110,25.63,Free Flow,Clear
2026-01-12 02:43:00,Palani Road,46,31.44,Heavy,Rainy
2026-01-12 02:47:00,Batlagundu Road,165,16.06,Heavy,Clear
2026-01-12 03:00:00,Batlagundu Road,65,41.77,Jam,Clear
2026-01-12 03:01:00,Begampur,131,26.88,Free Flow,Clear
2026-01-12 03:12:00,Dindigul Bus Stand,169,44.81,Free Flow,Rainy
2026-01-12 03:15:00,Begampur,90,34.59,Heavy,Cloudy
2026-01-12 03:22:00,RM Colony,156,67.74,Free Flow,Clear
2026-01-12 03:22:00,Trichy Road,77,36.52,Jam,Cloudy
2026-01-12 03:25:00,Trichy Road,125,24.2,Jam,Rainy
2026-01-12 03:38:00,Dindigul Bus Stand,138,57.08,Heavy,Clear
2026-01-12 03:43:00,Begampur,45,50.78,Jam,Clear
2026-01-12 03:44:00,Oddanchatram Road,55,68.28,Free Flow,Cloudy
2026-01-12 03:45:00,Dindigul Bus Stand,28,51.85,Free Flow,Clear
2026-01-12 03:57:00,Palani Road,191,67.21,Free Flow,Clear
2026-01-12 04:16:00,Dindigul Bus Stand,147,22.95,Heavy,Rainy
2026-01-12 04:20:00,Natham Road,30,35.18,Moderate,Cloudy
2026-01-12 04:22:00,Nagalk Nagar,63,39.34,Free Flow,Rainy
2026-01-12 04:23:00,RM Colony,68,20.18,Heavy,Clear
2026-01-12 04:34:00,Palani Road,170,68.19,Heavy,Rainy
2026-01-12 05:11:00,RM Colony,30,58.93,Jam,Cloudy
2026-01-12 05:20:00,Oddanchatram Road,21,55.4,Jam,Rainy
2026-01-12 05:26:00,SPM Nagar,122,30.17,Moderate,Rainy
2026-01-12 06:01:00,Dindigul Bus Stand,50,49.52,Heavy,Rainy
2026-01-12 06:04:00,Natham Road,85,51.45,Heavy,Cloudy
2026-01-12 06:04:00,Begampur,146,30.24,Moderate,Clear
2026-01-12 06:08:00,Trichy Road,137,52.04,Heavy,Rainy
2026-01-12 06:30:00,Dindigul Bus Stand,88,49.6,Free Flow,Clear
2026-01-12 06:31:00,Dindigul Bus Stand,175,18.81,Heavy,Cloudy
2026-01-12 06:33:00,RM Colony,107,27.41,Free Flow,Cloudy
2026-01-12 06:47:00,Nagalk Nagar,48,64.94,Free Flow,Clear
2026-01-12 06:49:00,Nagalk Nagar,64,36.81,Jam,Clear
2026-01-12 06:52:00,Batlagundu Road,96,31.48,Moderate,Rainy
2026-01-12 07:03:00,Palani Road,12,39.77,Heavy,Cloudy
2026-01-12 07:29:00,Nagalk Nagar,184,30.49,Heavy,Cloudy
2026-01-12 07:29:00,Palani Road,64,63.41,Free Flow,Cloudy
2026-01-12 07:45:00,Trichy Road,10,53.9,Moderate,Cloudy
2026-01-12 08:03:00,Begampur,136,67.86,Heavy,Clear
2026-01-12 08:04:00,Palani Road,24,62.03,Free Flow,Rainy
2026-01-12 08:09:00,SPM Nagar,48,36.63,Free Flow,Cloudy
2026-01-12 08:21:00,SPM Nagar,112,28.55,Jam,Cloudy
2026-01-12 08:22:00,Trichy Road,35,68.23,Jam,Clear
2026-01-12 08:25:00,Oddanchatram Road,114,37.25,Moderate,Rainy
2026-01-12 08:27:00,SPM Nagar,184,23.97,Jam,Rainy
2026-01-12 08:47:00,Palani Road,115,42.1,Moderate,Rainy
2026-01-12 08:55:00,Natham Road,179,54.21,Moderate,Clear
2026-01-12 08:57:00,Trichy Road,39,17.56,Free Flow,Clear
2026-01-12 09:05:00,Batlagundu Road,30,56.97,Moderate,Cloudy
2026-01-12 09:10:00,Begampur,34,64.12,Jam,Rainy
2026-01-12 09:25:00,Nagalk Nagar,69,22.4,Heavy,Clear
2026-01-12 09:32:00,RM Colony,57,39.66,Free Flow,Cloudy
2026-01-12 09:39:00,RM Colony,160,62.38,Free Flow,Rainy
2026-01-12 09:39:00,Palani Road,153,34.25,Moderate,Clear
2026-01-12 09:45:00,RM Colony,175,16.23,Moderate,Cloudy
2026-01-12 09:47:00,Dindigul Bus Stand,128,59.53,Moderate,Rainy
2026-01-12 09:53:00,Begampur,47,28.27,Jam,Clear
2026-01-12 09:57:00,Oddanchatram Road,117,21.7,Jam,Rainy
2026-01-12 10:23:00,Trichy Road,112,58.96,Moderate,Rainy
2026-01-12 10:24:00,Palani Road,156,53.3,Moderate,Cloudy
2026-01-12 10:29:00,SPM Nagar,193,40.08,Jam,Cloudy
2026-01-12 10:32:00,Trichy Road,69,51.29,Free Flow,Rainy
2026-01-12 10:58:00,RM Colony,134,54.2,Moderate,Cloudy
2026-01-12 11:03:00,Palani Road,64,31.99,Heavy,Rainy
2026-01-12 11:04:00,Dindigul Bus Stand,38,66.88,Moderate,Rainy
2026-01-12 11:06:00,Palani Road,66,57.0,Free Flow,Clear
2026-01-12 11:23:00,Begampur,61,35.07,Heavy,Rainy
2026-01-12 11:25:00,Dindigul Bus Stand,81,53.08,Heavy,Clear
2026-01-12 11:31:00,Trichy Road,191,45.81,Moderate,Clear
2026-01-12 11:38:00,Begampur,117,20.76,Heavy,Cloudy
2026-01-12 11:43:00,Oddanchatram Road,57,67.78,Moderate,Cloudy
2026-01-12 11:44:00,Palani Road,141,37.89,Moderate,Rainy
2026-01-12 11:45:00,Natham Road,139,32.33,Free Flow,Rainy
2026-01-12 11:56:00,Oddanchatram Road,89,34.77,Heavy,Rainy
2026-01-12 11:58:00,Begampur,126,33.0,Heavy,Clear
2026-01-12 11:59:00,Begampur,38,34.14,Heavy,Clear
2026-01-12 12:12:00,SPM Nagar,93,18.25,Free Flow,Cloudy
2026-01-12 12:36:00,Oddanchatram Road,56,50.44,Jam,Rainy
2026-01-12 12:58:00,Nagalk Nagar,118,41.87,Free Flow,Rainy
2026-01-12 12:58:00,Batlagundu Road,162,59.68,Free Flow,Rainy
2026-01-12 13:19:00,RM Colony,101,33.71,Moderate,Rainy
2026-01-12 13:24:00,Batlagundu Road,162,58.03,Jam,Cloudy
2026-01-12 13:39:00,Nagalk Nagar,110,45.99,Free Flow,Cloudy
2026-01-12 13:46:00,Begampur,101,47.79,Free Flow,Cloudy
2026-01-12 13:54:00,Natham Road,60,28.02,Jam,Rainy
2026-01-12 14:09:00,Natham Road,131,48.99,Jam,Cloudy
2026-01-12 14:21:00,Nagalk Nagar,74,54.95,Free Flow,Clear
2026-01-12 14:29:00,Oddanchatram Road,33,35.05,Moderate,Rainy
2026-01-12 14:35:00,Natham Road,36,15.39,Heavy,Cloudy
2026-01-12 15:08:00,Natham Road,50,39.16,Free Flow,Clear
2026-01-12 15:15:00,Nagalk Nagar,70,17.65,Jam,Cloudy
2026-01-12 15:54:00,Trichy Road,102,47.58,Heavy,Rainy
2026-01-12 15:58:00,Dindigul Bus Stand,147,27.93,Moderate,Cloudy
2026-01-12 16:02:00,SPM Nagar,161,66.36,Moderate,Cloudy
2026-01-12 16:03:00,Begampur,30,43.47,Moderate,Cloudy
2026-01-12 16:59:00,RM Colony,198,55.12,Jam,Rainy
2026-01-12 17:01:00,Trichy Road,112,20.34,Moderate,Cloudy
2026-01-12 17:07:00,RM Colony,121,38.49,Heavy,Rainy
2026-01-12 17:17:00,SPM Nagar,189,16.69,Heavy,Rainy
2026-01-12 17:20:00,Begampur,199,30.26,Moderate,Rainy
2026-01-12 17:20:00,SPM Nagar,117,68.03,Jam,Clear
2026-01-12 17:49:00,SPM Nagar,124,49.44,Free Flow,Cloudy
2026-01-12 17:55:00,Oddanchatram Road,193,27.22,Free Flow,Clear
2026-01-12 17:57:00,Begampur,57,58.17,Jam,Clear
2026-01-12 18:01:00,Dindigul Bus Stand,158,42.54,Heavy,Cloudy
2026-01-12 18:04:00,Batlagundu Road,176,56.37,Moderate,Rainy
2026-01-12 18:12:00,Palani Road,98,44.82,Heavy,Rainy
2026-01-12 18:23:00,Palani Road,51,63.03,Jam,Clear
2026-01-12 18:23:00,SPM Nagar,149,66.83,Moderate,Cloudy
2026-01-12 18:31:00,Dindigul Bus Stand,35,52.48,Free Flow,Rainy
2026-01-12 18:34:00,Begampur,163,22.03,Free Flow,Rainy
2026-01-12 18:35:00,Batlagundu Road,99,22.57,Jam,Rainy
2026-01-12 18:52:00,RM Colony,40,22.94,Heavy,Clear
2026-01-12 18:57:00,Begampur,31,29.76,Jam,Clear
2026-01-12 19:02:00,Trichy Road,98,23.42,Free Flow,Rainy
2026-01-12 19:06:00,Oddanchatram Road,126,62.44,Moderate,Cloudy
2026-01-12 19:12:00,Natham Road,52,40.32,Moderate,Cloudy
2026-01-12 19:16:00,Batlagundu Road,92,32.22,Free Flow,Rainy
2026-01-12 19:39:00,SPM Nagar,72,23.03,Free Flow,Rainy
2026-01-12 19:50:00,Dindigul Bus Stand,76,39.02,Jam,Clear
2026-01-12 19:54:00,SPM Nagar,188,39.32,Free Flow,Rainy
2026-01-12 20:18:00,Batlagundu Road,60,20.56,Moderate,Clear
2026-01-12 20:19:00,Nagalk Nagar,76,45.88,Jam,Rainy
2026-01-12 20:40:00,Oddanchatram Road,18,15.91,Jam,Rainy
2026-01-12 20:44:00,Nagalk Nagar,165,65.08,Free Flow,Clear
2026-01-12 21:04:00,Begampur,153,61.67,Moderate,Cloudy
2026-01-12 21:14:00,SPM Nagar,131,64.33,Free Flow,Cloudy
2026-01-12 21:17:00,SPM Nagar,36,22.75,Jam,Clear
2026-01-12 21:33:00,SPM Nagar,179,50.16,Heavy,Cloudy
2026-01-12 21:35:00,Nagalk Nagar,84,66.8,Jam,Cloudy
2026-01-12 21:44:00,RM Colony,105,47.75,Free Flow,Clear
2026-01-12 21:45:00,Palani Road,20,53.83,Jam,Cloudy
2026-01-12 21:50:00,Nagalk Nagar,162,30.7,Heavy,Clear
2026-01-12 22:00:00,Nagalk Nagar,23,64.84,Moderate,Cloudy
2026-01-12 22:09:00,RM Colony,199,16.21,Free Flow,Cloudy
2026-01-12 22:10:00,Begampur,142,54.93,Free Flow,Clear
2026-01-12 22:16:00,Oddanchatram Road,14,69.34,Free Flow,Rainy
2026-01-12 22:35:00,Batlagundu Road,75,69.08,Moderate,Clear
2026-01-12 22:37:00,Oddanchatram Road,150,30.09,Heavy,Clear
2026-01-12 22:37:00,SPM Nagar,118,55.89,Free Flow,Clear
2026-01-12 22:58:00,Nagalk Nagar,90,30.78,Free Flow,Cloudy
2026-01-12 22:58:00,Dindigul Bus Stand,76,31.22,Free Flow,Cloudy
2026-01-12 23:04:00,Batlagundu Road,129,21.81,Heavy,Cloudy
2026-01-12 23:05:00,SPM Nagar,57,30.8,Jam,Rainy
2026-01-12 23:11:00,Batlagundu Road,132,58.3,Moderate,Rainy
2026-01-12 23:12:00,Oddanchatram Road,135,49.27,Free Flow,Cloudy
2026-01-12 23:40:00,SPM Nagar,40,69.71,Moderate,Clear
2026-01-13 00:01:00,SPM Nagar,61,40.79,Moderate,Clear
2026-01-13 00:03:00,Dindigul Bus Stand,100,49.68,Jam,Cloudy
2026-01-13 00:08:00,Palani Road,184,68.09,Heavy,Cloudy
2026-01-13 00:52:00,Trichy Road,111,69.16,Heavy,Clear
2026-01-13 00:55:00,Begampur,85,68.4,Moderate,Clear
2026-01-13 01:01:00,Natham Road,155,41.6,Free Flow,Rainy
2026-01-13 01:03:00,Dindigul Bus Stand,71,49.41,Jam,Cloudy
2026-01-13 01:46:00,Palani Road,43,53.81,Jam,Rainy
2026-01-13 01:51:00,SPM Nagar,64,60.27,Heavy,Rainy
2026-01-13 01:54:00,Begampur,41,24.2,Free Flow,Cloudy
2026-01-13 02:37:00,SPM Nagar,67,57.27,Moderate,Cloudy
2026-01-13 02:58:00,Begampur,125,28.11,Moderate,Rainy
2026-01-13 03:05:00,RM Colony,54,17.8,Moderate,Clear
2026-01-13 03:30:00,SPM Nagar,116,50.71,Jam,Cloudy
2026-01-13 03:31:00,Oddanchatram Road,116,55.36,Moderate,Cloudy
2026-01-13 03:35:00,Palani Road,172,53.67,Moderate,Cloudy
2026-01-13 03:37:00,RM Colony,51,66.28,Moderate,Clear
2026-01-13 03:40:00,Natham Road,43,32.36,Free Flow,Clear
2026-01-13 03:57:00,Dindigul Bus Stand,152,56.69,Free Flow,Cloudy
2026-01-13 03:57:00,Oddanchatram Road,50,42.96,Free Flow,Cloudy
2026-01-13 03:59:00,SPM Nagar,178,55.67,Heavy,Cloudy
2026-01-13 04:14:00,SPM Nagar,70,69.77,Heavy,Clear
2026-01-13 04:15:00,RM Colony,105,40.04,Jam,Clear
2026-01-13 04:26:00,Palani Road,185,54.47,Moderate,Cloudy
2026-01-13 04:33:00,Palani Road,141,34.67,Free Flow,Rainy
2026-01-13 04:52:00,Dindigul Bus Stand,50,36.27,Heavy,Rainy
2026-01-13 05:09:00,Oddanchatram Road,54,48.38,Heavy,Cloudy
2026-01-13 05:18:00,Nagalk Nagar,154,64.73,Jam,Clear
2026-01-13 05:20:00,SPM Nagar,67,20.83,Free Flow,Clear
2026-01-13 05:37:00,RM Colony,52,29.59,Jam,Cloudy
2026-01-13 05:44:00,Oddanchatram Road,150,66.29,Moderate,Cloudy
2026-01-13 05:44:00,Trichy Road,150,64.18,Jam,Rainy
2026-01-13 06:04:00,Natham Road,60,37.53,Moderate,Rainy
2026-01-13 06:10:00,Begampur,76,32.45,Heavy,Cloudy
2026-01-13 06:30:00,RM Colony,99,18.46,Free Flow,Cloudy
2026-01-13 07:25:00,Batlagundu Road,59,35.18,Jam,Clear
2026-01-13 07:36:00,Natham Road,185,45.33,Jam,Rainy
2026-01-13 07:39:00,Nagalk Nagar,81,28.19,Heavy,Rainy
2026-01-13 07:43:00,SPM Nagar,101,39.66,Moderate,Rainy
2026-01-13 07:47:00,Batlagundu Road,165,58.2,Heavy,Clear
2026-01-13 07:56:00,Nagalk Nagar,147,62.27,Jam,Rainy
2026-01-13 07:58:00,RM Colony,80,64.25,Jam,Clear
2026-01-13 08:01:00,Natham Road,52,19.5,Jam,Rainy
2026-01-13 08:01:00,RM Colony,158,44.33,Moderate,Rainy
2026-01-13 08:11:00,Trichy Road,103,20.42,Heavy,Clear
2026-01-13 08:28:00,SPM Nagar,88,41.74,Heavy,Clear
2026-01-13 08:48:00,Palani Road,67,29.85,Heavy,Clear
2026-01-13 09:16:00,Batlagundu Road,79,37.97,Heavy,Rainy
2026-01-13 09:35:00,Batlagundu Road,90,64.73,Moderate,Rainy
2026-01-13 09:39:00,Natham Road,159,64.93,Jam,Cloudy
2026-01-13 09:44:00,Natham Road,36,55.43,Free Flow,Rainy
2026-01-13 09:53:00,Nagalk Nagar,138,68.41,Free Flow,Rainy
2026-01-13 09:58:00,RM Colony,115,16.05,Moderate,Rainy
2026-01-13 10:21:00,Batlagundu Road,156,26.45,Free Flow,Rainy
2026-01-13 10:26:00,Begampur,130,29.26,Moderate,Clear
2026-01-13 10:27:00,Begampur,21,48.47,Free Flow,Clear
2026-01-13 10:45:00,Nagalk Nagar,48,66.52,Jam,Rainy
2026-01-13 11:03:00,Palani Road,150,44.44,Heavy,Rainy
2026-01-13 11:22:00,SPM Nagar,119,59.3,Heavy,Rainy
2026-01-13 11:35:00,SPM Nagar,190,28.32,Moderate,Cloudy
2026-01-13 11:38:00,Batlagundu Road,165,32.74,Moderate,Cloudy
2026-01-13 11:50:00,Batlagundu Road,151,31.86,Jam,Rainy
2026-01-13 11:59:00,Nagalk Nagar,167,39.02,Moderate,Clear
2026-01-13 12:03:00,Dindigul Bus Stand,114,32.82,Free Flow,Rainy
2026-01-13 12:09:00,Palani Road,136,33.23,Jam,Cloudy
2026-01-13 12:10:00,Trichy Road,38,67.57,Moderate,Cloudy
2026-01-13 12:37:00,Dindigul Bus Stand,171,25.45,Free Flow,Clear
2026-01-13 13:02:00,Nagalk Nagar,66,55.53,Heavy,Cloudy
2026-01-13 13:19:00,Begampur,140,68.74,Heavy,Clear
2026-01-13 13:30:00,Batlagundu Road,183,23.28,Jam,Rainy
2026-01-13 13:43:00,Oddanchatram Road,169,41.33,Free Flow,Cloudy
2026-01-13 13:47:00,Trichy Road,29,66.26,Jam,Clear
2026-01-13 14:00:00,RM Colony,26,28.96,Free Flow,Rainy
2026-01-13 14:08:00,Natham Road,27,37.29,Jam,Rainy
2026-01-13 14:17:00,Trichy Road,114,46.14,Heavy,Rainy
2026-01-13 14:38:00,Begampur,165,27.09,Heavy,Rainy
2026-01-13 14:56:00,Nagalk Nagar,174,55.17,Free Flow,Rainy
2026-01-13 15:04:00,Begampur,168,63.52,Heavy,Clear
2026-01-13 15:11:00,Nagalk Nagar,93,44.01,Free Flow,Rainy
2026-01-13 15:35:00,Begampur,156,58.51,Free Flow,Cloudy
2026-01-13 15:45:00,Batlagundu Road,164,17.38,Jam,Rainy
2026-01-13 15:54:00,Begampur,128,53.92,Heavy,Rainy
2026-01-13 15:56:00,Oddanchatram Road,43,43.74,Moderate,Rainy
2026-01-13 16:18:00,Batlagundu Road,49,44.64,Jam,Clear
2026-01-13 16:20:00,Trichy Road,14,61.79,Moderate,Clear
2026-01-13 16:37:00,Nagalk Nagar,192,61.82,Jam,Cloudy
2026-01-13 16:40:00,Oddanchatram Road,166,32.47,Jam,Rainy
2026-01-13 16:44:00,Oddanchatram Road,123,32.0,Moderate,Rainy
2026-01-13 16:44:00,RM Colony,12,65.96,Free Flow,Clear
2026-01-13 16:48:00,Begampur,27,38.77,Jam,Clear
2026-01-13 16:55:00,Oddanchatram Road,120,49.15,Free Flow,Clear
2026-01-13 17:31:00,RM Colony,70,17.98,Free Flow,Cloudy
2026-01-13 17:40:00,Natham Road,150,26.54,Moderate,Clear
2026-01-13 17:44:00,Dindigul Bus Stand,32,39.87,Free Flow,Rainy
2026-01-13 17:47:00,Begampur,132,55.24,Moderate,Cloudy
2026-01-13 17:51:00,SPM Nagar,122,40.42,Free Flow,Cloudy
2026-01-13 17:58:00,SPM Nagar,71,40.53,Moderate,Rainy
2026-01-13 18:11:00,Natham Road,141,52.84,Moderate,Clear
2026-01-13 18:19:00,SPM Nagar,127,39.99,Free Flow,Clear
2026-01-13 18:23:00,Oddanchatram Road,166,61.67,Jam,Rainy
2026-01-13 18:32:00,Palani Road,144,20.41,Moderate,Cloudy
2026-01-13 18:45:00,Trichy Road,135,33.52,Moderate,Rainy
2026-01-13 18:58:00,Batlagundu Road,99,17.65,Jam,Rainy
2026-01-13 19:01:00,Natham Road,88,59.54,Free Flow,Rainy
2026-01-13 19:07:00,Oddanchatram Road,185,21.08,Jam,Clear
2026-01-13 19:07:00,Palani Road,25,57.57,Moderate,Rainy
2026-01-13 19:21:00,RM Colony,169,40.76,Heavy,Cloudy
2026-01-13 19:34:00,Trichy Road,54,47.97,Moderate,Rainy
2026-01-13 20:01:00,Natham Road,139,34.39,Jam,Rainy
2026-01-13 20:06:00,Palani Road,83,38.35,Jam,Cloudy
2026-01-13 20:13:00,Trichy Road,139,66.49,Free Flow,Cloudy
2026-01-13 20:31:00,Palani Road,159,68.15,Free Flow,Rainy
2026-01-13 20:44:00,Trichy Road,30,18.08,Jam,Clear
2026-01-13 20:57:00,Batlagundu Road,160,35.38,Heavy,Rainy
2026-01-13 21:42:00,Natham Road,109,24.11,Jam,Cloudy
2026-01-13 21:50:00,Oddanchatram Road,167,66.26,Heavy,Clear
2026-01-13 21:52:00,Natham Road,118,37.85,Heavy,Rainy
2026-01-13 21:58:00,Nagalk Nagar,170,66.08,Heavy,Clear
2026-01-13 22:03:00,Palani Road,111,34.79,Free Flow,Clear
2026-01-13 22:10:00,SPM Nagar,162,65.86,Free Flow,Clear
2026-01-13 22:12:00,Oddanchatram Road,109,42.41,Heavy,Rainy
2026-01-13 22:17:00,Oddanchatram Road,159,18.14,Jam,Rainy
2026-01-13 22:17:00,Trichy Road,56,32.66,Jam,Cloudy
2026-01-13 22:29:00,Oddanchatram Road,63,51.45,Heavy,Cloudy
2026-01-13 22:31:00,Oddanchatram Road,100,46.07,Jam,Rainy
2026-01-13 23:04:00,Begampur,126,15.49,Moderate,Rainy
2026-01-13 23:12:00,Natham Road,196,41.76,Free Flow,Rainy
2026-01-13 23:23:00,Batlagundu Road,148,21.19,Free Flow,Rainy
2026-01-13 23:26:00,Nagalk Nagar,60,36.03,Free Flow,Clear
2026-01-13 23:34:00,Batlagundu Road,16,26.82,Jam,Rainy
2026-01-13 23:36:00,Begampur,85,63.93,Moderate,Rainy
2026-01-13 23:54:00,Oddanchatram Road,189,36.22,Jam,Cloudy
2026-01-13 23:58:00,Natham Road,44,40.38,Moderate,Cloudy
2026-01-14 00:15:00,RM Colony,95,53.65,Moderate,Cloudy
2026-01-14 00:17:00,Dindigul Bus Stand,64,44.39,Free Flow,Clear
2026-01-14 00:23:00,Natham Road,161,41.37,Heavy,Clear
2026-01-14 00:31:00,Oddanchatram Road,112,53.41,Free Flow,Rainy
2026-01-14 00:34:00,Batlagundu Road,117,53.27,Heavy,Rainy
2026-01-14 00:40:00,Oddanchatram Road,110,42.94,Jam,Clear
2026-01-14 00:42:00,Oddanchatram Road,73,36.57,Jam,Rainy
2026-01-14 01:06:00,Dindigul Bus Stand,139,25.12,Moderate,Rainy
2026-01-14 01:08:00,SPM Nagar,108,51.62,Heavy,Clear
2026-01-14 01:18:00,Nagalk Nagar,37,61.15,Free Flow,Rainy
2026-01-14 01:25:00,Natham Road,106,30.03,Moderate,Clear
2026-01-14 01:41:00,Begampur,119,34.35,Moderate,Clear
2026-01-14 01:41:00,Trichy Road,158,18.63,Free Flow,Rainy
2026-01-14 01:43:00,Nagalk Nagar,140,50.3,Free Flow,Rainy
2026-01-14 01:48:00,Natham Road,89,36.18,Heavy,Rainy
2026-01-14 01:53:00,Oddanchatram Road,103,17.28,Heavy,Rainy
2026-01-14 02:12:00,RM Colony,187,49.47,Moderate,Rainy
2026-01-14 02:36:00,Oddanchatram Road,150,64.31,Free Flow,Clear
2026-01-14 02:37:00,Nagalk Nagar,162,66.31,Heavy,Clear
2026-01-14 02:49:00,RM Colony,42,21.23,Jam,Rainy
2026-01-14 02:51:00,Batlagundu Road,149,62.75,Moderate,Cloudy
2026-01-14 02:53:00,Nagalk Nagar,49,28.34,Jam,Cloudy
2026-01-14 02:54:00,Palani Road,37,46.56,Moderate,Cloudy
2026-01-14 03:19:00,RM Colony,47,17.85,Jam,Rainy
2026-01-14 03:19:00,SPM Nagar,47,26.83,Moderate,Clear
2026-01-14 03:41:00,Nagalk Nagar,195,63.09,Free Flow,Clear
2026-01-14 03:42:00,Natham Road,187,32.96,Jam,Rainy
2026-01-14 03:43:00,RM Colony,170,32.69,Jam,Rainy
2026-01-14 04:03:00,Oddanchatram Road,174,16.33,Moderate,Clear
2026-01-14 04:04:00,Batlagundu Road,75,46.03,Jam,Cloudy
2026-01-14 04:13:00,Nagalk Nagar,134,49.55,Heavy,Rainy
2026-01-14 04:15:00,SPM Nagar,48,48.46,Moderate,Rainy
2026-01-14 04:17:00,Begampur,42,32.97,Free Flow,Clear
2026-01-14 04:44:00,Begampur,114,64.31,Free Flow,Clear
2026-01-14 04:45:00,Oddanchatram Road,42,29.48,Free Flow,Cloudy
2026-01-14 04:57:00,Begampur,67,57.78,Moderate,Rainy
2026-01-14 05:27:00,Batlagundu Road,53,68.71,Heavy,Cloudy
2026-01-14 05:30:00,Palani Road,74,58.75,Jam,Rainy
2026-01-14 05:43:00,Natham Road,179,35.67,Moderate,Rainy
2026-01-14 05:44:00,Begampur,161,65.33,Jam,Cloudy
2026-01-14 05:46:00,Nagalk Nagar,73,52.81,Moderate,Cloudy
2026-01-14 06:08:00,Natham Road,67,24.1,Free Flow,Clear
2026-01-14 06:17:00,Natham Road,91,21.9,Jam,Cloudy
2026-01-14 06:19:00,RM Colony,131,24.65,Heavy,Cloudy
2026-01-14 06:20:00,Oddanchatram Road,56,68.71,Moderate,Clear
2026-01-14 06:24:00,Dindigul Bus Stand,180,47.27,Heavy,Clear
2026-01-14 06:26:00,Natham Road,193,56.72,Free Flow,Rainy
2026-01-14 06:33:00,RM Colony,161,48.23,Jam,Clear
2026-01-14 06:37:00,Batlagundu Road,68,47.9,Moderate,Clear
2026-01-14 06:38:00,Batlagundu Road,73,48.09,Moderate,Clear
2026-01-14 07:06:00,Batlagundu Road,25,37.27,Heavy,Rainy
2026-01-14 07:08:00,RM Colony,113,36.89,Jam,Rainy
2026-01-14 07:10:00,Begampur,16,60.73,Moderate,Clear
2026-01-14 07:11:00,Dindigul Bus Stand,48,45.28,Moderate,Clear
2026-01-14 07:22:00,Trichy Road,109,41.23,Moderate,Cloudy
2026-01-14 07:26:00,RM Colony,153,57.52,Moderate,Clear
2026-01-14 07:28:00,Trichy Road,22,29.68,Moderate,Rainy
2026-01-14 07:33:00,Oddanchatram Road,99,54.39,Free Flow,Cloudy
2026-01-14 08:10:00,Palani Road,48,26.94,Moderate,Clear
2026-01-14 08:17:00,Dindigul Bus Stand,174,37.14,Jam,Clear
2026-01-14 08:20:00,SPM Nagar,25,34.03,Jam,Clear
2026-01-14 08:27:00,Palani Road,56,64.39,Free Flow,Cloudy
2026-01-14 08:32:00,Trichy Road,106,20.37,Moderate,Clear
2026-01-14 08:44:00,Nagalk Nagar,100,40.92,Moderate,Cloudy
2026-01-14 08:45:00,SPM Nagar,116,57.61,Jam,Clear
2026-01-14 08:50:00,Palani Road,144,63.18,Heavy,Cloudy
2026-01-14 09:02:00,Trichy Road,122,25.72,Free Flow,Clear
2026-01-14 09:07:00,Trichy Road,189,15.59,Heavy,Clear
2026-01-14 09:15:00,Nagalk Nagar,74,31.91,Moderate,Clear
2026-01-14 09:22:00,Natham Road,110,26.46,Free Flow,Cloudy
2026-01-14 09:39:00,RM Colony,90,59.25,Heavy,Clear
2026-01-14 09:41:00,Natham Road,36,30.26,Jam,Rainy
2026-01-14 09:41:00,Batlagundu Road,127,31.27,Heavy,Clear
2026-01-14 09:41:00,RM Colony,117,53.96,Moderate,Rainy
2026-01-14 10:17:00,Palani Road,152,23.4,Moderate,Clear
2026-01-14 10:39:00,Palani Road,174,61.74,Heavy,Cloudy
2026-01-14 10:42:00,RM Colony,26,49.98,Heavy,Cloudy
2026-01-14 10:47:00,Nagalk Nagar,142,62.36,Heavy,Clear
2026-01-14 10:50:00,Palani Road,30,23.6,Free Flow,Clear
2026-01-14 10:53:00,Natham Road,184,68.47,Heavy,Cloudy
2026-01-14 11:17:00,Palani Road,94,28.1,Jam,Cloudy
2026-01-14 11:18:00,Trichy Road,97,38.95,Jam,Rainy
2026-01-14 11:18:00,Natham Road,46,64.4,Moderate,Cloudy
2026-01-14 11:18:00,Batlagundu Road,191,33.97,Free Flow,Rainy
2026-01-14 11:20:00,Oddanchatram Road,113,34.33,Heavy,Clear
2026-01-14 11:45:00,Oddanchatram Road,149,52.07,Heavy,Clear
2026-01-14 11:55:00,SPM Nagar,198,26.7,Jam,Cloudy
2026-01-14 12:00:00,Oddanchatram Road,33,19.4,Heavy,Rainy
2026-01-14 12:03:00,Natham Road,115,35.84,Heavy,Clear
2026-01-14 12:05:00,Dindigul Bus Stand,176,66.18,Heavy,Clear
2026-01-14 12:11:00,SPM Nagar,57,55.14,Free Flow,Rainy
2026-01-14 12:19:00,Batlagundu Road,112,25.28,Free Flow,Cloudy
2026-01-14 12:48:00,Dindigul Bus Stand,188,46.78,Moderate,Rainy
2026-01-14 12:48:00,Oddanchatram Road,113,46.5,Moderate,Cloudy
2026-01-14 12:49:00,Palani Road,154,50.36,Free Flow,Cloudy
2026-01-14 12:56:00,Natham Road,69,63.57,Moderate,Cloudy
2026-01-14 12:57:00,SPM Nagar,32,58.2,Heavy,Cloudy
2026-01-14 12:59:00,Trichy Road,146,33.85,Moderate,Cloudy
2026-01-14 13:11:00,SPM Nagar,117,22.14,Heavy,Rainy
2026-01-14 13:13:00,Oddanchatram Road,37,61.74,Heavy,Rainy
2026-01-14 13:20:00,Oddanchatram Road,112,33.06,Heavy,Rainy
2026-01-14 13:43:00,SPM Nagar,79,63.96,Moderate,Rainy
2026-01-14 13:51:00,Natham Road,32,30.22,Jam,Cloudy
2026-01-14 14:03:00,Batlagundu Road,61,33.29,Moderate,Clear
2026-01-14 14:04:00,Natham Road,139,25.31,Free Flow,Cloudy
2026-01-14 14:10:00,RM Colony,167,21.05,Moderate,Cloudy
2026-01-14 14:12:00,Palani Road,46,46.61,Heavy,Cloudy
2026-01-14 15:00:00,Batlagundu Road,109,55.86,Moderate,Rainy
2026-01-14 15:05:00,Palani Road,171,52.59,Jam,Clear
2026-01-14 15:09:00,Dindigul Bus Stand,55,30.64,Heavy,Rainy
2026-01-14 15:10:00,Begampur,53,49.67,Heavy,Cloudy
2026-01-14 15:18:00,Natham Road,152,39.25,Free Flow,Cloudy
2026-01-14 15:22:00,Trichy Road,102,49.93,Free Flow,Rainy
2026-01-14 16:02:00,RM Colony,34,53.15,Free Flow,Rainy
2026-01-14 16:02:00,Begampur,152,69.96,Jam,Rainy
2026-01-14 16:04:00,RM Colony,143,42.78,Heavy,Clear
2026-01-14 16:04:00,Trichy Road,192,68.65,Free Flow,Cloudy
2026-01-14 16:08:00,SPM Nagar,163,46.2,Heavy,Rainy
2026-01-14 16:09:00,Trichy Road,79,16.08,Heavy,Clear
2026-01-14 16:14:00,Dindigul Bus Stand,189,57.16,Jam,Clear
2026-01-14 16:14:00,Begampur,166,23.42,Jam,Clear
2026-01-14 16:29:00,RM Colony,42,23.74,Free Flow,Rainy
2026-01-14 16:31:00,RM Colony,149,50.03,Moderate,Clear
2026-01-14 16:54:00,Batlagundu Road,121,39.88,Jam,Cloudy
2026-01-14 17:06:00,Natham Road,65,49.9,Jam,Cloudy
2026-01-14 17:10:00,Trichy Road,183,21.84,Moderate,Clear
2026-01-14 17:15:00,Batlagundu Road,154,45.51,Free Flow,Cloudy
2026-01-14 17:16:00,SPM Nagar,77,29.0,Heavy,Cloudy
2026-01-14 17:18:00,Batlagundu Road,101,52.1,Moderate,Cloudy
2026-01-14 17:28:00,Palani Road,95,49.78,Free Flow,Clear
2026-01-14 17:40:00,Begampur,137,16.74,Free Flow,Clear
2026-01-14 17:50:00,Oddanchatram Road,156,18.61,Free Flow,Cloudy
2026-01-14 17:57:00,Trichy Road,155,41.53,Jam,Cloudy
2026-01-14 18:02:00,Palani Road,52,64.71,Moderate,Cloudy
2026-01-14 18:11:00,Palani Road,186,31.45,Free Flow,Clear
2026-01-14 18:20:00,Oddanchatram Road,191,48.45,Jam,Rainy
2026-01-14 18:39:00,Nagalk Nagar,197,53.93,Heavy,Rainy
2026-01-14 18:48:00,Natham Road,191,55.0,Heavy,Rainy
2026-01-14 18:51:00,RM Colony,149,49.72,Free Flow,Cloudy
2026-01-14 18:56:00,Begampur,90,59.82,Heavy,Clear
2026-01-14 19:00:00,Palani Road,20,46.56,Free Flow,Rainy
2026-01-14 19:10:00,SPM Nagar,148,19.68,Free Flow,Clear
2026-01-14 19:11:00,RM Colony,98,36.78,Heavy,Rainy
2026-01-14 19:20:00,Trichy Road,14,18.7,Moderate,Cloudy
2026-01-14 19:45:00,Trichy Road,17,69.87,Heavy,Rainy
2026-01-14 19:49:00,Batlagundu Road,29,67.54,Moderate,Rainy
2026-01-14 19:49:00,Natham Road,92,16.26,Heavy,Cloudy
2026-01-14 19:53:00,RM Colony,73,33.33,Free Flow,Cloudy
2026-01-14 19:59:00,Dindigul Bus Stand,54,51.48,Free Flow,Rainy
2026-01-14 20:02:00,SPM Nagar,126,20.23,Moderate,Cloudy
2026-01-14 20:10:00,Trichy Road,74,17.89,Jam,Cloudy
2026-01-14 20:14:00,Dindigul Bus Stand,142,68.52,Heavy,Clear
2026-01-14 20:26:00,Dindigul Bus Stand,23,20.49,Heavy,Cloudy
2026-01-14 20:27:00,SPM Nagar,136,67.18,Heavy,Cloudy
2026-01-14 20:37:00,Palani Road,135,30.82,Moderate,Clear
2026-01-14 20:50:00,Dindigul Bus Stand,173,43.27,Moderate,Clear
2026-01-14 20:55:00,SPM Nagar,136,61.03,Jam,Rainy
2026-01-14 21:05:00,Begampur,176,30.39,Heavy,Clear
2026-01-14 21:18:00,Begampur,140,68.59,Moderate,Cloudy
2026-01-14 21:43:00,Natham Road,132,40.98,Heavy,Cloudy
2026-01-14 21:45:00,Trichy Road,108,43.03,Free Flow,Cloudy
2026-01-14 21:53:00,Nagalk Nagar,182,18.09,Moderate,Clear
2026-01-14 22:02:00,Nagalk Nagar,125,26.05,Heavy,Cloudy
2026-01-14 22:14:00,Trichy Road,34,52.68,Jam,Rainy
2026-01-14 22:22:00,Trichy Road,148,38.28,Moderate,Rainy
2026-01-14 22:24:00,Dindigul Bus Stand,88,24.99,Heavy,Rainy
2026-01-14 22:28:00,Palani Road,99,64.14,Jam,Cloudy
2026-01-14 22:32:00,SPM Nagar,69,41.45,Heavy,Clear
2026-01-14 22:35:00,RM Colony,134,21.17,Free Flow,Rainy
2026-01-14 22:47:00,Natham Road,118,22.49,Heavy,Clear
2026-01-14 22:51:00,Dindigul Bus Stand,68,55.08,Jam,Cloudy
2026-01-14 22:59:00,Oddanchatram Road,150,66.76,Free Flow,Rainy
2026-01-14 23:16:00,SPM Nagar,70,59.67,Heavy,Rainy
2026-01-14 23:20:00,Natham Road,30,23.0,Jam,Clear
2026-01-14 23:26:00,Oddanchatram Road,172,42.96,Jam,Rainy
2026-01-14 23:28:00,Trichy Road,173,59.05,Jam,Cloudy
2026-01-14 23:28:00,Dindigul Bus Stand,51,58.87,Free Flow,Rainy
2026-01-14 23:29:00,Nagalk Nagar,70,16.53,Free Flow,Rainy
2026-01-14 23:34:00,Dindigul Bus Stand,161,40.14,Moderate,Cloudy
2026-01-14 23:52:00,Begampur,58,34.83,Moderate,Rainy
2026-01-14 23:53:00,Trichy Road,182,39.84,Jam,Rainy
2026-01-14 23:58:00,Oddanchatram Road,53,15.34,Free Flow,Cloudy
2026-01-15 00:10:00,Nagalk Nagar,170,33.07,Moderate,Clear
2026-01-15 00:30:00,Dindigul Bus Stand,41,49.15,Moderate,Cloudy
2026-01-15 00:40:00,Oddanchatram Road,155,34.99,Heavy,Cloudy
2026-01-15 00:48:00,Trichy Road,172,67.81,Moderate,Clear
2026-01-15 00:49:00,Natham Road,191,59.85,Jam,Clear
2026-01-15 01:00:00,Palani Road,170,21.37,Heavy,Cloudy
2026-01-15 01:10:00,RM Colony,111,69.72,Heavy,Cloudy
2026-01-15 01:11:00,Nagalk Nagar,147,39.57,Free Flow,Rainy
2026-01-15 01:25:00,Palani Road,98,46.95,Moderate,Clear
2026-01-15 01:33:00,Natham Road,28,61.5,Free Flow,Rainy
2026-01-15 01:49:00,Natham Road,120,63.39,Free Flow,Clear
2026-01-15 02:00:00,Batlagundu Road,122,44.56,Free Flow,Cloudy
2026-01-15 02:13:00,Begampur,26,21.92,Jam,Cloudy
2026-01-15 02:33:00,Batlagundu Road,80,28.96,Heavy,Clear
2026-01-15 02:36:00,Nagalk Nagar,37,42.09,Moderate,Rainy
2026-01-15 02:40:00,Oddanchatram Road,135,66.81,Moderate,Cloudy
2026-01-15 02:47:00,Begampur,27,42.28,Moderate,Cloudy
2026-01-15 02:57:00,RM Colony,15,35.87,Heavy,Cloudy
2026-01-15 03:00:00,Nagalk Nagar,138,67.28,Heavy,Rainy
2026-01-15 03:10:00,Trichy Road,78,69.37,Free Flow,Cloudy
2026-01-15 03:21:00,Begampur,59,61.27,Moderate,Rainy
2026-01-15 03:23:00,Nagalk Nagar,45,69.8,Free Flow,Clear
2026-01-15 03:25:00,Natham Road,35,57.2,Free Flow,Cloudy
2026-01-15 03:28:00,Nagalk Nagar,132,29.42,Jam,Cloudy
2026-01-15 03:31:00,Oddanchatram Road,54,66.66,Heavy,Clear
2026-01-15 03:32:00,Dindigul Bus Stand,36,65.24,Heavy,Cloudy
2026-01-15 03:35:00,SPM Nagar,43,17.07,Free Flow,Cloudy
2026-01-15 03:36:00,RM Colony,60,52.64,Moderate,Clear
2026-01-15 03:40:00,Batlagundu Road,100,17.04,Heavy,Rainy
2026-01-15 03:42:00,RM Colony,192,19.88,Heavy,Cloudy
2026-01-15 03:44:00,Dindigul Bus Stand,53,25.14,Free Flow,Rainy
2026-01-15 03:50:00,Nagalk Nagar,89,25.41,Free Flow,Cloudy
2026-01-15 03:51:00,Dindigul Bus Stand,75,62.09,Jam,Cloudy
2026-01-15 04:04:00,Dindigul Bus Stand,39,56.51,Heavy,Clear
2026-01-15 04:05:00,Dindigul Bus Stand,150,36.14,Free Flow,Clear
2026-01-15 04:36:00,RM Colony,111,41.27,Free Flow,Rainy
2026-01-15 04:50:00,Dindigul Bus Stand,178,31.4,Jam,Rainy
2026-01-15 04:52:00,Dindigul Bus Stand,27,58.84,Heavy,Cloudy
2026-01-15 05:08:00,Batlagundu Road,51,29.11,Heavy,Rainy
2026-01-15 06:03:00,Begampur,39,57.29,Heavy,Clear
2026-01-15 06:04:00,Natham Road,178,36.81,Jam,Clear
2026-01-15 06:15:00,Nagalk Nagar,148,37.32,Moderate,Clear
2026-01-15 06:28:00,Trichy Road,27,26.45,Moderate,Cloudy
2026-01-15 06:35:00,Nagalk Nagar,176,55.91,Free Flow,Rainy
2026-01-15 06:47:00,Trichy Road,72,59.49,Heavy,Clear
2026-01-15 06:50:00,Natham Road,189,47.9,Jam,Cloudy
2026-01-15 07:04:00,Dindigul Bus Stand,61,23.74,Heavy,Clear
2026-01-15 07:27:00,RM Colony,195,41.24,Heavy,Rainy
2026-01-15 07:29:00,SPM Nagar,100,51.81,Jam,Rainy
2026-01-15 07:35:00,SPM Nagar,58,39.19,Heavy,Clear
2026-01-15 07:51:00,RM Colony,91,63.06,Free Flow,Cloudy
2026-01-15 08:06:00,Palani Road,24,69.62,Moderate,Cloudy
2026-01-15 08:15:00,Trichy Road,162,56.44,Moderate,Cloudy
2026-01-15 08:15:00,SPM Nagar,102,40.02,Moderate,Cloudy
2026-01-15 08:17:00,Natham Road,10,42.03,Heavy,Clear
2026-01-15 08:46:00,Nagalk Nagar,161,30.68,Moderate,Rainy
2026-01-15 09:02:00,Dindigul Bus Stand,43,15.31,Moderate,Clear
2026-01-15 09:02:00,Nagalk Nagar,25,61.69,Free Flow,Rainy
2026-01-15 09:11:00,RM Colony,18,18.14,Heavy,Clear
2026-01-15 09:27:00,RM Colony,142,48.4,Moderate,Rainy
2026-01-15 09:34:00,Trichy Road,138,63.51,Moderate,Rainy
2026-01-15 09:36:00,Oddanchatram Road,170,55.08,Jam,Cloudy
2026-01-15 09:43:00,Dindigul Bus Stand,24,35.97,Moderate,Cloudy
2026-01-15 09:43:00,Dindigul Bus Stand,24,22.6,Moderate,Cloudy
2026-01-15 09:49:00,RM Colony,33,68.69,Heavy,Rainy
2026-01-15 09:50:00,SPM Nagar,114,28.85,Free Flow,Clear
2026-01-15 10:12:00,Batlagundu Road,195,69.04,Free Flow,Rainy
2026-01-15 10:48:00,Trichy Road,25,19.88,Free Flow,Cloudy
2026-01-15 11:07:00,Palani Road,156,36.79,Heavy,Rainy
2026-01-15 11:16:00,Palani Road,49,65.47,Jam,Cloudy
2026-01-15 11:17:00,SPM Nagar,159,45.03,Jam,Clear
2026-01-15 11:23:00,Dindigul Bus Stand,143,64.83,Free Flow,Clear
2026-01-15 11:28:00,Oddanchatram Road,21,39.03,Jam,Clear
2026-01-15 11:33:00,SPM Nagar,20,45.91,Heavy,Cloudy
2026-01-15 11:39:00,Oddanchatram Road,179,38.63,Heavy,Clear
2026-01-15 11:49:00,Batlagundu Road,72,42.53,Free Flow,Clear
2026-01-15 12:03:00,Natham Road,63,52.49,Free Flow,Clear
2026-01-15 12:09:00,Oddanchatram Road,185,45.53,Heavy,Rainy
2026-01-15 12:17:00,Palani Road,16,30.28,Jam,Clear
2026-01-15 12:18:00,Batlagundu Road,64,44.5,Free Flow,Cloudy
2026-01-15 12:24:00,Nagalk Nagar,87,17.77,Free Flow,Rainy
2026-01-15 12:24:00,Oddanchatram Road,16,42.08,Heavy,Cloudy
2026-01-15 12:48:00,Batlagundu Road,57,44.16,Jam,Clear
2026-01-15 12:56:00,Trichy Road,113,66.02,Moderate,Cloudy
2026-01-15 12:56:00,Palani Road,156,19.73,Free Flow,Rainy
2026-01-15 12:57:00,Palani Road,189,34.12,Jam,Rainy
2026-01-15 13:06:00,SPM Nagar,39,56.53,Heavy,Cloudy
2026-01-15 13:14:00,Natham Road,75,55.76,Free Flow,Rainy
2026-01-15 13:17:00,Oddanchatram Road,72,30.86,Free Flow,Clear
2026-01-15 13:37:00,SPM Nagar,31,43.13,Jam,Cloudy
2026-01-15 13:39:00,Batlagundu Road,59,28.32,Jam,Cloudy
2026-01-15 13:51:00,Nagalk Nagar,109,38.48,Moderate,Cloudy
2026-01-15 13:58:00,Natham Road,56,54.08,Heavy,Rainy
2026-01-15 14:09:00,SPM Nagar,96,21.46,Heavy,Rainy
2026-01-15 14:25:00,Palani Road,165,37.64,Moderate,Clear
2026-01-15 14:28:00,RM Colony,115,52.14,Jam,Rainy
2026-01-15 14:31:00,Batlagundu Road,17,56.39,Moderate,Clear
2026-01-15 14:35:00,Nagalk Nagar,22,54.16,Heavy,Rainy
2026-01-15 14:40:00,Palani Road,39,22.97,Jam,Clear
2026-01-15 15:04:00,RM Colony,151,15.16,Moderate,Cloudy
2026-01-15 15:05:00,Dindigul Bus Stand,134,55.77,Moderate,Rainy
2026-01-15 15:06:00,RM Colony,80,64.74,Heavy,Rainy
2026-01-15 15:11:00,Nagalk Nagar,21,47.72,Heavy,Cloudy
2026-01-15 15:19:00,Trichy Road,171,67.54,Jam,Rainy
2026-01-15 15:20:00,Begampur,29,48.1,Free Flow,Clear
2026-01-15 15:26:00,Palani Road,172,21.15,Heavy,Clear
2026-01-15 15:33:00,Nagalk Nagar,86,21.96,Free Flow,Clear
2026-01-15 15:34:00,Begampur,28,26.51,Jam,Rainy
2026-01-15 15:41:00,Oddanchatram Road,162,39.49,Heavy,Rainy
2026-01-15 15:44:00,RM Colony,78,33.23,Free Flow,Cloudy
2026-01-15 15:53:00,Palani Road,72,59.6,Free Flow,Cloudy
2026-01-15 16:02:00,Oddanchatram Road,165,34.96,Moderate,Rainy
2026-01-15 16:03:00,Natham Road,22,65.62,Jam,Rainy
2026-01-15 16:08:00,Palani Road,96,37.5,Heavy,Clear
2026-01-15 16:14:00,Oddanchatram Road,185,37.76,Heavy,Rainy
2026-01-15 16:28:00,Begampur,197,45.71,Jam,Rainy
2026-01-15 17:03:00,Begampur,176,43.7,Heavy,Clear
2026-01-15 17:18:00,Nagalk Nagar,75,24.48,Jam,Clear
2026-01-15 17:22:00,SPM Nagar,196,45.22,Free Flow,Cloudy
2026-01-15 17:23:00,Natham Road,61,26.56,Moderate,Clear
2026-01-15 17:29:00,SPM Nagar,23,26.65,Jam,Cloudy
2026-01-15 17:32:00,Batlagundu Road,71,21.43,Jam,Cloudy
2026-01-15 17:34:00,RM Colony,91,18.15,Heavy,Rainy
2026-01-15 17:45:00,Trichy Road,33,35.2,Jam,Clear
2026-01-15 17:49:00,Batlagundu Road,149,68.64,Jam,Cloudy
2026-01-15 17:49:00,RM Colony,66,60.42,Free Flow,Rainy
2026-01-15 17:50:00,Oddanchatram Road,165,51.47,Heavy,Clear
2026-01-15 17:52:00,Oddanchatram Road,96,58.18,Free Flow,Clear
2026-01-15 18:02:00,Palani Road,150,42.85,Jam,Rainy
2026-01-15 18:08:00,Dindigul Bus Stand,140,15.4,Heavy,Cloudy
2026-01-15 18:10:00,Batlagundu Road,142,49.37,Free Flow,Cloudy
2026-01-15 18:18:00,Batlagundu Road,163,46.69,Jam,Clear
2026-01-15 18:20:00,Begampur,14,30.07,Jam,Rainy
2026-01-15 18:23:00,Oddanchatram Road,33,34.73,Moderate,Clear
2026-01-15 18:26:00,Palani Road,108,62.66,Heavy,Cloudy
2026-01-15 18:27:00,Begampur,191,15.56,Free Flow,Rainy
2026-01-15 18:31:00,Dindigul Bus Stand,21,53.91,Jam,Clear
2026-01-15 18:35:00,Natham Road,69,15.91,Free Flow,Cloudy
2026-01-15 18:39:00,Palani Road,113,64.2,Jam,Rainy
2026-01-15 19:06:00,Natham Road,126,25.09,Jam,Rainy
2026-01-15 19:14:00,Dindigul Bus Stand,76,47.95,Free Flow,Clear
2026-01-15 19:22:00,Nagalk Nagar,105,64.34,Jam,Rainy
2026-01-15 19:29:00,Trichy Road,161,52.57,Moderate,Cloudy
2026-01-15 19:35:00,SPM Nagar,159,63.25,Free Flow,Clear
2026-01-15 19:36:00,Natham Road,116,25.06,Free Flow,Cloudy
2026-01-15 19:49:00,RM Colony,31,49.16,Heavy,Rainy
2026-01-15 19:50:00,Oddanchatram Road,162,64.67,Heavy,Clear
2026-01-15 19:53:00,Natham Road,82,49.39,Heavy,Clear
2026-01-15 20:06:00,Trichy Road,45,63.2,Heavy,Clear
2026-01-15 20:11:00,Batlagundu Road,130,57.79,Heavy,Rainy
2026-01-15 20:15:00,Dindigul Bus Stand,92,65.31,Moderate,Clear
2026-01-15 20:20:00,Trichy Road,160,61.44,Free Flow,Rainy
2026-01-15 20:29:00,Natham Road,101,60.3,Heavy,Cloudy
2026-01-15 20:51:00,Palani Road,143,64.34,Free Flow,Cloudy
2026-01-15 21:10:00,Begampur,21,58.55,Heavy,Clear
2026-01-15 21:19:00,Palani Road,16,25.32,Free Flow,Cloudy
2026-01-15 21:31:00,SPM Nagar,134,68.25,Jam,Rainy
2026-01-15 21:53:00,Nagalk Nagar,99,40.65,Heavy,Rainy
2026-01-15 22:07:00,Dindigul Bus Stand,118,38.54,Moderate,Cloudy
2026-01-15 22:19:00,SPM Nagar,26,69.92,Jam,Rainy
2026-01-15 22:19:00,Trichy Road,62,40.87,Heavy,Clear
2026-01-15 22:26:00,RM Colony,168,34.45,Moderate,Clear
2026-01-15 22:32:00,Trichy Road,67,54.79,Free Flow,Rainy
2026-01-15 22:42:00,Oddanchatram Road,20,60.26,Jam,Cloudy
2026-01-15 22:49:00,Nagalk Nagar,131,46.06,Moderate,Rainy
2026-01-15 23:27:00,Palani Road,102,54.04,Moderate,Rainy
2026-01-15 23:32:00,Palani Road,111,60.98,Jam,Rainy
2026-01-15 23:36:00,Dindigul Bus Stand,144,28.22,Jam,Cloudy
2026-01-16 00:01:00,Oddanchatram Road,175,21.55,Moderate,Cloudy
2026-01-16 00:38:00,Begampur,156,48.21,Heavy,Cloudy
2026-01-16 00:49:00,Palani Road,183,66.64,Heavy,Cloudy
2026-01-16 00:50:00,Oddanchatram Road,20,37.06,Jam,Cloudy
2026-01-16 00:51:00,Batlagundu Road,163,69.73,Free Flow,Cloudy
2026-01-16 01:17:00,Trichy Road,84,67.99,Free Flow,Cloudy
2026-01-16 01:30:00,Palani Road,49,67.96,Heavy,Cloudy
2026-01-16 01:42:00,Dindigul Bus Stand,132,59.42,Free Flow,Cloudy
2026-01-16 02:03:00,Nagalk Nagar,44,48.07,Free Flow,Cloudy
2026-01-16 02:10:00,SPM Nagar,176,15.13,Heavy,Clear
2026-01-16 02:16:00,Dindigul Bus Stand,150,56.29,Heavy,Clear
2026-01-16 02:21:00,Natham Road,147,21.04,Free Flow,Rainy
2026-01-16 02:25:00,Palani Road,80,23.62,Heavy,Rainy
2026-01-16 02:36:00,Natham Road,162,23.94,Jam,Clear
2026-01-16 02:43:00,Trichy Road,56,21.01,Free Flow,Rainy
2026-01-16 02:45:00,RM Colony,42,65.89,Free Flow,Rainy
2026-01-16 02:45:00,Natham Road,22,47.0,Jam,Clear
2026-01-16 02:49:00,Natham Road,59,40.51,Free Flow,Rainy
2026-01-16 02:50:00,Begampur,144,22.67,Heavy,Rainy
2026-01-16 02:50:00,RM Colony,128,60.4,Free Flow,Rainy
2026-01-16 03:05:00,Trichy Road,175,55.01,Moderate,Rainy
2026-01-16 03:07:00,Begampur,34,20.98,Heavy,Clear
2026-01-16 03:14:00,Begampur,113,25.09,Heavy,Clear
2026-01-16 03:28:00,Trichy Road,62,57.12,Moderate,Rainy
2026-01-16 03:43:00,Batlagundu Road,112,32.56,Free Flow,Rainy
2026-01-16 03:55:00,Dindigul Bus Stand,166,69.86,Moderate,Cloudy
2026-01-16 03:55:00,Begampur,35,53.33,Jam,Cloudy
2026-01-16 03:58:00,Trichy Road,156,26.22,Heavy,Clear
2026-01-16 03:59:00,Natham Road,86,35.86,Heavy,Clear
2026-01-16 04:00:00,SPM Nagar,119,28.66,Jam,Clear
2026-01-16 04:07:00,RM Colony,39,66.67,Jam,Rainy
2026-01-16 04:10:00,Dindigul Bus Stand,70,31.83,Heavy,Rainy
2026-01-16 04:18:00,Nagalk Nagar,136,45.6,Free Flow,Cloudy
2026-01-16 04:25:00,Trichy Road,194,33.32,Moderate,Clear
2026-01-16 04:35:00,Nagalk Nagar,44,17.96,Free Flow,Clear
2026-01-16 04:41:00,Natham Road,178,58.81,Free Flow,Cloudy
2026-01-16 04:42:00,Batlagundu Road,39,62.55,Jam,Cloudy
2026-01-16 04:47:00,Natham Road,64,57.6,Moderate,Cloudy
2026-01-16 05:09:00,Batlagundu Road,136,27.29,Heavy,Clear
2026-01-16 05:18:00,Trichy Road,157,23.35,Heavy,Cloudy
2026-01-16 05:19:00,Batlagundu Road,106,28.7,Free Flow,Cloudy
2026-01-16 05:46:00,SPM Nagar,34,47.62,Heavy,Cloudy
2026-01-16 05:52:00,Batlagundu Road,105,48.73,Jam,Cloudy
2026-01-16 05:53:00,Palani Road,189,34.6,Heavy,Clear
2026-01-16 06:11:00,Nagalk Nagar,66,30.58,Free Flow,Rainy
2026-01-16 06:15:00,Trichy Road,53,35.9,Moderate,Cloudy
2026-01-16 06:17:00,Trichy Road,103,38.11,Jam,Rainy
2026-01-16 06:18:00,Natham Road,84,49.41,Moderate,Rainy
2026-01-16 06:20:00,RM Colony,81,50.91,Jam,Clear
2026-01-16 06:23:00,Natham Road,47,47.2,Heavy,Rainy
2026-01-16 06:35:00,Palani Road,68,22.53,Jam,Cloudy
2026-01-16 06:51:00,SPM Nagar,155,52.24,Moderate,Rainy
2026-01-16 07:00:00,Dindigul Bus Stand,175,40.46,Heavy,Clear
2026-01-16 07:07:00,Palani Road,24,44.24,Moderate,Cloudy
2026-01-16 07:08:00,Dindigul Bus Stand,23,38.26,Jam,Rainy
2026-01-16 07:31:00,Nagalk Nagar,56,21.6,Moderate,Clear
2026-01-16 07:33:00,SPM Nagar,28,62.92,Jam,Cloudy
2026-01-16 07:33:00,Dindigul Bus Stand,16,37.76,Free Flow,Cloudy
2026-01-16 07:44:00,RM Colony,158,53.05,Free Flow,Clear
2026-01-16 07:48:00,Dindigul Bus Stand,182,66.3,Free Flow,Cloudy
2026-01-16 07:52:00,Dindigul Bus Stand,56,68.69,Free Flow,Cloudy
2026-01-16 07:58:00,Trichy Road,115,32.18,Heavy,Clear
2026-01-16 08:02:00,Batlagundu Road,148,58.97,Free Flow,Cloudy
2026-01-16 08:30:00,Dindigul Bus Stand,131,23.8,Moderate,Clear
2026-01-16 08:55:00,Trichy Road,67,39.69,Free Flow,Cloudy
2026-01-16 08:57:00,Natham Road,92,26.54,Jam,Rainy
2026-01-16 09:08:00,Batlagundu Road,83,52.11,Moderate,Rainy
2026-01-16 09:11:00,Batlagundu Road,152,51.66,Moderate,Clear
2026-01-16 09:21:00,Natham Road,95,25.11,Jam,Rainy
2026-01-16 09:25:00,Batlagundu Road,135,41.18,Moderate,Clear
2026-01-16 09:30:00,Palani Road,159,16.78,Heavy,Cloudy
2026-01-16 09:30:00,Nagalk Nagar,19,31.78,Jam,Cloudy
2026-01-16 09:34:00,Palani Road,176,61.02,Moderate,Rainy
2026-01-16 09:52:00,Natham Road,136,44.7,Jam,Cloudy
2026-01-16 10:06:00,Begampur,171,38.43,Heavy,Clear
2026-01-16 10:16:00,Palani Road,191,34.95,Jam,Clear
2026-01-16 10:19:00,Nagalk Nagar,38,55.46,Moderate,Rainy
2026-01-16 10:22:00,Batlagundu Road,117,46.24,Jam,Rainy
2026-01-16 10:30:00,Oddanchatram Road,20,57.03,Free Flow,Clear
2026-01-16 10:35:00,Oddanchatram Road,26,61.41,Heavy,Clear
2026-01-16 10:37:00,Oddanchatram Road,178,61.03,Moderate,Clear
2026-01-16 10:40:00,Nagalk Nagar,183,66.2,Heavy,Clear
2026-01-16 10:48:00,Trichy Road,35,48.6,Free Flow,Cloudy
2026-01-16 10:58:00,Nagalk Nagar,193,44.73,Free Flow,Rainy
2026-01-16 11:05:00,RM Colony,52,47.84,Free Flow,Rainy
2026-01-16 11:20:00,RM Colony,10,69.46,Jam,Cloudy
2026-01-16 11:28:00,SPM Nagar,73,28.67,Heavy,Rainy
2026-01-16 11:29:00,SPM Nagar,59,29.6,Jam,Cloudy
2026-01-16 11:46:00,Batlagundu Road,41,34.43,Heavy,Rainy
2026-01-16 11:53:00,Natham Road,17,60.39,Jam,Cloudy
2026-01-16 11:55:00,Batlagundu Road,71,66.07,Moderate,Clear
2026-01-16 12:14:00,Trichy Road,182,50.26,Moderate,Cloudy
2026-01-16 12:20:00,Batlagundu Road,118,48.95,Free Flow,Rainy
2026-01-16 12:24:00,Begampur,119,63.74,Free Flow,Cloudy
2026-01-16 12:40:00,Natham Road,196,32.1,Free Flow,Rainy
2026-01-16 12:45:00,Begampur,77,34.69,Free Flow,Clear
2026-01-16 12:52:00,Dindigul Bus Stand,112,46.92,Moderate,Clear
2026-01-16 13:02:00,Palani Road,177,50.19,Free Flow,Cloudy
2026-01-16 13:09:00,Dindigul Bus Stand,58,50.52,Moderate,Cloudy
2026-01-16 13:17:00,SPM Nagar,197,23.45,Jam,Cloudy
2026-01-16 13:33:00,Dindigul Bus Stand,24,41.82,Free Flow,Cloudy
2026-01-16 13:40:00,Nagalk Nagar,102,16.28,Free Flow,Rainy
2026-01-16 13:44:00,RM Colony,68,17.49,Moderate,Rainy
2026-01-16 13:52:00,Begampur,29,65.63,Free Flow,Clear
2026-01-16 13:53:00,Palani Road,47,37.11,Free Flow,Rainy
2026-01-16 14:01:00,Begampur,64,48.96,Jam,Cloudy
2026-01-16 14:10:00,Palani Road,149,47.59,Jam,Cloudy
2026-01-16 14:26:00,Palani Road,183,21.93,Heavy,Cloudy
2026-01-16 14:26:00,Batlagundu Road,187,53.13,Free Flow,Cloudy
2026-01-16 14:36:00,RM Colony,142,24.84,Moderate,Rainy
2026-01-16 14:38:00,Natham Road,128,23.51,Free Flow,Cloudy
2026-01-16 14:47:00,Nagalk Nagar,188,35.03,Jam,Clear
2026-01-16 14:48:00,Trichy Road,157,20.77,Moderate,Clear
2026-01-16 15:05:00,Palani Road,90,18.14,Jam,Rainy
2026-01-16 15:23:00,Trichy Road,94,30.6,Jam,Rainy
2026-01-16 15:29:00,Oddanchatram Road,43,56.31,Free Flow,Clear
2026-01-16 15:29:00,Nagalk Nagar,118,25.64,Free Flow,Rainy
2026-01-16 15:35:00,RM Colony,54,37.22,Moderate,Rainy
2026-01-16 15:37:00,Natham Road,104,49.03,Heavy,Clear
2026-01-16 15:37:00,Natham Road,41,25.97,Free Flow,Clear
2026-01-16 15:45:00,Nagalk Nagar,22,57.94,Free Flow,Clear
2026-01-16 15:56:00,Begampur,194,47.61,Free Flow,Clear
2026-01-16 16:01:00,Dindigul Bus Stand,179,59.13,Heavy,Clear
2026-01-16 16:15:00,Begampur,119,18.23,Heavy,Clear
2026-01-16 16:19:00,Trichy Road,83,60.93,Heavy,Cloudy
2026-01-16 16:23:00,Nagalk Nagar,194,32.36,Free Flow,Rainy
2026-01-16 16:27:00,RM Colony,186,58.5,Moderate,Clear
2026-01-16 16:43:00,Trichy Road,30,49.83,Jam,Cloudy
2026-01-16 16:59:00,Natham Road,178,32.04,Heavy,Clear
2026-01-16 17:10:00,Nagalk Nagar,99,32.0,Moderate,Rainy
2026-01-16 17:11:00,Nagalk Nagar,153,69.12,Free Flow,Cloudy
2026-01-16 17:34:00,Batlagundu Road,18,57.16,Free Flow,Clear
2026-01-16 17:50:00,RM Colony,194,23.0,Heavy,Clear
2026-01-16 17:52:00,Palani Road,148,68.09,Free Flow,Clear
2026-01-16 17:54:00,Begampur,195,39.98,Jam,Cloudy
2026-01-16 17:56:00,Begampur,102,54.7,Heavy,Cloudy
2026-01-16 17:57:00,Nagalk Nagar,169,46.16,Free Flow,Rainy
2026-01-16 18:04:00,RM Colony,55,22.16,Heavy,Cloudy
2026-01-16 18:20:00,Trichy Road,185,22.66,Free Flow,Rainy
2026-01-16 18:27:00,Begampur,48,38.83,Jam,Clear
2026-01-16 18:29:00,Dindigul Bus Stand,96,42.03,Jam,Clear
2026-01-16 18:48:00,Oddanchatram Road,51,22.74,Heavy,Rainy
2026-01-16 19:06:00,Palani Road,28,57.77,Free Flow,Cloudy
2026-01-16 19:13:00,Nagalk Nagar,144,38.41,Jam,Clear
2026-01-16 19:16:00,Trichy Road,35,43.99,Moderate,Cloudy
2026-01-16 19:18:00,Trichy Road,198,64.27,Free Flow,Rainy
2026-01-16 19:25:00,Trichy Road,117,50.57,Heavy,Clear
2026-01-16 19:34:00,Begampur,163,38.14,Free Flow,Cloudy
2026-01-16 19:42:00,Nagalk Nagar,58,41.83,Moderate,Rainy
2026-01-16 19:54:00,Nagalk Nagar,146,64.19,Heavy,Rainy
2026-01-16 19:58:00,SPM Nagar,156,44.41,Free Flow,Clear
2026-01-16 20:07:00,RM Colony,194,61.65,Jam,Cloudy
2026-01-16 20:31:00,Nagalk Nagar,46,40.34,Free Flow,Cloudy
2026-01-16 20:33:00,SPM Nagar,40,45.48,Free Flow,Clear
2026-01-16 21:01:00,Batlagundu Road,142,21.42,Moderate,Cloudy
2026-01-16 21:07:00,Palani Road,119,67.34,Moderate,Rainy
2026-01-16 21:15:00,Begampur,15,50.15,Jam,Rainy
2026-01-16 21:18:00,SPM Nagar,94,29.04,Moderate,Clear
2026-01-16 21:23:00,Nagalk Nagar,120,20.72,Jam,Clear
2026-01-16 21:35:00,Nagalk Nagar,124,59.62,Jam,Clear
2026-01-16 21:37:00,Nagalk Nagar,78,44.62,Moderate,Cloudy
2026-01-16 21:56:00,Dindigul Bus Stand,131,66.68,Moderate,Clear
2026-01-16 22:05:00,Nagalk Nagar,132,60.0,Free Flow,Clear
2026-01-16 22:12:00,RM Colony,136,48.87,Jam,Rainy
2026-01-16 22:18:00,Palani Road,152,42.73,Moderate,Cloudy
2026-01-16 22:18:00,Oddanchatram Road,119,34.89,Free Flow,Rainy
2026-01-16 22:20:00,Trichy Road,162,45.64,Moderate,Clear
2026-01-16 22:23:00,Oddanchatram Road,94,40.98,Heavy,Rainy
2026-01-16 22:24:00,Nagalk Nagar,36,26.14,Moderate,Rainy
2026-01-16 22:40:00,Palani Road,85,57.68,Heavy,Clear
2026-01-16 22:44:00,Palani Road,160,61.67,Jam,Cloudy
2026-01-16 22:53:00,Palani Road,12,40.67,Jam,Cloudy
2026-01-16 22:55:00,Nagalk Nagar,155,20.75,Jam,Rainy
2026-01-16 22:55:00,Dindigul Bus Stand,143,61.4,Free Flow,Clear
2026-01-16 23:07:00,Begampur,177,60.55,Moderate,Rainy
2026-01-16 23:23:00,Palani Road,193,35.89,Free Flow,Clear
2026-01-16 23:27:00,Palani Road,92,19.48,Heavy,Cloudy
2026-01-16 23:46:00,RM Colony,95,56.77,Free Flow,Clear
2026-01-16 23:50:00,Palani Road,74,53.45,Moderate,Clear
2026-01-16 23:54:00,Begampur,108,22.06,Jam,Clear
2026-01-16 23:55:00,Batlagundu Road,54,60.49,Free Flow,Clear
2026-01-16 23:56:00,Oddanchatram Road,160,46.72,Free Flow,Clear
2026-01-16 23:58:00,Batlagundu Road,11,41.45,Heavy,Rainy
2026-01-16 23:59:00,Dindigul Bus Stand,33,18.64,Jam,Rainy
2026-01-17 00:17:00,Begampur,115,32.79,Moderate,Rainy
2026-01-17 00:18:00,Begampur,39,21.96,Jam,Cloudy
2026-01-17 00:24:00,SPM Nagar,88,49.97,Jam,Clear
2026-01-17 00:24:00,Dindigul Bus Stand,111,24.55,Jam,Cloudy
2026-01-17 00:34:00,Nagalk Nagar,59,23.75,Heavy,Cloudy
2026-01-17 00:34:00,SPM Nagar,95,30.44,Free Flow,Rainy
2026-01-17 00:39:00,Begampur,189,47.36,Heavy,Rainy
2026-01-17 00:51:00,Dindigul Bus Stand,54,62.64,Moderate,Cloudy
2026-01-17 01:05:00,Batlagundu Road,148,16.14,Jam,Clear
2026-01-17 01:08:00,Trichy Road,57,36.24,Free Flow,Cloudy
2026-01-17 01:11:00,Batlagundu Road,109,50.5,Moderate,Cloudy
2026-01-17 01:30:00,SPM Nagar,116,30.93,Free Flow,Rainy
2026-01-17 01:34:00,Palani Road,133,53.97,Free Flow,Cloudy
2026-01-17 01:44:00,Trichy Road,114,30.69,Jam,Clear
2026-01-17 01:46:00,Trichy Road,69,66.36,Free Flow,Cloudy
2026-01-17 02:13:00,Nagalk Nagar,48,25.73,Moderate,Clear
2026-01-17 02:26:00,Palani Road,89,34.16,Heavy,Rainy
2026-01-17 02:47:00,Trichy Road,192,15.01,Free Flow,Clear
2026-01-17 02:52:00,Begampur,71,67.19,Jam,Clear
2026-01-17 02:52:00,Batlagundu Road,134,66.47,Heavy,Rainy
2026-01-17 02:54:00,Natham Road,98,56.88,Free Flow,Rainy
2026-01-17 02:58:00,Palani Road,36,51.17,Free Flow,Clear
2026-01-17 03:03:00,Natham Road,128,53.41,Heavy,Rainy
2026-01-17 03:07:00,Trichy Road,150,38.79,Free Flow,Cloudy
2026-01-17 03:08:00,Dindigul Bus Stand,40,24.09,Heavy,Cloudy
2026-01-17 03:15:00,Batlagundu Road,153,50.65,Heavy,Cloudy
2026-01-17 03:16:00,RM Colony,173,28.79,Jam,Clear
2026-01-17 03:19:00,Natham Road,168,17.84,Jam,Cloudy
2026-01-17 03:21:00,Batlagundu Road,89,61.75,Moderate,Clear
2026-01-17 03:23:00,Trichy Road,182,55.37,Moderate,Cloudy
2026-01-17 03:30:00,Dindigul Bus Stand,27,23.96,Jam,Clear
2026-01-17 03:31:00,Dindigul Bus Stand,111,32.67,Moderate,Clear
2026-01-17 03:33:00,Dindigul Bus Stand,109,41.78,Moderate,Rainy
2026-01-17 03:36:00,Dindigul Bus Stand,144,44.54,Moderate,Rainy
2026-01-17 03:39:00,Dindigul Bus Stand,80,23.96,Heavy,Rainy
2026-01-17 04:03:00,Palani Road,118,38.83,Jam,Cloudy
2026-01-17 04:04:00,SPM Nagar,21,68.85,Moderate,Clear
2026-01-17 04:09:00,RM Colony,141,43.55,Jam,Rainy
2026-01-17 04:13:00,Dindigul Bus Stand,111,22.99,Jam,Clear
2026-01-17 04:13:00,Palani Road,154,47.75,Free Flow,Cloudy
2026-01-17 04:24:00,Nagalk Nagar,62,66.61,Free Flow,Clear
2026-01-17 04:32:00,Oddanchatram Road,27,49.74,Free Flow,Rainy
2026-01-17 05:08:00,Dindigul Bus Stand,179,35.34,Free Flow,Rainy
2026-01-17 05:10:00,Palani Road,143,64.04,Moderate,Cloudy
2026-01-17 05:13:00,Oddanchatram Road,166,31.11,Free Flow,Clear
2026-01-17 05:17:00,Palani Road,196,23.55,Heavy,Cloudy
2026-01-17 05:40:00,Trichy Road,38,52.32,Heavy,Clear
2026-01-17 05:41:00,Trichy Road,75,32.33,Heavy,Rainy
2026-01-17 05:47:00,Natham Road,197,18.73,Moderate,Cloudy
2026-01-17 05:50:00,Trichy Road,123,17.38,Free Flow,Cloudy
2026-01-17 05:55:00,Begampur,41,43.21,Free Flow,Rainy
2026-01-17 05:57:00,Natham Road,89,15.3,Heavy,Cloudy
2026-01-17 06:13:00,Dindigul Bus Stand,134,44.35,Free Flow,Clear
2026-01-17 06:18:00,Natham Road,176,39.9,Free Flow,Clear
2026-01-17 06:25:00,SPM Nagar,80,65.6,Moderate,Clear
2026-01-17 06:41:00,Natham Road,46,25.48,Heavy,Rainy
2026-01-17 06:42:00,Oddanchatram Road,59,35.98,Jam,Cloudy
2026-01-17 06:52:00,Nagalk Nagar,158,22.85,Jam,Clear
2026-01-17 07:09:00,Begampur,46,60.23,Moderate,Cloudy
2026-01-17 07:14:00,RM Colony,164,28.22,Heavy,Clear
2026-01-17 07:29:00,Batlagundu Road,152,33.73,Jam,Rainy
2026-01-17 07:38:00,SPM Nagar,122,27.27,Jam,Rainy
2026-01-17 07:51:00,Trichy Road,57,40.59,Heavy,Rainy
2026-01-17 07:58:00,Trichy Road,160,69.16,Free Flow,Rainy
2026-01-17 08:02:00,Palani Road,123,54.49,Moderate,Clear
2026-01-17 08:14:00,RM Colony,52,50.39,Heavy,Cloudy
2026-01-17 08:19:00,Palani Road,179,42.32,Heavy,Cloudy
2026-01-17 08:25:00,Oddanchatram Road,94,56.9,Jam,Rainy
2026-01-17 08:31:00,SPM Nagar,69,26.85,Jam,Rainy
2026-01-17 08:33:00,Begampur,22,68.7,Free Flow,Cloudy
2026-01-17 08:46:00,Trichy Road,24,60.67,Free Flow,Clear
2026-01-17 08:51:00,Begampur,24,53.3,Moderate,Clear
2026-01-17 08:52:00,SPM Nagar,147,51.46,Free Flow,Clear
2026-01-17 08:55:00,Begampur,97,29.87,Moderate,Cloudy
2026-01-17 09:08:00,Palani Road,62,67.53,Free Flow,Clear
2026-01-17 09:21:00,Dindigul Bus Stand,168,39.84,Moderate,Cloudy
2026-01-17 09:27:00,Begampur,41,21.48,Heavy,Clear
2026-01-17 09:30:00,Palani Road,52,43.43,Heavy,Cloudy
2026-01-17 09:32:00,Nagalk Nagar,158,29.6,Moderate,Rainy
2026-01-17 09:34:00,Begampur,195,29.25,Jam,Rainy
2026-01-17 09:41:00,RM Colony,20,57.95,Heavy,Cloudy
2026-01-17 09:43:00,Trichy Road,120,43.42,Jam,Clear
2026-01-17 10:00:00,Batlagundu Road,12,56.03,Heavy,Rainy
2026-01-17 10:13:00,Palani Road,50,46.15,Moderate,Rainy
2026-01-17 10:16:00,Begampur,195,21.77,Jam,Cloudy
2026-01-17 10:32:00,Trichy Road,147,16.32,Heavy,Cloudy
2026-01-17 10:49:00,Begampur,12,68.55,Free Flow,Cloudy
2026-01-17 10:49:00,Batlagundu Road,83,21.89,Jam,Cloudy
2026-01-17 10:54:00,Natham Road,22,44.9,Free Flow,Clear
2026-01-17 11:06:00,RM Colony,46,41.1,Moderate,Rainy
2026-01-17 11:06:00,Dindigul Bus Stand,45,16.29,Jam,Clear
2026-01-17 11:14:00,Dindigul Bus Stand,53,39.04,Moderate,Rainy
2026-01-17 11:45:00,Palani Road,55,42.3,Jam,Cloudy
2026-01-17 11:49:00,Nagalk Nagar,197,57.89,Free Flow,Cloudy
2026-01-17 11:50:00,Dindigul Bus Stand,25,65.46,Jam,Cloudy
2026-01-17 11:50:00,Dindigul Bus Stand,95,34.29,Heavy,Clear
2026-01-17 11:52:00,Batlagundu Road,24,38.48,Heavy,Rainy
2026-01-17 11:59:00,RM Colony,132,40.66,Moderate,Clear
2026-01-17 12:02:00,RM Colony,158,69.99,Moderate,Clear
2026-01-17 12:11:00,Begampur,158,61.11,Jam,Rainy
2026-01-17 12:16:00,RM Colony,14,69.96,Heavy,Clear
2026-01-17 12:39:00,SPM Nagar,24,38.88,Free Flow,Rainy
2026-01-17 12:49:00,Dindigul Bus Stand,135,66.7,Free Flow,Cloudy
2026-01-17 12:50:00,Natham Road,92,28.63,Jam,Clear
2026-01-17 13:40:00,Natham Road,93,24.53,Moderate,Cloudy
2026-01-17 13:47:00,Batlagundu Road,22,51.33,Jam,Cloudy
2026-01-17 13:52:00,Trichy Road,104,37.2,Moderate,Cloudy
2026-01-17 13:55:00,SPM Nagar,94,64.99,Heavy,Cloudy
2026-01-17 14:02:00,Dindigul Bus Stand,187,30.25,Jam,Rainy
2026-01-17 14:04:00,Oddanchatram Road,144,47.84,Heavy,Rainy
2026-01-17 14:13:00,Natham Road,16,58.29,Free Flow,Rainy
2026-01-17 14:16:00,Dindigul Bus Stand,180,24.33,Moderate,Cloudy
2026-01-17 14:37:00,Begampur,57,58.18,Moderate,Rainy
2026-01-17 14:45:00,Trichy Road,27,52.59,Heavy,Rainy
2026-01-17 15:08:00,Trichy Road,63,33.54,Free Flow,Clear
2026-01-17 15:10:00,RM Colony,38,27.82,Heavy,Rainy
2026-01-17 15:11:00,Oddanchatram Road,135,40.2,Jam,Cloudy
2026-01-17 15:14:00,RM Colony,106,19.5,Jam,Clear
2026-01-17 15:20:00,Begampur,175,56.21,Heavy,Rainy
2026-01-17 15:21:00,RM Colony,73,17.91,Heavy,Rainy
2026-01-17 15:40:00,Palani Road,49,48.53,Jam,Cloudy
2026-01-17 15:42:00,Dindigul Bus Stand,55,61.35,Moderate,Clear
2026-01-17 15:51:00,Batlagundu Road,113,59.11,Jam,Rainy
2026-01-17 15:52:00,Nagalk Nagar,154,21.91,Moderate,Clear
2026-01-17 15:55:00,Natham Road,181,59.83,Jam,Clear
2026-01-17 15:57:00,Begampur,117,35.29,Moderate,Cloudy
2026-01-17 16:00:00,Dindigul Bus Stand,137,22.49,Jam,Cloudy
2026-01-17 16:00:00,Trichy Road,38,22.4,Free Flow,Cloudy
2026-01-17 16:08:00,Nagalk Nagar,75,46.2,Free Flow,Clear
2026-01-17 16:19:00,SPM Nagar,33,44.07,Moderate,Rainy
2026-01-17 16:25:00,Begampur,115,51.67,Free Flow,Clear
2026-01-17 16:26:00,Oddanchatram Road,58,46.3,Heavy,Rainy
2026-01-17 16:27:00,Dindigul Bus Stand,183,37.15,Moderate,Clear
2026-01-17 16:28:00,Dindigul Bus Stand,140,51.0,Moderate,Cloudy
2026-01-17 16:40:00,RM Colony,148,53.34,Free Flow,Cloudy
2026-01-17 16:45:00,Natham Road,140,37.38,Free Flow,Rainy
2026-01-17 16:47:00,Oddanchatram Road,30,59.71,Jam,Clear
2026-01-17 17:02:00,Dindigul Bus Stand,57,36.54,Jam,Cloudy
2026-01-17 17:03:00,Oddanchatram Road,21,46.74,Moderate,Cloudy
2026-01-17 17:06:00,Oddanchatram Road,33,66.39,Jam,Clear
2026-01-17 17:08:00,Nagalk Nagar,153,26.73,Free Flow,Cloudy
2026-01-17 17:17:00,Begampur,197,68.4,Moderate,Cloudy
2026-01-17 17:19:00,Trichy Road,138,24.89,Free Flow,Clear
2026-01-17 17:30:00,Batlagundu Road,132,57.02,Jam,Rainy
2026-01-17 17:30:00,Nagalk Nagar,129,50.41,Jam,Cloudy
2026-01-17 17:43:00,Dindigul Bus Stand,55,64.47,Free Flow,Rainy
2026-01-17 18:11:00,SPM Nagar,94,32.08,Jam,Rainy
2026-01-17 18:13:00,Natham Road,175,63.44,Moderate,Rainy
2026-01-17 18:20:00,Nagalk Nagar,164,47.51,Moderate,Clear
2026-01-17 18:25:00,Nagalk Nagar,100,39.63,Free Flow,Clear
2026-01-17 18:42:00,Trichy Road,162,15.36,Free Flow,Rainy
2026-01-17 18:43:00,Nagalk Nagar,118,53.85,Heavy,Cloudy
2026-01-17 18:51:00,Batlagundu Road,185,20.45,Free Flow,Rainy
2026-01-17 18:53:00,SPM Nagar,181,42.37,Jam,Cloudy
2026-01-17 18:59:00,Palani Road,172,64.13,Moderate,Rainy
2026-01-17 19:00:00,Batlagundu Road,20,18.23,Moderate,Cloudy
2026-01-17 19:03:00,RM Colony,23,29.25,Moderate,Rainy
2026-01-17 19:05:00,RM Colony,140,69.29,Heavy,Clear
2026-01-17 19:12:00,Natham Road,50,48.09,Jam,Cloudy
2026-01-17 19:39:00,Oddanchatram Road,50,58.69,Jam,Cloudy
2026-01-17 19:44:00,Nagalk Nagar,189,31.44,Free Flow,Clear
2026-01-17 19:58:00,Natham Road,111,23.72,Free Flow,Cloudy
2026-01-17 20:28:00,Dindigul Bus Stand,29,34.6,Moderate,Cloudy
2026-01-17 20:29:00,SPM Nagar,63,36.47,Free Flow,Clear
2026-01-17 20:29:00,Oddanchatram Road,196,49.71,Free Flow,Cloudy
2026-01-17 20:42:00,Trichy Road,121,31.48,Jam,Clear
2026-01-17 20:46:00,Oddanchatram Road,123,51.59,Jam,Rainy
2026-01-17 20:49:00,RM Colony,60,68.79,Free Flow,Clear
2026-01-17 21:02:00,Batlagundu Road,196,52.19,Jam,Cloudy
2026-01-17 21:03:00,Dindigul Bus Stand,100,50.14,Heavy,Cloudy
2026-01-17 21:18:00,Palani Road,61,48.68,Jam,Clear
2026-01-17 21:30:00,Nagalk Nagar,17,65.44,Moderate,Cloudy
2026-01-17 21:42:00,SPM Nagar,139,60.71,Free Flow,Clear
2026-01-17 21:51:00,Trichy Road,159,64.3,Jam,Rainy
2026-01-17 22:16:00,RM Colony,139,22.19,Heavy,Rainy
2026-01-17 22:23:00,SPM Nagar,110,55.3,Jam,Cloudy
2026-01-17 22:27:00,RM Colony,21,34.57,Jam,Cloudy
2026-01-17 22:31:00,Nagalk Nagar,185,67.01,Free Flow,Rainy
2026-01-17 22:42:00,Palani Road,99,51.08,Heavy,Cloudy
2026-01-17 22:49:00,Oddanchatram Road,16,34.72,Moderate,Clear
2026-01-17 23:02:00,Batlagundu Road,145,16.17,Moderate,Cloudy
2026-01-17 23:06:00,Oddanchatram Road,16,56.39,Jam,Rainy
2026-01-17 23:16:00,SPM Nagar,107,33.94,Jam,Clear
2026-01-17 23:23:00,Palani Road,116,39.46,Heavy,Rainy
2026-01-17 23:26:00,Dindigul Bus Stand,184,16.37,Free Flow,Cloudy
2026-01-17 23:37:00,Trichy Road,17,43.89,Moderate,Cloudy
2026-01-17 23:37:00,Dindigul Bus Stand,109,46.48,Moderate,Rainy
2026-01-17 23:38:00,RM Colony,65,57.18,Jam,Cloudy
2026-01-17 23:39:00,Nagalk Nagar,45,39.81,Moderate,Clear
2026-01-17 23:41:00,Natham Road,26,36.99,Jam,Rainy
2026-01-17 23:42:00,Trichy Road,195,50.28,Heavy,Clear
2026-01-17 23:45:00,Batlagundu Road,53,62.47,Free Flow,Rainy
2026-01-17 23:56:00,SPM Nagar,87,26.84,Free Flow,Rainy
2026-01-18 00:13:00,Trichy Road,103,17.84,Moderate,Rainy
2026-01-18 00:40:00,Dindigul Bus Stand,104,62.3,Moderate,Clear
2026-01-18 00:44:00,Natham Road,195,58.33,Heavy,Clear
2026-01-18 00:49:00,Dindigul Bus Stand,103,39.14,Free Flow,Clear
2026-01-18 00:50:00,Begampur,39,32.35,Heavy,Clear
2026-01-18 00:51:00,Nagalk Nagar,91,42.63,Heavy,Cloudy
2026-01-18 01:01:00,Dindigul Bus Stand,141,45.9,Heavy,Clear
2026-01-18 01:06:00,Dindigul Bus Stand,35,20.31,Free Flow,Rainy
2026-01-18 01:13:00,Natham Road,126,21.49,Free Flow,Cloudy
2026-01-18 01:14:00,Natham Road,121,15.45,Free Flow,Clear
2026-01-18 01:15:00,RM Colony,65,28.75,Free Flow,Rainy
2026-01-18 01:17:00,Trichy Road,165,69.43,Moderate,Rainy
2026-01-18 01:22:00,Nagalk Nagar,10,27.83,Free Flow,Rainy
2026-01-18 01:25:00,Natham Road,57,28.54,Moderate,Rainy
2026-01-18 01:35:00,Batlagundu Road,23,51.81,Jam,Clear
2026-01-18 01:48:00,Oddanchatram Road,194,36.58,Jam,Clear
2026-01-18 02:08:00,RM Colony,135,53.11,Moderate,Cloudy
2026-01-18 02:35:00,SPM Nagar,110,18.96,Moderate,Clear
2026-01-18 02:38:00,SPM Nagar,11,52.05,Heavy,Cloudy
2026-01-18 02:48:00,Dindigul Bus Stand,188,34.69,Heavy,Cloudy
2026-01-18 02:50:00,Palani Road,45,38.61,Moderate,Rainy
2026-01-18 02:54:00,SPM Nagar,192,24.03,Jam,Clear
2026-01-18 03:01:00,Palani Road,142,19.21,Jam,Cloudy
2026-01-18 03:06:00,Dindigul Bus Stand,199,55.8,Moderate,Cloudy
2026-01-18 03:07:00,Trichy Road,171,35.83,Free Flow,Clear
2026-01-18 03:16:00,SPM Nagar,69,17.73,Heavy,Rainy
2026-01-18 03:25:00,SPM Nagar,177,46.31,Heavy,Rainy
2026-01-18 03:41:00,Dindigul Bus Stand,128,60.12,Jam,Cloudy
2026-01-18 03:50:00,SPM Nagar,160,19.49,Moderate,Clear
2026-01-18 03:56:00,Natham Road,74,17.52,Jam,Clear
2026-01-18 04:00:00,Trichy Road,77,31.55,Jam,Cloudy
2026-01-18 04:04:00,Nagalk Nagar,23,35.1,Heavy,Clear
2026-01-18 04:12:00,Trichy Road,137,47.33,Free Flow,Cloudy
2026-01-18 04:16:00,Natham Road,33,32.79,Jam,Clear
2026-01-18 04:28:00,Batlagundu Road,85,42.05,Moderate,Cloudy
2026-01-18 04:47:00,Dindigul Bus Stand,11,43.82,Moderate,Clear
2026-01-18 04:53:00,Oddanchatram Road,186,46.77,Free Flow,Cloudy
2026-01-18 05:04:00,Dindigul Bus Stand,111,27.37,Moderate,Clear
2026-01-18 05:14:00,Natham Road,55,17.7,Free Flow,Cloudy
2026-01-18 05:24:00,Oddanchatram Road,10,64.44,Free Flow,Clear
2026-01-18 05:25:00,Oddanchatram Road,110,45.87,Heavy,Cloudy
2026-01-18 05:28:00,SPM Nagar,92,68.55,Jam,Rainy
2026-01-18 05:34:00,Nagalk Nagar,159,44.86,Jam,Clear
2026-01-18 05:37:00,RM Colony,185,37.86,Moderate,Rainy
2026-01-18 05:39:00,Nagalk Nagar,87,64.53,Heavy,Rainy
2026-01-18 05:39:00,Begampur,49,25.98,Moderate,Rainy
2026-01-18 05:39:00,Oddanchatram Road,118,64.23,Free Flow,Rainy
2026-01-18 05:51:00,Oddanchatram Road,46,60.98,Jam,Clear
2026-01-18 06:10:00,SPM Nagar,131,69.94,Jam,Rainy
2026-01-18 06:10:00,Batlagundu Road,187,47.08,Heavy,Rainy
2026-01-18 06:12:00,Palani Road,122,21.97,Heavy,Cloudy
2026-01-18 06:12:00,Natham Road,36,36.52,Free Flow,Rainy
2026-01-18 06:59:00,Palani Road,41,50.18,Heavy,Rainy
2026-01-18 07:00:00,RM Colony,168,44.89,Jam,Cloudy
2026-01-18 07:02:00,RM Colony,193,20.7,Moderate,Rainy
2026-01-18 07:12:00,Oddanchatram Road,26,47.74,Free Flow,Cloudy
2026-01-18 07:12:00,Dindigul Bus Stand,76,45.7,Jam,Rainy
2026-01-18 07:20:00,Palani Road,50,19.22,Moderate,Clear
2026-01-18 07:50:00,Begampur,191,51.23,Heavy,Cloudy
2026-01-18 07:52:00,Palani Road,158,25.66,Free Flow,Clear
2026-01-18 07:59:00,Nagalk Nagar,130,59.76,Free Flow,Clear
2026-01-18 08:12:00,SPM Nagar,28,51.5,Heavy,Rainy
2026-01-18 08:13:00,SPM Nagar,155,46.31,Heavy,Clear
2026-01-18 08:34:00,SPM Nagar,164,20.68,Jam,Clear
2026-01-18 08:40:00,Natham Road,22,50.24,Free Flow,Clear
2026-01-18 08:42:00,Nagalk Nagar,61,20.07,Jam,Clear
2026-01-18 08:45:00,Begampur,49,23.06,Moderate,Rainy
2026-01-18 08:50:00,SPM Nagar,178,68.29,Heavy,Rainy
2026-01-18 09:12:00,Oddanchatram Road,70,15.06,Jam,Clear
2026-01-18 09:13:00,Begampur,149,45.69,Jam,Cloudy
2026-01-18 09:14:00,Batlagundu Road,97,26.94,Jam,Rainy
2026-01-18 09:20:00,Dindigul Bus Stand,105,52.61,Heavy,Clear
2026-01-18 09:31:00,Palani Road,158,64.49,Jam,Clear
2026-01-18 09:39:00,Trichy Road,151,47.83,Heavy,Cloudy
2026-01-18 09:45:00,Nagalk Nagar,16,56.99,Free Flow,Rainy
2026-01-18 10:00:00,Nagalk Nagar,58,46.41,Moderate,Clear
2026-01-18 10:01:00,Trichy Road,194,63.43,Moderate,Clear
2026-01-18 10:29:00,Begampur,26,48.67,Free Flow,Clear
2026-01-18 10:50:00,Trichy Road,89,28.51,Moderate,Cloudy
2026-01-18 10:52:00,Palani Road,169,38.55,Moderate,Clear
2026-01-18 11:20:00,Oddanchatram Road,160,48.61,Jam,Cloudy
2026-01-18 11:20:00,Nagalk Nagar,137,20.62,Free Flow,Rainy
2026-01-18 11:20:00,Batlagundu Road,81,31.2,Free Flow,Rainy
2026-01-18 11:25:00,Begampur,112,41.32,Free Flow,Cloudy
2026-01-18 11:38:00,Palani Road,155,49.45,Moderate,Rainy
2026-01-18 11:40:00,Batlagundu Road,154,39.97,Moderate,Cloudy
2026-01-18 11:41:00,Trichy Road,179,45.4,Free Flow,Cloudy
2026-01-18 11:49:00,Batlagundu Road,45,57.12,Moderate,Rainy
2026-01-18 12:15:00,Dindigul Bus Stand,42,32.21,Heavy,Clear
2026-01-18 12:28:00,Palani Road,163,65.83,Heavy,Rainy
2026-01-18 12:30:00,Trichy Road,60,18.15,Moderate,Rainy
2026-01-18 12:44:00,Dindigul Bus Stand,124,38.57,Jam,Clear
2026-01-18 12:49:00,Oddanchatram Road,127,23.93,Heavy,Cloudy
2026-01-18 13:02:00,Palani Road,35,66.43,Jam,Rainy
2026-01-18 13:12:00,Trichy Road,92,69.19,Moderate,Rainy
2026-01-18 13:15:00,Palani Road,55,62.33,Free Flow,Clear
2026-01-18 13:19:00,Palani Road,28,47.73,Jam,Rainy
2026-01-18 13:23:00,SPM Nagar,185,69.47,Moderate,Cloudy
2026-01-18 13:24:00,Dindigul Bus Stand,192,54.35,Jam,Cloudy
2026-01-18 13:44:00,Nagalk Nagar,19,16.51,Free Flow,Cloudy
2026-01-18 13:44:00,Trichy Road,191,35.91,Heavy,Rainy
2026-01-18 14:00:00,Dindigul Bus Stand,96,38.68,Jam,Clear
2026-01-18 14:06:00,Nagalk Nagar,113,23.76,Heavy,Cloudy
2026-01-18 14:06:00,Trichy Road,94,40.14,Heavy,Clear
2026-01-18 14:41:00,Begampur,108,25.81,Free Flow,Rainy
2026-01-18 14:46:00,Natham Road,103,54.15,Free Flow,Cloudy
2026-01-18 14:47:00,SPM Nagar,149,50.21,Heavy,Rainy
2026-01-18 14:49:00,RM Colony,114,57.29,Heavy,Cloudy
2026-01-18 14:57:00,SPM Nagar,43,49.45,Heavy,Clear
2026-01-18 15:03:00,Palani Road,154,18.96,Moderate,Cloudy
2026-01-18 15:04:00,Nagalk Nagar,26,35.14,Heavy,Rainy
2026-01-18 15:07:00,Begampur,88,15.46,Moderate,Cloudy
2026-01-18 15:11:00,Trichy Road,18,47.24,Jam,Clear
2026-01-18 15:13:00,Nagalk Nagar,50,51.76,Jam,Cloudy
2026-01-18 15:20:00,Palani Road,180,15.05,Free Flow,Cloudy
2026-01-18 15:24:00,Begampur,197,38.9,Jam,Rainy
2026-01-18 15:25:00,Batlagundu Road,62,45.39,Jam,Clear
2026-01-18 15:29:00,SPM Nagar,159,30.74,Heavy,Rainy
2026-01-18 15:31:00,Nagalk Nagar,56,26.31,Heavy,Clear
2026-01-18 15:41:00,Nagalk Nagar,141,25.33,Free Flow,Cloudy
2026-01-18 15:51:00,Trichy Road,45,63.48,Moderate,Cloudy
2026-01-18 15:54:00,RM Colony,38,67.23,Jam,Clear
2026-01-18 16:16:00,RM Colony,126,68.99,Jam,Clear
2026-01-18 16:26:00,Dindigul Bus Stand,124,25.91,Jam,Cloudy
2026-01-18 16:43:00,RM Colony,89,57.4,Free Flow,Cloudy
2026-01-18 17:11:00,Natham Road,151,24.9,Heavy,Cloudy
2026-01-18 17:23:00,Dindigul Bus Stand,122,55.03,Moderate,Clear
2026-01-18 17:31:00,SPM Nagar,157,40.07,Free Flow,Cloudy
2026-01-18 17:43:00,RM Colony,141,43.69,Moderate,Cloudy
2026-01-18 18:00:00,Oddanchatram Road,180,15.39,Jam,Clear
2026-01-18 18:07:00,Begampur,35,34.13,Free Flow,Cloudy
2026-01-18 18:41:00,Begampur,65,38.17,Moderate,Rainy
2026-01-18 18:42:00,Begampur,59,62.46,Jam,Cloudy
2026-01-18 18:45:00,Palani Road,96,37.28,Jam,Clear
2026-01-18 18:49:00,Begampur,58,41.01,Jam,Rainy
2026-01-18 18:49:00,Begampur,63,28.85,Free Flow,Clear
2026-01-18 18:51:00,Oddanchatram Road,196,39.53,Jam,Cloudy
2026-01-18 18:58:00,SPM Nagar,151,58.21,Jam,Cloudy
2026-01-18 19:20:00,Natham Road,133,40.26,Heavy,Cloudy
2026-01-18 19:21:00,RM Colony,53,61.38,Heavy,Clear
2026-01-18 19:54:00,Palani Road,13,69.92,Jam,Rainy
2026-01-18 20:01:00,Nagalk Nagar,69,41.98,Free Flow,Cloudy
2026-01-18 20:17:00,Dindigul Bus Stand,48,26.47,Jam,Rainy
2026-01-18 20:23:00,Dindigul Bus Stand,186,23.55,Heavy,Clear
2026-01-18 20:24:00,Begampur,162,49.95,Moderate,Clear
2026-01-18 21:05:00,RM Colony,161,28.52,Free Flow,Rainy
2026-01-18 21:06:00,Batlagundu Road,193,22.91,Heavy,Clear
2026-01-18 21:17:00,Oddanchatram Road,62,50.38,Free Flow,Cloudy
2026-01-18 21:20:00,Trichy Road,57,56.13,Heavy,Rainy
2026-01-18 21:21:00,RM Colony,99,66.23,Moderate,Rainy
2026-01-18 21:21:00,Begampur,183,36.56,Moderate,Clear
2026-01-18 21:27:00,Palani Road,177,63.34,Jam,Clear
2026-01-18 21:35:00,RM Colony,19,40.54,Jam,Rainy
2026-01-18 21:54:00,Dindigul Bus Stand,143,22.27,Moderate,Clear
2026-01-18 22:08:00,Oddanchatram Road,148,22.76,Jam,Cloudy
2026-01-18 22:42:00,Begampur,184,59.77,Free Flow,Clear
2026-01-18 22:46:00,Batlagundu Road,36,29.48,Jam,Clear
2026-01-18 22:49:00,Batlagundu Road,66,37.0,Heavy,Cloudy
2026-01-18 22:53:00,Palani Road,164,59.09,Jam,Clear
2026-01-18 23:10:00,Batlagundu Road,62,66.52,Moderate,Rainy
2026-01-18 23:15:00,Batlagundu Road,120,56.64,Heavy,Cloudy
2026-01-18 23:21:00,RM Colony,173,61.88,Jam,Clear
2026-01-18 23:31:00,Natham Road,111,68.64,Heavy,Cloudy
2026-01-18 23:46:00,Trichy Road,76,47.98,Jam,Rainy
2026-01-18 23:51:00,RM Colony,170,57.72,Heavy,Cloudy
2026-01-19 00:06:00,Natham Road,108,18.82,Moderate,Cloudy
2026-01-19 00:17:00,Nagalk Nagar,157,55.29,Free Flow,Rainy
2026-01-19 00:23:00,Trichy Road,152,51.42,Jam,Cloudy
2026-01-19 00:28:00,Palani Road,127,24.85,Free Flow,Clear
2026-01-19 00:32:00,Batlagundu Road,142,21.9,Free Flow,Cloudy
2026-01-19 00:40:00,Begampur,162,27.85,Heavy,Clear
2026-01-19 01:17:00,RM Colony,114,61.27,Heavy,Rainy
2026-01-19 01:28:00,Dindigul Bus Stand,129,57.63,Free Flow,Clear
2026-01-19 01:49:00,Dindigul Bus Stand,52,53.31,Heavy,Clear
2026-01-19 01:56:00,Begampur,78,39.87,Jam,Clear
2026-01-19 02:02:00,Batlagundu Road,112,66.73,Jam,Rainy
2026-01-19 02:04:00,Nagalk Nagar,139,42.26,Heavy,Rainy
2026-01-19 02:04:00,Begampur,111,63.81,Jam,Cloudy
2026-01-19 02:08:00,Begampur,81,55.84,Moderate,Clear
2026-01-19 02:18:00,SPM Nagar,90,61.3,Moderate,Clear
2026-01-19 02:49:00,Dindigul Bus Stand,13,35.06,Jam,Cloudy
2026-01-19 03:28:00,Begampur,114,39.45,Jam,Cloudy
2026-01-19 03:29:00,RM Colony,185,55.44,Moderate,Cloudy
2026-01-19 04:06:00,Palani Road,65,34.27,Heavy,Rainy
2026-01-19 04:32:00,SPM Nagar,127,65.41,Heavy,Clear
2026-01-19 04:40:00,Dindigul Bus Stand,158,21.79,Jam,Rainy
2026-01-19 04:45:00,SPM Nagar,10,31.38,Free Flow,Cloudy
2026-01-19 04:49:00,Begampur,122,63.37,Moderate,Rainy
2026-01-19 04:54:00,SPM Nagar,27,23.58,Heavy,Rainy
2026-01-19 05:00:00,Begampur,77,40.77,Jam,Clear
2026-01-19 05:03:00,Batlagundu Road,21,26.26,Jam,Cloudy
2026-01-19 05:09:00,SPM Nagar,81,57.56,Moderate,Clear
2026-01-19 05:19:00,Batlagundu Road,54,28.75,Free Flow,Rainy
2026-01-19 05:23:00,Nagalk Nagar,102,40.31,Free Flow,Cloudy
2026-01-19 05:28:00,Nagalk Nagar,19,61.57,Jam,Cloudy
2026-01-19 05:28:00,Begampur,154,24.88,Jam,Cloudy
2026-01-19 05:28:00,Nagalk Nagar,181,30.62,Free Flow,Clear
2026-01-19 05:49:00,Oddanchatram Road,180,55.79,Heavy,Clear
2026-01-19 05:58:00,Palani Road,86,67.92,Heavy,Clear
2026-01-19 06:01:00,Palani Road,175,63.66,Free Flow,Rainy
2026-01-19 06:17:00,SPM Nagar,95,47.8,Moderate,Rainy
2026-01-19 06:17:00,Dindigul Bus Stand,35,27.51,Free Flow,Rainy
2026-01-19 06:22:00,SPM Nagar,22,51.1,Jam,Cloudy
2026-01-19 06:22:00,Palani Road,76,40.74,Jam,Clear
2026-01-19 06:24:00,SPM Nagar,194,55.78,Heavy,Cloudy
2026-01-19 06:29:00,Batlagundu Road,17,69.15,Heavy,Rainy
2026-01-19 06:45:00,Begampur,165,46.24,Free Flow,Rainy
2026-01-19 06:45:00,Natham Road,120,50.47,Jam,Clear
2026-01-19 06:58:00,Natham Road,51,22.03,Free Flow,Rainy
2026-01-19 07:11:00,SPM Nagar,108,62.77,Moderate,Clear
2026-01-19 07:14:00,RM Colony,100,53.84,Heavy,Cloudy
2026-01-19 07:21:00,Nagalk Nagar,100,56.59,Heavy,Clear
2026-01-19 07:22:00,Nagalk Nagar,47,18.79,Jam,Rainy
2026-01-19 07:29:00,Begampur,177,59.59,Heavy,Cloudy
2026-01-19 07:31:00,SPM Nagar,108,22.66,Heavy,Cloudy
2026-01-19 07:38:00,Batlagundu Road,90,54.6,Heavy,Rainy
2026-01-19 07:41:00,Oddanchatram Road,198,66.37,Jam,Clear
2026-01-19 07:45:00,Nagalk Nagar,178,43.23,Heavy,Clear
2026-01-19 07:47:00,Dindigul Bus Stand,35,39.16,Moderate,Rainy
2026-01-19 08:05:00,Dindigul Bus Stand,11,60.55,Free Flow,Clear
2026-01-19 08:21:00,RM Colony,43,61.37,Jam,Cloudy
2026-01-19 08:25:00,Batlagundu Road,157,45.13,Jam,Rainy
2026-01-19 08:30:00,Oddanchatram Road,199,62.02,Jam,Clear
2026-01-19 08:33:00,Trichy Road,129,47.75,Heavy,Rainy
2026-01-19 08:38:00,SPM Nagar,38,29.08,Free Flow,Rainy
2026-01-19 08:47:00,SPM Nagar,131,61.65,Moderate,Rainy
2026-01-19 08:51:00,Nagalk Nagar,74,16.74,Heavy,Cloudy
2026-01-19 09:09:00,Palani Road,96,32.0,Free Flow,Clear
2026-01-19 09:13:00,Dindigul Bus Stand,170,37.68,Heavy,Cloudy
2026-01-19 09:20:00,Dindigul Bus Stand,10,38.94,Heavy,Rainy
2026-01-19 09:29:00,Palani Road,147,40.36,Free Flow,Clear
2026-01-19 09:40:00,Nagalk Nagar,35,22.0,Moderate,Clear
2026-01-19 09:46:00,Trichy Road,192,49.9,Heavy,Clear
2026-01-19 10:05:00,SPM Nagar,36,63.08,Jam,Rainy
2026-01-19 10:10:00,Oddanchatram Road,183,62.11,Moderate,Clear
2026-01-19 10:33:00,Trichy Road,20,22.2,Jam,Clear
2026-01-19 10:34:00,Dindigul Bus Stand,30,59.88,Heavy,Cloudy
2026-01-19 10:50:00,Dindigul Bus Stand,114,38.61,Jam,Rainy
2026-01-19 10:52:00,RM Colony,138,30.58,Moderate,Clear
2026-01-19 10:52:00,SPM Nagar,45,58.85,Free Flow,Cloudy
2026-01-19 11:02:00,Natham Road,194,37.36,Jam,Rainy
2026-01-19 11:04:00,Oddanchatram Road,80,28.26,Free Flow,Clear
2026-01-19 11:04:00,Dindigul Bus Stand,194,39.78,Moderate,Rainy
2026-01-19 11:24:00,Trichy Road,192,43.17,Moderate,Clear
2026-01-19 11:29:00,SPM Nagar,74,69.88,Moderate,Cloudy
2026-01-19 11:39:00,Palani Road,80,46.97,Moderate,Rainy
2026-01-19 11:40:00,Oddanchatram Road,134,41.06,Free Flow,Rainy
2026-01-19 11:41:00,Nagalk Nagar,130,50.28,Free Flow,Rainy
2026-01-19 11:49:00,Palani Road,159,57.2,Moderate,Rainy
2026-01-19 11:50:00,Oddanchatram Road,163,18.29,Jam,Rainy
2026-01-19 11:50:00,RM Colony,30,65.48,Free Flow,Rainy
2026-01-19 11:57:00,Dindigul Bus Stand,96,54.44,Free Flow,Cloudy
2026-01-19 11:57:00,Nagalk Nagar,121,41.87,Heavy,Clear
2026-01-19 12:00:00,SPM Nagar,61,16.45,Heavy,Cloudy
2026-01-19 12:05:00,Natham Road,74,48.43,Jam,Clear
2026-01-19 12:06:00,Natham Road,84,51.25,Moderate,Clear
2026-01-19 12:12:00,Dindigul Bus Stand,164,61.43,Free Flow,Clear
2026-01-19 12:15:00,RM Colony,80,48.71,Moderate,Clear
2026-01-19 12:15:00,Dindigul Bus Stand,76,56.33,Jam,Rainy
2026-01-19 12:17:00,Natham Road,61,64.4,Moderate,Rainy
2026-01-19 12:21:00,Palani Road,99,22.68,Jam,Rainy
2026-01-19 12:43:00,Begampur,55,40.07,Jam,Clear
2026-01-19 12:50:00,Oddanchatram Road,102,68.18,Jam,Clear
2026-01-19 13:03:00,Dindigul Bus Stand,31,15.32,Moderate,Cloudy
2026-01-19 13:27:00,Natham Road,78,24.05,Jam,Clear
2026-01-19 13:29:00,Natham Road,100,40.79,Heavy,Rainy
2026-01-19 13:35:00,Nagalk Nagar,134,57.71,Jam,Clear
2026-01-19 13:59:00,Oddanchatram Road,124,33.79,Moderate,Cloudy
2026-01-19 14:00:00,Begampur,36,41.11,Jam,Clear
2026-01-19 14:05:00,Oddanchatram Road,96,35.68,Jam,Cloudy
2026-01-19 14:05:00,Oddanchatram Road,147,26.75,Jam,Cloudy
2026-01-19 14:14:00,SPM Nagar,18,64.03,Moderate,Cloudy
2026-01-19 14:31:00,Nagalk Nagar,87,52.01,Jam,Clear
2026-01-19 14:34:00,Natham Road,41,64.11,Free Flow,Clear
2026-01-19 15:11:00,Nagalk Nagar,180,16.42,Free Flow,Clear
2026-01-19 15:16:00,Begampur,22,62.29,Jam,Cloudy
2026-01-19 15:17:00,RM Colony,183,51.44,Moderate,Cloudy
2026-01-19 15:26:00,Oddanchatram Road,37,57.68,Moderate,Rainy
2026-01-19 15:38:00,Oddanchatram Road,131,17.42,Moderate,Clear
2026-01-19 15:54:00,Batlagundu Road,124,53.38,Jam,Clear
2026-01-19 16:04:00,Batlagundu Road,11,60.42,Heavy,Clear
2026-01-19 16:27:00,Trichy Road,116,66.9,Jam,Rainy
2026-01-19 16:39:00,Palani Road,174,39.43,Moderate,Clear
2026-01-19 16:57:00,Palani Road,11,42.36,Heavy,Rainy
2026-01-19 16:57:00,Batlagundu Road,53,62.44,Jam,Rainy
2026-01-19 17:15:00,Trichy Road,39,24.81,Moderate,Rainy
2026-01-19 17:16:00,RM Colony,156,46.56,Moderate,Clear
2026-01-19 17:44:00,Nagalk Nagar,196,25.58,Jam,Cloudy
2026-01-19 17:51:00,Trichy Road,164,57.54,Free Flow,Clear
2026-01-19 17:59:00,RM Colony,54,50.82,Free Flow,Rainy
2026-01-19 18:09:00,RM Colony,123,62.75,Heavy,Clear
2026-01-19 18:23:00,Palani Road,73,48.85,Moderate,Clear
2026-01-19 18:30:00,Begampur,147,44.17,Heavy,Cloudy
2026-01-19 18:34:00,Batlagundu Road,153,69.36,Jam,Cloudy
2026-01-19 18:50:00,Natham Road,30,69.77,Free Flow,Clear
2026-01-19 19:04:00,Palani Road,93,20.18,Moderate,Cloudy
2026-01-19 19:39:00,Nagalk Nagar,177,63.84,Heavy,Rainy
2026-01-19 19:48:00,RM Colony,181,58.28,Heavy,Rainy
2026-01-19 20:05:00,Begampur,36,30.86,Moderate,Rainy
2026-01-19 20:23:00,Begampur,147,27.78,Free Flow,Cloudy
2026-01-19 20:29:00,Dindigul Bus Stand,90,62.23,Moderate,Clear
2026-01-19 20:30:00,SPM Nagar,85,66.87,Jam,Clear
2026-01-19 20:30:00,Natham Road,55,42.44,Free Flow,Clear
2026-01-19 20:36:00,Palani Road,54,18.41,Moderate,Rainy
2026-01-19 21:03:00,SPM Nagar,12,55.91,Free Flow,Clear
2026-01-19 21:14:00,Batlagundu Road,199,44.84,Free Flow,Rainy
2026-01-19 21:21:00,Trichy Road,62,50.28,Moderate,Clear
2026-01-19 21:33:00,SPM Nagar,140,61.49,Moderate,Clear
2026-01-19 21:55:00,Nagalk Nagar,19,64.25,Free Flow,Clear
2026-01-19 21:56:00,Palani Road,24,50.22,Moderate,Cloudy
2026-01-19 22:08:00,Nagalk Nagar,84,23.5,Moderate,Clear
2026-01-19 22:12:00,RM Colony,109,30.97,Jam,Cloudy
2026-01-19 22:16:00,Begampur,74,67.11,Moderate,Rainy
2026-01-19 22:17:00,Natham Road,152,36.0,Jam,Rainy
2026-01-19 22:28:00,Dindigul Bus Stand,57,59.08,Free Flow,Clear
2026-01-19 22:33:00,Dindigul Bus Stand,187,60.19,Moderate,Clear
2026-01-19 22:53:00,Begampur,186,37.77,Moderate,Rainy
2026-01-19 22:57:00,Dindigul Bus Stand,105,45.78,Moderate,Rainy
2026-01-19 23:13:00,SPM Nagar,11,57.89,Heavy,Cloudy
2026-01-19 23:18:00,RM Colony,71,51.37,Moderate,Clear
2026-01-19 23:40:00,Oddanchatram Road,107,23.65,Moderate,Cloudy
2026-01-19 23:50:00,SPM Nagar,143,42.93,Moderate,Rainy
2026-01-19 23:52:00,Batlagundu Road,133,47.93,Heavy,Clear
2026-01-19 23:53:00,RM Colony,162,38.52,Moderate,Rainy
2026-01-19 23:53:00,SPM Nagar,153,17.93,Heavy,Clear
2026-01-19 23:54:00,Batlagundu Road,70,28.34,Heavy,Cloudy
2026-01-20 00:16:00,Nagalk Nagar,178,45.12,Heavy,Rainy
2026-01-20 00:23:00,Nagalk Nagar,86,32.76,Free Flow,Cloudy
2026-01-20 00:24:00,Natham Road,189,44.46,Heavy,Cloudy
2026-01-20 00:27:00,SPM Nagar,123,26.79,Moderate,Clear
2026-01-20 00:38:00,Nagalk Nagar,157,43.78,Heavy,Cloudy
2026-01-20 00:45:00,Palani Road,185,60.09,Jam,Rainy
2026-01-20 00:47:00,RM Colony,176,25.72,Jam,Rainy
2026-01-20 00:54:00,Natham Road,151,52.95,Moderate,Rainy
2026-01-20 01:09:00,Begampur,102,60.79,Free Flow,Rainy
2026-01-20 01:23:00,Nagalk Nagar,161,40.23,Jam,Cloudy
2026-01-20 01:25:00,Dindigul Bus Stand,14,55.06,Moderate,Clear
2026-01-20 01:33:00,Trichy Road,193,57.01,Moderate,Rainy
2026-01-20 01:44:00,Nagalk Nagar,107,19.27,Jam,Rainy
2026-01-20 01:50:00,Batlagundu Road,122,64.59,Moderate,Clear
2026-01-20 02:09:00,Nagalk Nagar,177,32.22,Free Flow,Clear
2026-01-20 02:13:00,Oddanchatram Road,12,55.23,Moderate,Rainy
2026-01-20 02:17:00,Oddanchatram Road,90,37.79,Jam,Cloudy
2026-01-20 02:34:00,Palani Road,139,51.48,Moderate,Cloudy
2026-01-20 02:37:00,Oddanchatram Road,194,16.01,Jam,Rainy
2026-01-20 02:44:00,SPM Nagar,178,65.76,Jam,Rainy
2026-01-20 02:47:00,Nagalk Nagar,17,20.0,Moderate,Cloudy
2026-01-20 02:56:00,Trichy Road,103,23.33,Free Flow,Rainy
2026-01-20 03:10:00,Dindigul Bus Stand,66,26.02,Heavy,Rainy
2026-01-20 03:26:00,Begampur,105,65.99,Heavy,Rainy
2026-01-20 03:28:00,Batlagundu Road,62,23.57,Moderate,Cloudy
2026-01-20 03:39:00,Batlagundu Road,107,35.81,Free Flow,Clear
2026-01-20 03:50:00,Palani Road,61,65.26,Heavy,Clear
2026-01-20 03:58:00,Nagalk Nagar,69,45.96,Free Flow,Rainy
2026-01-20 04:06:00,SPM Nagar,164,40.63,Free Flow,Clear
2026-01-20 04:16:00,RM Colony,43,38.35,Heavy,Cloudy
2026-01-20 04:22:00,Palani Road,186,47.96,Moderate,Clear
2026-01-20 04:27:00,Palani Road,18,59.45,Jam,Cloudy
2026-01-20 04:38:00,Nagalk Nagar,118,48.03,Moderate,Clear
2026-01-20 04:38:00,RM Colony,50,26.6,Heavy,Rainy
2026-01-20 04:43:00,RM Colony,87,51.79,Free Flow,Rainy
2026-01-20 04:44:00,Nagalk Nagar,166,41.08,Heavy,Clear
2026-01-20 04:45:00,Batlagundu Road,167,51.94,Moderate,Clear
2026-01-20 04:49:00,Natham Road,137,15.13,Free Flow,Clear
2026-01-20 04:52:00,Nagalk Nagar,28,64.02,Jam,Clear
2026-01-20 05:02:00,Natham Road,105,59.2,Heavy,Clear
2026-01-20 05:03:00,Dindigul Bus Stand,199,51.64,Free Flow,Clear
2026-01-20 05:06:00,RM Colony,39,21.82,Free Flow,Clear
2026-01-20 05:09:00,Batlagundu Road,147,17.33,Jam,Clear
2026-01-20 05:11:00,Nagalk Nagar,17,45.99,Jam,Clear
2026-01-20 05:16:00,Trichy Road,89,32.92,Jam,Clear
2026-01-20 05:18:00,SPM Nagar,194,24.17,Jam,Rainy
2026-01-20 05:23:00,Nagalk Nagar,13,26.54,Jam,Rainy
2026-01-20 05:29:00,Palani Road,104,41.31,Moderate,Rainy
2026-01-20 05:30:00,SPM Nagar,147,59.94,Jam,Clear
2026-01-20 05:42:00,RM Colony,57,69.7,Moderate,Clear
2026-01-20 05:54:00,RM Colony,124,38.72,Jam,Cloudy
2026-01-20 05:58:00,Palani Road,120,56.62,Heavy,Rainy
2026-01-20 06:04:00,SPM Nagar,73,20.95,Jam,Rainy
2026-01-20 06:19:00,Trichy Road,58,67.8,Moderate,Rainy
2026-01-20 06:31:00,SPM Nagar,155,58.04,Jam,Clear
2026-01-20 06:46:00,Palani Road,83,63.67,Moderate,Clear
2026-01-20 06:50:00,Natham Road,71,37.73,Heavy,Clear
2026-01-20 06:55:00,Oddanchatram Road,148,60.65,Jam,Rainy
2026-01-20 07:05:00,RM Colony,26,44.39,Moderate,Cloudy
2026-01-20 07:11:00,Nagalk Nagar,193,31.79,Jam,Cloudy
2026-01-20 07:13:00,RM Colony,124,22.52,Jam,Cloudy
2026-01-20 07:15:00,Dindigul Bus Stand,122,24.18,Heavy,Rainy
2026-01-20 07:21:00,Palani Road,167,44.37,Free Flow,Clear
2026-01-20 07:30:00,Natham Road,113,26.9,Jam,Cloudy
2026-01-20 07:40:00,Palani Road,145,46.17,Moderate,Cloudy
2026-01-20 07:46:00,Palani Road,156,52.05,Heavy,Cloudy
2026-01-20 08:06:00,Begampur,81,54.78,Free Flow,Clear
2026-01-20 08:06:00,Nagalk Nagar,135,40.6,Moderate,Rainy
2026-01-20 08:12:00,Palani Road,169,50.65,Moderate,Cloudy
2026-01-20 08:18:00,Oddanchatram Road,184,25.51,Heavy,Clear
2026-01-20 08:34:00,Natham Road,184,45.82,Free Flow,Rainy
2026-01-20 08:45:00,Batlagundu Road,22,42.36,Free Flow,Clear
2026-01-20 08:53:00,Natham Road,88,68.88,Heavy,Cloudy
2026-01-20 08:54:00,Palani Road,33,40.22,Heavy,Cloudy
2026-01-20 09:02:00,Palani Road,94,53.43,Heavy,Cloudy
2026-01-20 09:08:00,Batlagundu Road,49,63.83,Heavy,Rainy
2026-01-20 09:16:00,Dindigul Bus Stand,69,68.74,Moderate,Rainy
2026-01-20 09:16:00,SPM Nagar,93,15.03,Free Flow,Cloudy
2026-01-20 09:19:00,Trichy Road,182,22.78,Moderate,Clear
2026-01-20 09:25:00,Batlagundu Road,69,62.04,Free Flow,Cloudy
2026-01-20 09:33:00,Begampur,102,34.08,Jam,Rainy
2026-01-20 09:38:00,Trichy Road,20,60.91,Moderate,Cloudy
2026-01-20 09:56:00,Begampur,129,47.15,Heavy,Cloudy
2026-01-20 09:57:00,Batlagundu Road,129,59.2,Free Flow,Cloudy
2026-01-20 10:07:00,Trichy Road,104,33.86,Jam,Rainy
2026-01-20 10:17:00,Trichy Road,166,62.62,Moderate,Cloudy
2026-01-20 10:22:00,Nagalk Nagar,10,38.76,Free Flow,Rainy
2026-01-20 10:29:00,Batlagundu Road,118,61.15,Free Flow,Clear
2026-01-20 10:48:00,Palani Road,137,55.54,Free Flow,Cloudy
2026-01-20 10:50:00,Trichy Road,192,16.25,Free Flow,Rainy
2026-01-20 10:55:00,Oddanchatram Road,135,56.94,Free Flow,Cloudy
2026-01-20 10:56:00,RM Colony,11,34.32,Free Flow,Clear
2026-01-20 11:01:00,Oddanchatram Road,158,31.31,Free Flow,Cloudy
2026-01-20 11:29:00,Natham Road,96,33.69,Heavy,Cloudy
2026-01-20 11:37:00,Begampur,151,38.14,Heavy,Clear
2026-01-20 11:41:00,Batlagundu Road,11,32.95,Moderate,Clear
2026-01-20 11:46:00,Begampur,87,33.94,Jam,Clear
2026-01-20 11:54:00,Begampur,133,26.07,Jam,Rainy
2026-01-20 11:58:00,Begampur,190,29.2,Jam,Rainy
2026-01-20 12:01:00,Dindigul Bus Stand,52,54.06,Jam,Cloudy
2026-01-20 12:07:00,Batlagundu Road,98,40.01,Jam,Rainy
2026-01-20 12:08:00,SPM Nagar,119,57.64,Free Flow,Clear
2026-01-20 12:08:00,Trichy Road,144,52.57,Heavy,Rainy
2026-01-20 12:09:00,RM Colony,63,58.1,Moderate,Rainy
2026-01-20 12:21:00,Oddanchatram Road,71,51.0,Jam,Cloudy
2026-01-20 12:28:00,Oddanchatram Road,115,38.7,Jam,Cloudy
2026-01-20 12:29:00,Natham Road,34,64.39,Free Flow,Cloudy
2026-01-20 12:30:00,Begampur,159,53.58,Free Flow,Clear
2026-01-20 13:00:00,Natham Road,93,15.06,Jam,Rainy
2026-01-20 13:09:00,Natham Road,53,47.3,Jam,Clear
2026-01-20 13:21:00,Dindigul Bus Stand,190,16.19,Heavy,Clear
2026-01-20 13:35:00,RM Colony,123,23.94,Free Flow,Cloudy
2026-01-20 13:51:00,Batlagundu Road,52,47.6,Moderate,Rainy
2026-01-20 13:57:00,Dindigul Bus Stand,120,49.91,Heavy,Cloudy
2026-01-20 14:01:00,Oddanchatram Road,114,63.4,Heavy,Clear
2026-01-20 14:04:00,Palani Road,33,57.35,Moderate,Cloudy
2026-01-20 14:25:00,Nagalk Nagar,49,54.93,Moderate,Rainy
2026-01-20 14:40:00,SPM Nagar,68,27.24,Jam,Rainy
2026-01-20 14:41:00,Natham Road,119,50.61,Free Flow,Rainy
2026-01-20 15:08:00,SPM Nagar,97,41.69,Moderate,Rainy
2026-01-20 15:27:00,Nagalk Nagar,125,19.25,Free Flow,Rainy
2026-01-20 15:36:00,Trichy Road,163,36.91,Heavy,Cloudy
2026-01-20 15:41:00,Oddanchatram Road,127,22.51,Free Flow,Clear
2026-01-20 15:49:00,Dindigul Bus Stand,165,41.46,Jam,Clear
2026-01-20 15:49:00,Dindigul Bus Stand,60,55.79,Moderate,Rainy
2026-01-20 15:50:00,RM Colony,173,47.66,Jam,Cloudy
2026-01-20 15:50:00,Natham Road,163,42.77,Heavy,Cloudy
2026-01-20 16:06:00,Natham Road,26,45.98,Heavy,Clear
2026-01-20 16:30:00,Trichy Road,157,54.86,Free Flow,Rainy
2026-01-20 16:30:00,Dindigul Bus Stand,13,33.5,Jam,Rainy
2026-01-20 16:38:00,Batlagundu Road,81,24.78,Jam,Rainy
2026-01-20 16:42:00,Trichy Road,185,38.31,Heavy,Clear
2026-01-20 17:08:00,Dindigul Bus Stand,70,34.88,Heavy,Rainy
2026-01-20 17:09:00,Trichy Road,126,39.34,Free Flow,Clear
2026-01-20 17:20:00,Begampur,56,54.48,Free Flow,Clear
2026-01-20 17:22:00,SPM Nagar,171,21.15,Moderate,Cloudy
2026-01-20 17:34:00,Dindigul Bus Stand,59,37.69,Jam,Cloudy
2026-01-20 17:42:00,Palani Road,188,56.37,Free Flow,Cloudy
2026-01-20 17:50:00,Dindigul Bus Stand,55,65.86,Free Flow,Cloudy
2026-01-20 17:53:00,Trichy Road,100,35.11,Free Flow,Clear
2026-01-20 18:01:00,Oddanchatram Road,148,23.29,Moderate,Cloudy
2026-01-20 18:15:00,Natham Road,64,52.08,Heavy,Cloudy
2026-01-20 18:19:00,Palani Road,122,21.37,Heavy,Cloudy
2026-01-20 18:25:00,Nagalk Nagar,194,45.22,Moderate,Clear
2026-01-20 18:25:00,Dindigul Bus Stand,174,52.18,Jam,Cloudy
2026-01-20 18:28:00,Begampur,59,45.24,Free Flow,Rainy
2026-01-20 18:37:00,Begampur,134,46.2,Jam,Cloudy
2026-01-20 19:07:00,Dindigul Bus Stand,115,49.28,Jam,Clear
2026-01-20 19:14:00,SPM Nagar,156,41.73,Jam,Cloudy
2026-01-20 19:17:00,Natham Road,17,54.62,Jam,Clear
2026-01-20 19:20:00,SPM Nagar,35,55.4,Jam,Cloudy
2026-01-20 19:21:00,Trichy Road,94,63.46,Heavy,Rainy
2026-01-20 19:32:00,Dindigul Bus Stand,168,29.24,Moderate,Rainy
2026-01-20 20:09:00,Natham Road,113,30.41,Free Flow,Rainy
2026-01-20 20:15:00,Oddanchatram Road,119,34.83,Jam,Cloudy
2026-01-20 20:17:00,Trichy Road,166,42.72,Free Flow,Cloudy
2026-01-20 20:26:00,Natham Road,49,23.11,Moderate,Cloudy
2026-01-20 20:26:00,RM Colony,146,39.83,Free Flow,Rainy
2026-01-20 20:26:00,Palani Road,87,43.09,Jam,Cloudy
2026-01-20 20:56:00,Oddanchatram Road,46,50.99,Heavy,Clear
2026-01-20 20:56:00,Natham Road,19,30.94,Free Flow,Clear
2026-01-20 20:58:00,Oddanchatram Road,166,33.31,Jam,Clear
2026-01-20 21:05:00,Trichy Road,181,67.59,Moderate,Rainy
2026-01-20 21:10:00,Palani Road,194,27.74,Heavy,Clear
2026-01-20 21:13:00,Trichy Road,148,50.39,Moderate,Clear
2026-01-20 21:17:00,Palani Road,188,64.89,Heavy,Rainy
2026-01-20 21:20:00,Nagalk Nagar,168,20.39,Free Flow,Rainy
2026-01-20 21:40:00,Dindigul Bus Stand,140,46.01,Free Flow,Cloudy
2026-01-20 22:14:00,Palani Road,26,62.66,Moderate,Clear
2026-01-20 22:15:00,SPM Nagar,30,40.03,Jam,Rainy
2026-01-20 22:18:00,Trichy Road,86,55.35,Moderate,Cloudy
2026-01-20 22:21:00,Batlagundu Road,155,65.87,Free Flow,Rainy
2026-01-20 22:31:00,Natham Road,57,21.38,Heavy,Rainy
2026-01-20 22:41:00,Dindigul Bus Stand,19,38.78,Free Flow,Rainy
2026-01-20 22:46:00,Begampur,82,59.98,Moderate,Clear
2026-01-20 22:47:00,Nagalk Nagar,35,69.8,Jam,Rainy
2026-01-20 22:59:00,Oddanchatram Road,65,34.54,Moderate,Rainy
2026-01-20 23:19:00,Oddanchatram Road,96,51.59,Jam,Clear
2026-01-20 23:46:00,Natham Road,120,54.28,Moderate,Cloudy
2026-01-20 23:56:00,Batlagundu Road,100,42.76,Jam,Rainy
2026-01-20 23:58:00,Trichy Road,163,17.95,Moderate,Cloudy
2026-01-21 00:05:00,Oddanchatram Road,151,21.87,Moderate,Clear
2026-01-21 00:08:00,Nagalk Nagar,161,49.45,Free Flow,Cloudy
2026-01-21 00:22:00,Batlagundu Road,29,30.99,Heavy,Rainy
2026-01-21 00:22:00,Trichy Road,123,19.73,Free Flow,Rainy
2026-01-21 00:39:00,Begampur,181,51.24,Jam,Rainy
2026-01-21 00:40:00,Natham Road,104,48.54,Heavy,Clear
2026-01-21 00:58:00,Dindigul Bus Stand,85,16.51,Jam,Rainy
2026-01-21 01:05:00,Natham Road,170,65.44,Heavy,Cloudy
2026-01-21 01:20:00,Dindigul Bus Stand,98,68.91,Moderate,Clear
2026-01-21 01:35:00,RM Colony,72,20.76,Moderate,Cloudy
2026-01-21 01:58:00,Begampur,141,64.98,Moderate,Cloudy
2026-01-21 01:59:00,Oddanchatram Road,190,52.37,Free Flow,Clear
2026-01-21 02:08:00,Batlagundu Road,158,43.7,Moderate,Rainy
2026-01-21 02:12:00,RM Colony,152,50.33,Jam,Clear
2026-01-21 02:13:00,Nagalk Nagar,121,27.92,Moderate,Rainy
2026-01-21 02:39:00,Trichy Road,182,34.7,Jam,Clear
2026-01-21 02:40:00,Palani Road,153,48.6,Jam,Rainy
2026-01-21 02:53:00,Nagalk Nagar,23,43.38,Jam,Rainy
2026-01-21 02:58:00,Natham Road,199,55.03,Free Flow,Clear
2026-01-21 02:59:00,Palani Road,26,52.6,Heavy,Clear
2026-01-21 03:03:00,Oddanchatram Road,162,36.18,Moderate,Clear
2026-01-21 03:10:00,Palani Road,28,60.89,Jam,Cloudy
2026-01-21 03:24:00,Palani Road,108,16.95,Moderate,Rainy
2026-01-21 03:38:00,Oddanchatram Road,55,65.88,Jam,Cloudy
2026-01-21 03:42:00,Nagalk Nagar,135,69.84,Free Flow,Cloudy
2026-01-21 04:00:00,Batlagundu Road,18,34.95,Moderate,Rainy
2026-01-21 04:00:00,SPM Nagar,124,44.86,Moderate,Cloudy
2026-01-21 04:13:00,Dindigul Bus Stand,144,31.58,Heavy,Cloudy
2026-01-21 04:22:00,Batlagundu Road,18,34.41,Jam,Rainy
2026-01-21 04:26:00,Natham Road,194,18.81,Moderate,Rainy
2026-01-21 04:37:00,Dindigul Bus Stand,131,53.0,Jam,Clear
2026-01-21 04:54:00,SPM Nagar,105,61.5,Free Flow,Clear
2026-01-21 05:08:00,Palani Road,22,58.47,Moderate,Rainy
2026-01-21 05:15:00,Oddanchatram Road,53,57.11,Jam,Cloudy
2026-01-21 05:15:00,Nagalk Nagar,164,49.81,Jam,Cloudy
2026-01-21 05:24:00,Batlagundu Road,109,60.19,Heavy,Rainy
2026-01-21 05:27:00,Batlagundu Road,49,36.24,Jam,Cloudy
2026-01-21 05:30:00,Trichy Road,181,49.56,Heavy,Clear
2026-01-21 05:35:00,RM Colony,188,24.54,Jam,Clear
2026-01-21 05:59:00,Oddanchatram Road,30,21.15,Moderate,Clear
2026-01-21 06:06:00,Palani Road,35,30.99,Moderate,Clear
2026-01-21 06:12:00,Oddanchatram Road,25,27.03,Free Flow,Cloudy
2026-01-21 06:28:00,Trichy Road,107,44.03,Free Flow,Cloudy
2026-01-21 06:35:00,RM Colony,162,27.29,Free Flow,Clear
2026-01-21 06:37:00,Batlagundu Road,137,50.79,Free Flow,Clear
2026-01-21 06:58:00,Trichy Road,75,47.83,Heavy,Cloudy
2026-01-21 07:07:00,Natham Road,35,42.16,Heavy,Cloudy
2026-01-21 07:10:00,Natham Road,161,57.65,Moderate,Clear
2026-01-21 07:19:00,Batlagundu Road,115,28.12,Free Flow,Rainy
2026-01-21 07:25:00,Dindigul Bus Stand,53,34.01,Heavy,Cloudy
2026-01-21 07:41:00,SPM Nagar,144,46.02,Jam,Clear
2026-01-21 07:46:00,Trichy Road,180,65.6,Moderate,Cloudy
2026-01-21 08:00:00,Begampur,69,69.29,Heavy,Rainy
2026-01-21 08:17:00,Natham Road,92,30.66,Moderate,Clear
2026-01-21 08:27:00,Nagalk Nagar,65,67.13,Moderate,Cloudy
2026-01-21 08:35:00,SPM Nagar,114,43.53,Free Flow,Clear
2026-01-21 08:39:00,Batlagundu Road,90,18.73,Free Flow,Clear
2026-01-21 08:45:00,Nagalk Nagar,11,38.0,Jam,Clear
2026-01-21 08:51:00,Nagalk Nagar,162,16.38,Jam,Cloudy
2026-01-21 09:07:00,Natham Road,161,65.68,Moderate,Cloudy
2026-01-21 09:32:00,RM Colony,26,46.73,Heavy,Rainy
2026-01-21 09:33:00,Dindigul Bus Stand,15,37.3,Jam,Rainy
2026-01-21 09:41:00,Natham Road,60,68.11,Heavy,Cloudy
2026-01-21 09:45:00,Nagalk Nagar,71,65.96,Jam,Rainy
2026-01-21 09:48:00,Palani Road,196,46.84,Moderate,Cloudy
2026-01-21 09:55:00,SPM Nagar,154,27.48,Free Flow,Cloudy
2026-01-21 10:03:00,Natham Road,41,34.76,Free Flow,Clear
2026-01-21 10:08:00,Nagalk Nagar,62,49.01,Free Flow,Clear
2026-01-21 10:15:00,Nagalk Nagar,101,44.62,Free Flow,Rainy
2026-01-21 10:15:00,Dindigul Bus Stand,14,26.45,Jam,Clear
2026-01-21 10:34:00,RM Colony,42,60.74,Moderate,Rainy
2026-01-21 10:45:00,Natham Road,199,43.79,Jam,Rainy
2026-01-21 11:04:00,Begampur,167,30.67,Jam,Clear
2026-01-21 11:04:00,SPM Nagar,130,47.28,Jam,Rainy
2026-01-21 11:05:00,Oddanchatram Road,43,39.38,Heavy,Rainy
2026-01-21 11:08:00,Begampur,50,36.56,Jam,Rainy
2026-01-21 11:15:00,SPM Nagar,112,23.9,Free Flow,Cloudy
2026-01-21 11:24:00,Oddanchatram Road,24,38.41,Moderate,Clear
2026-01-21 11:24:00,RM Colony,55,57.06,Free Flow,Clear
2026-01-21 11:33:00,Nagalk Nagar,129,18.91,Free Flow,Rainy
2026-01-21 11:42:00,Natham Road,118,59.78,Heavy,Rainy
2026-01-21 12:15:00,Palani Road,198,32.09,Jam,Rainy
2026-01-21 12:23:00,Natham Road,109,56.6,Free Flow,Clear
2026-01-21 12:23:00,Batlagundu Road,55,62.86,Jam,Clear
2026-01-21 12:30:00,Begampur,47,60.33,Heavy,Clear
2026-01-21 12:32:00,Oddanchatram Road,74,30.9,Free Flow,Cloudy
2026-01-21 12:32:00,Oddanchatram Road,36,59.44,Moderate,Rainy
2026-01-21 12:36:00,Palani Road,61,69.61,Free Flow,Rainy
2026-01-21 12:36:00,Batlagundu Road,22,26.96,Heavy,Cloudy
2026-01-21 12:44:00,Dindigul Bus Stand,154,67.62,Heavy,Rainy
2026-01-21 12:46:00,Trichy Road,164,31.12,Free Flow,Cloudy
2026-01-21 13:00:00,Palani Road,166,15.17,Heavy,Clear
2026-01-21 13:10:00,Palani Road,143,49.59,Jam,Clear
2026-01-21 13:18:00,Trichy Road,108,37.5,Jam,Cloudy
2026-01-21 13:29:00,Oddanchatram Road,174,35.99,Jam,Clear
2026-01-21 13:31:00,Oddanchatram Road,186,49.98,Free Flow,Cloudy
2026-01-21 13:36:00,Dindigul Bus Stand,186,29.38,Jam,Rainy
2026-01-21 13:44:00,RM Colony,114,61.75,Free Flow,Rainy
2026-01-21 13:54:00,Batlagundu Road,190,65.86,Heavy,Rainy
2026-01-21 13:55:00,Batlagundu Road,191,27.16,Moderate,Cloudy
2026-01-21 14:07:00,Nagalk Nagar,91,37.94,Moderate,Rainy
2026-01-21 14:27:00,Nagalk Nagar,31,65.25,Heavy,Rainy
2026-01-21 14:41:00,SPM Nagar,84,22.57,Moderate,Clear
2026-01-21 14:51:00,Nagalk Nagar,124,27.14,Heavy,Cloudy
2026-01-21 14:53:00,Dindigul Bus Stand,189,67.87,Moderate,Cloudy
2026-01-21 14:55:00,RM Colony,137,64.41,Free Flow,Rainy
2026-01-21 15:02:00,Batlagundu Road,90,61.47,Jam,Rainy
2026-01-21 15:10:00,RM Colony,89,45.18,Free Flow,Rainy
2026-01-21 15:12:00,Palani Road,139,27.97,Free Flow,Clear
2026-01-21 15:21:00,Dindigul Bus Stand,75,54.46,Heavy,Clear
2026-01-21 15:23:00,Trichy Road,179,50.11,Free Flow,Clear
2026-01-21 15:32:00,Nagalk Nagar,95,56.69,Free Flow,Clear
2026-01-21 15:34:00,Oddanchatram Road,198,60.41,Jam,Rainy
2026-01-21 15:46:00,Oddanchatram Road,68,40.92,Heavy,Cloudy
2026-01-21 15:47:00,Trichy Road,52,36.81,Heavy,Cloudy
2026-01-21 15:47:00,Palani Road,86,58.98,Free Flow,Cloudy
2026-01-21 16:20:00,Nagalk Nagar,55,47.15,Jam,Clear
2026-01-21 16:41:00,SPM Nagar,184,33.0,Jam,Rainy
2026-01-21 16:42:00,Batlagundu Road,35,37.83,Heavy,Clear
2026-01-21 16:42:00,Begampur,138,53.71,Moderate,Rainy
2026-01-21 16:58:00,Dindigul Bus Stand,50,51.66,Moderate,Cloudy
2026-01-21 17:14:00,Palani Road,139,17.2,Jam,Clear
2026-01-21 17:15:00,Begampur,167,55.35,Jam,Rainy
2026-01-21 17:57:00,Begampur,173,38.66,Free Flow,Clear
2026-01-21 18:05:00,Trichy Road,150,21.38,Free Flow,Cloudy
2026-01-21 18:17:00,RM Colony,184,41.96,Jam,Rainy
2026-01-21 18:21:00,Natham Road,15,20.52,Moderate,Clear
2026-01-21 18:39:00,Dindigul Bus Stand,33,39.44,Jam,Clear
2026-01-21 18:44:00,SPM Nagar,182,43.84,Heavy,Cloudy
2026-01-21 18:49:00,Natham Road,77,36.62,Free Flow,Cloudy
2026-01-21 19:04:00,Dindigul Bus Stand,35,31.47,Free Flow,Cloudy
2026-01-21 19:15:00,Begampur,50,19.97,Moderate,Rainy
2026-01-21 19:24:00,Natham Road,75,28.17,Moderate,Rainy
2026-01-21 19:25:00,Dindigul Bus Stand,161,48.94,Free Flow,Rainy
2026-01-21 19:25:00,Natham Road,191,69.08,Heavy,Rainy
2026-01-21 19:33:00,Oddanchatram Road,166,44.88,Moderate,Rainy
2026-01-21 19:36:00,SPM Nagar,53,53.28,Heavy,Rainy
2026-01-21 19:40:00,SPM Nagar,58,68.02,Free Flow,Rainy
2026-01-21 19:45:00,Palani Road,76,30.69,Heavy,Cloudy
2026-01-21 20:06:00,Begampur,174,56.86,Free Flow,Rainy
2026-01-21 20:18:00,Nagalk Nagar,65,15.51,Moderate,Rainy
2026-01-21 20:45:00,Nagalk Nagar,145,35.88,Moderate,Rainy
2026-01-21 20:45:00,Palani Road,84,65.54,Moderate,Cloudy
2026-01-21 20:56:00,Nagalk Nagar,146,38.6,Jam,Clear
2026-01-21 21:01:00,Begampur,37,20.32,Heavy,Clear
2026-01-21 21:07:00,Palani Road,98,32.31,Jam,Rainy
2026-01-21 21:07:00,Begampur,70,39.09,Jam,Clear
2026-01-21 21:10:00,Nagalk Nagar,122,54.95,Jam,Rainy
2026-01-21 21:30:00,Trichy Road,40,40.24,Heavy,Clear
2026-01-21 21:30:00,Dindigul Bus Stand,65,38.0,Moderate,Cloudy
2026-01-21 21:37:00,Begampur,149,41.64,Moderate,Cloudy
2026-01-21 21:40:00,Palani Road,95,34.53,Free Flow,Clear
2026-01-21 21:46:00,Nagalk Nagar,48,28.08,Moderate,Cloudy
2026-01-21 21:50:00,SPM Nagar,143,22.83,Moderate,Cloudy
2026-01-21 21:54:00,Oddanchatram Road,179,49.73,Moderate,Clear
2026-01-21 22:00:00,Trichy Road,100,40.2,Moderate,Clear
2026-01-21 22:21:00,Trichy Road,135,51.14,Jam,Clear
2026-01-21 22:31:00,Palani Road,195,24.61,Heavy,Cloudy
2026-01-21 22:55:00,Trichy Road,28,20.62,Free Flow,Rainy
2026-01-21 23:13:00,Natham Road,196,62.66,Heavy,Clear
2026-01-21 23:24:00,Dindigul Bus Stand,186,52.26,Free Flow,Rainy
2026-01-21 23:29:00,Begampur,11,57.7,Free Flow,Clear
2026-01-21 23:35:00,Nagalk Nagar,175,48.35,Moderate,Cloudy
2026-01-22 00:06:00,Batlagundu Road,71,17.38,Heavy,Rainy
2026-01-22 00:12:00,Natham Road,83,22.82,Moderate,Clear
2026-01-22 00:22:00,Oddanchatram Road,153,21.25,Jam,Rainy
2026-01-22 00:23:00,RM Colony,23,15.26,Jam,Clear
2026-01-22 00:27:00,Natham Road,180,65.48,Jam,Rainy
2026-01-22 00:34:00,Begampur,101,32.46,Free Flow,Cloudy
2026-01-22 00:51:00,Palani Road,87,28.82,Moderate,Clear
2026-01-22 00:59:00,Batlagundu Road,142,56.01,Moderate,Clear
2026-01-22 01:05:00,Palani Road,139,49.77,Jam,Clear
2026-01-22 01:09:00,Batlagundu Road,57,39.79,Jam,Rainy
2026-01-22 01:12:00,Batlagundu Road,141,23.59,Heavy,Cloudy
2026-01-22 01:14:00,Palani Road,139,46.72,Free Flow,Clear
2026-01-22 01:16:00,Dindigul Bus Stand,10,31.37,Heavy,Clear
2026-01-22 01:25:00,Nagalk Nagar,101,21.61,Moderate,Clear
2026-01-22 01:45:00,Dindigul Bus Stand,138,58.2,Jam,Clear
2026-01-22 01:48:00,Palani Road,171,29.23,Jam,Cloudy
2026-01-22 02:02:00,Oddanchatram Road,20,16.97,Jam,Clear
2026-01-22 02:03:00,Palani Road,114,26.19,Jam,Rainy
2026-01-22 02:09:00,Dindigul Bus Stand,145,68.29,Free Flow,Clear
2026-01-22 02:16:00,Oddanchatram Road,29,37.31,Moderate,Clear
2026-01-22 02:21:00,Natham Road,133,53.8,Heavy,Clear
2026-01-22 02:22:00,Begampur,70,36.65,Free Flow,Clear
2026-01-22 02:33:00,Batlagundu Road,89,15.49,Free Flow,Rainy
2026-01-22 02:42:00,Oddanchatram Road,23,26.18,Moderate,Clear
2026-01-22 02:51:00,Dindigul Bus Stand,159,36.65,Moderate,Cloudy
2026-01-22 02:53:00,Batlagundu Road,172,43.29,Jam,Clear
2026-01-22 02:59:00,Nagalk Nagar,95,22.72,Free Flow,Clear
2026-01-22 03:36:00,Oddanchatram Road,174,55.77,Moderate,Clear
2026-01-22 03:38:00,Palani Road,67,61.29,Heavy,Clear
2026-01-22 03:56:00,Begampur,49,33.43,Free Flow,Clear
2026-01-22 04:04:00,RM Colony,24,42.78,Moderate,Cloudy
2026-01-22 04:16:00,Dindigul Bus Stand,105,40.47,Moderate,Cloudy
2026-01-22 04:23:00,SPM Nagar,83,34.82,Moderate,Cloudy
2026-01-22 04:28:00,Begampur,86,33.31,Moderate,Clear
2026-01-22 04:32:00,RM Colony,85,22.42,Jam,Rainy
2026-01-22 04:39:00,Dindigul Bus Stand,49,53.94,Moderate,Rainy
2026-01-22 04:53:00,Oddanchatram Road,15,69.45,Moderate,Clear
2026-01-22 05:07:00,Dindigul Bus Stand,123,18.91,Heavy,Cloudy
2026-01-22 05:11:00,Oddanchatram Road,89,49.58,Free Flow,Rainy
2026-01-22 05:23:00,Begampur,145,17.38,Heavy,Rainy
2026-01-22 05:24:00,Trichy Road,171,20.04,Heavy,Clear
2026-01-22 05:55:00,Begampur,155,62.9,Free Flow,Cloudy
2026-01-22 05:57:00,Dindigul Bus Stand,80,51.24,Free Flow,Rainy
2026-01-22 06:09:00,Palani Road,53,18.32,Jam,Cloudy
2026-01-22 06:11:00,RM Colony,75,28.12,Jam,Rainy
2026-01-22 06:17:00,Nagalk Nagar,53,26.43,Jam,Clear
2026-01-22 06:58:00,Palani Road,151,39.1,Moderate,Cloudy
2026-01-22 07:00:00,Batlagundu Road,171,34.82,Heavy,Rainy
2026-01-22 07:00:00,Oddanchatram Road,15,17.14,Jam,Rainy
2026-01-22 07:16:00,RM Colony,120,48.73,Heavy,Rainy
2026-01-22 07:54:00,SPM Nagar,17,29.46,Jam,Rainy
2026-01-22 08:05:00,Nagalk Nagar,54,15.9,Heavy,Clear
2026-01-22 08:10:00,SPM Nagar,158,50.59,Jam,Rainy
2026-01-22 08:14:00,Trichy Road,72,23.86,Moderate,Rainy
2026-01-22 08:26:00,Trichy Road,176,16.29,Free Flow,Cloudy
2026-01-22 08:33:00,Dindigul Bus Stand,105,64.78,Moderate,Rainy
2026-01-22 08:36:00,Palani Road,111,60.5,Free Flow,Clear
2026-01-22 08:46:00,Natham Road,179,50.81,Heavy,Clear
2026-01-22 08:54:00,Dindigul Bus Stand,139,53.59,Moderate,Rainy
2026-01-22 08:58:00,Oddanchatram Road,119,31.02,Heavy,Rainy
2026-01-22 09:56:00,Dindigul Bus Stand,25,42.12,Free Flow,Cloudy
2026-01-22 09:56:00,RM Colony,24,56.16,Moderate,Clear
2026-01-22 09:59:00,Nagalk Nagar,33,44.44,Moderate,Rainy
2026-01-22 10:14:00,Batlagundu Road,148,34.99,Free Flow,Rainy
2026-01-22 10:15:00,RM Colony,112,28.23,Jam,Rainy
2026-01-22 10:23:00,Palani Road,100,63.49,Moderate,Rainy
2026-01-22 10:25:00,Batlagundu Road,164,65.89,Moderate,Rainy
2026-01-22 10:49:00,SPM Nagar,26,31.48,Jam,Rainy
2026-01-22 10:53:00,Natham Road,123,51.78,Free Flow,Rainy
2026-01-22 10:54:00,Batlagundu Road,131,49.49,Moderate,Cloudy
2026-01-22 11:29:00,Palani Road,157,23.69,Moderate,Cloudy
2026-01-22 11:32:00,Batlagundu Road,52,29.64,Jam,Clear
2026-01-22 11:35:00,Trichy Road,50,57.22,Jam,Cloudy
2026-01-22 11:38:00,Dindigul Bus Stand,30,36.77,Free Flow,Rainy
2026-01-22 11:44:00,Palani Road,54,64.29,Jam,Rainy
2026-01-22 11:45:00,Dindigul Bus Stand,76,32.68,Heavy,Clear
2026-01-22 11:50:00,Trichy Road,53,16.83,Heavy,Clear
2026-01-22 12:01:00,Batlagundu Road,24,57.02,Jam,Rainy
2026-01-22 12:04:00,RM Colony,137,49.08,Moderate,Clear
2026-01-22 12:13:00,RM Colony,191,64.45,Jam,Rainy
2026-01-22 12:16:00,Trichy Road,143,30.97,Jam,Clear
2026-01-22 12:27:00,Dindigul Bus Stand,100,49.33,Heavy,Clear
2026-01-22 12:34:00,Nagalk Nagar,81,49.71,Heavy,Rainy
2026-01-22 12:40:00,Begampur,108,63.71,Free Flow,Cloudy
2026-01-22 12:44:00,Trichy Road,151,49.81,Moderate,Clear
2026-01-22 12:49:00,Begampur,49,34.37,Moderate,Cloudy
2026-01-22 13:03:00,Batlagundu Road,140,23.84,Moderate,Cloudy
2026-01-22 13:25:00,Dindigul Bus Stand,86,28.3,Free Flow,Clear
2026-01-22 13:29:00,Dindigul Bus Stand,49,35.26,Moderate,Clear
2026-01-22 13:38:00,Palani Road,91,36.27,Moderate,Cloudy
2026-01-22 13:40:00,Dindigul Bus Stand,147,31.38,Free Flow,Rainy
2026-01-22 13:53:00,Oddanchatram Road,50,27.8,Free Flow,Rainy
2026-01-22 14:03:00,Batlagundu Road,20,36.32,Moderate,Cloudy
2026-01-22 14:25:00,Natham Road,63,27.21,Moderate,Rainy
2026-01-22 14:40:00,Nagalk Nagar,34,31.85,Heavy,Cloudy
2026-01-22 14:58:00,Palani Road,38,15.67,Moderate,Clear
2026-01-22 15:06:00,Begampur,81,24.78,Free Flow,Clear
2026-01-22 15:08:00,Begampur,163,57.33,Heavy,Cloudy
2026-01-22 15:10:00,Begampur,195,28.27,Jam,Clear
2026-01-22 15:10:00,Batlagundu Road,187,19.74,Heavy,Cloudy
2026-01-22 15:20:00,Palani Road,101,51.68,Heavy,Rainy
2026-01-22 15:30:00,Palani Road,181,66.73,Moderate,Clear
2026-01-22 15:31:00,Dindigul Bus Stand,139,41.64,Free Flow,Clear
2026-01-22 15:33:00,RM Colony,164,22.37,Jam,Rainy
2026-01-22 15:36:00,Oddanchatram Road,139,53.56,Moderate,Rainy
2026-01-22 15:43:00,Natham Road,107,43.23,Free Flow,Clear
2026-01-22 15:43:00,Dindigul Bus Stand,134,51.76,Jam,Rainy
2026-01-22 15:51:00,Nagalk Nagar,82,61.92,Heavy,Clear
2026-01-22 15:53:00,RM Colony,40,20.16,Jam,Clear
2026-01-22 16:01:00,Trichy Road,198,43.15,Heavy,Rainy
2026-01-22 16:06:00,Dindigul Bus Stand,189,66.82,Free Flow,Clear
2026-01-22 16:13:00,RM Colony,69,34.81,Heavy,Rainy
2026-01-22 16:15:00,Palani Road,84,30.9,Free Flow,Cloudy
2026-01-22 16:26:00,Batlagundu Road,153,66.9,Jam,Rainy
2026-01-22 16:47:00,Palani Road,144,52.8,Jam,Rainy
2026-01-22 17:01:00,Natham Road,188,47.86,Moderate,Clear
2026-01-22 17:04:00,Oddanchatram Road,49,15.27,Moderate,Rainy
2026-01-22 17:09:00,Oddanchatram Road,179,36.32,Heavy,Clear
2026-01-22 17:23:00,Oddanchatram Road,108,28.2,Moderate,Clear
2026-01-22 17:28:00,Natham Road,140,44.1,Moderate,Clear
2026-01-22 17:30:00,Palani Road,112,31.64,Moderate,Cloudy
2026-01-22 17:31:00,RM Colony,132,25.51,Moderate,Rainy
2026-01-22 17:40:00,Batlagundu Road,32,49.56,Moderate,Clear
2026-01-22 17:40:00,Batlagundu Road,16,25.75,Moderate,Clear
2026-01-22 17:41:00,Palani Road,47,53.2,Moderate,Clear
2026-01-22 17:52:00,Natham Road,172,24.34,Jam,Cloudy
2026-01-22 17:56:00,SPM Nagar,82,69.94,Moderate,Rainy
2026-01-22 18:10:00,Begampur,91,41.89,Moderate,Rainy
2026-01-22 18:20:00,Batlagundu Road,198,43.8,Jam,Clear
2026-01-22 18:22:00,SPM Nagar,128,25.29,Heavy,Clear
2026-01-22 18:38:00,Dindigul Bus Stand,153,55.7,Moderate,Clear
2026-01-22 18:54:00,Nagalk Nagar,197,31.78,Heavy,Cloudy
2026-01-22 18:56:00,Natham Road,18,30.59,Heavy,Clear
2026-01-22 19:16:00,Oddanchatram Road,11,48.4,Moderate,Clear
2026-01-22 19:16:00,Dindigul Bus Stand,134,64.98,Free Flow,Cloudy
2026-01-22 19:17:00,SPM Nagar,17,22.21,Free Flow,Clear
2026-01-22 19:27:00,Oddanchatram Road,170,43.04,Heavy,Cloudy
2026-01-22 19:45:00,Trichy Road,66,28.84,Heavy,Cloudy
2026-01-22 19:47:00,Natham Road,47,45.65,Moderate,Cloudy
2026-01-22 19:49:00,Oddanchatram Road,150,57.96,Jam,Cloudy
2026-01-22 19:52:00,Trichy Road,67,66.85,Heavy,Clear
2026-01-22 19:58:00,RM Colony,45,20.87,Heavy,Cloudy
2026-01-22 20:03:00,Oddanchatram Road,111,35.26,Moderate,Clear
2026-01-22 20:04:00,RM Colony,191,35.9,Free Flow,Clear
2026-01-22 20:11:00,RM Colony,178,49.0,Free Flow,Rainy
2026-01-22 20:15:00,Palani Road,127,55.51,Jam,Clear
2026-01-22 20:19:00,Trichy Road,57,44.87,Jam,Rainy
2026-01-22 20:20:00,Nagalk Nagar,46,53.96,Moderate,Rainy
2026-01-22 20:24:00,Trichy Road,162,61.86,Heavy,Clear
2026-01-22 20:37:00,Dindigul Bus Stand,37,29.99,Heavy,Cloudy
2026-01-22 20:41:00,RM Colony,20,36.35,Jam,Clear
2026-01-22 20:43:00,Palani Road,190,41.67,Moderate,Clear
2026-01-22 20:51:00,Natham Road,157,18.37,Moderate,Cloudy
2026-01-22 20:54:00,RM Colony,27,61.16,Jam,Cloudy
2026-01-22 21:05:00,Nagalk Nagar,51,26.82,Moderate,Rainy
2026-01-22 21:05:00,Trichy Road,195,37.15,Heavy,Clear
2026-01-22 21:15:00,RM Colony,28,40.32,Jam,Cloudy
2026-01-22 21:18:00,Begampur,160,59.71,Heavy,Clear
2026-01-22 21:30:00,Batlagundu Road,31,45.27,Free Flow,Cloudy
2026-01-22 21:31:00,Oddanchatram Road,184,66.8,Jam,Cloudy
2026-01-22 21:36:00,Batlagundu Road,70,15.8,Free Flow,Cloudy
2026-01-22 21:41:00,Palani Road,115,23.79,Heavy,Cloudy
2026-01-22 21:41:00,Begampur,125,29.56,Moderate,Clear
2026-01-22 21:46:00,Natham Road,21,62.46,Jam,Rainy
2026-01-22 21:47:00,Trichy Road,159,46.65,Heavy,Cloudy
2026-01-22 21:52:00,Batlagundu Road,194,67.36,Moderate,Rainy
2026-01-22 22:05:00,SPM Nagar,51,67.18,Free Flow,Cloudy
2026-01-22 22:06:00,Palani Road,192,15.41,Heavy,Clear
2026-01-22 22:37:00,RM Colony,65,58.49,Moderate,Rainy
2026-01-22 22:40:00,SPM Nagar,153,35.49,Moderate,Cloudy
2026-01-22 22:50:00,Nagalk Nagar,135,51.8,Moderate,Cloudy
2026-01-22 22:54:00,Natham Road,24,50.04,Moderate,Rainy
2026-01-22 23:01:00,Begampur,128,64.72,Free Flow,Clear
2026-01-22 23:34:00,Batlagundu Road,73,21.91,Jam,Clear
2026-01-22 23:38:00,Natham Road,169,35.97,Free Flow,Cloudy
2026-01-22 23:39:00,Natham Road,25,54.44,Jam,Cloudy
2026-01-22 23:52:00,Natham Road,45,20.55,Moderate,Rainy
2026-01-22 23:53:00,Batlagundu Road,173,58.57,Free Flow,Cloudy
2026-01-22 23:54:00,SPM Nagar,196,44.7,Heavy,Clear
2026-01-22 23:56:00,RM Colony,188,36.9,Moderate,Rainy
2026-01-23 00:04:00,Begampur,175,55.49,Heavy,Rainy
2026-01-23 00:09:00,RM Colony,69,34.34,Heavy,Cloudy
2026-01-23 00:35:00,Dindigul Bus Stand,165,57.57,Heavy,Rainy
2026-01-23 00:36:00,Batlagundu Road,105,22.29,Free Flow,Rainy
2026-01-23 00:40:00,Begampur,171,57.92,Jam,Rainy
2026-01-23 00:42:00,Palani Road,81,19.64,Free Flow,Rainy
2026-01-23 00:49:00,RM Colony,54,51.18,Heavy,Cloudy
2026-01-23 00:55:00,SPM Nagar,97,67.16,Moderate,Cloudy
2026-01-23 01:00:00,Trichy Road,190,64.94,Jam,Cloudy
2026-01-23 01:19:00,Dindigul Bus Stand,138,62.12,Heavy,Cloudy
2026-01-23 01:37:00,Begampur,85,40.35,Free Flow,Rainy
2026-01-23 01:38:00,Batlagundu Road,29,16.35,Moderate,Clear
2026-01-23 01:43:00,Batlagundu Road,132,44.74,Jam,Clear
2026-01-23 02:05:00,Dindigul Bus Stand,135,20.47,Jam,Rainy
2026-01-23 03:00:00,Dindigul Bus Stand,19,30.02,Moderate,Cloudy
2026-01-23 03:08:00,Natham Road,108,61.4,Heavy,Cloudy
2026-01-23 03:11:00,Dindigul Bus Stand,65,24.46,Jam,Rainy
2026-01-23 03:19:00,Dindigul Bus Stand,83,29.01,Jam,Rainy
2026-01-23 03:22:00,Nagalk Nagar,162,46.37,Free Flow,Rainy
2026-01-23 03:24:00,Oddanchatram Road,35,68.57,Moderate,Cloudy
2026-01-23 03:24:00,Natham Road,120,16.53,Heavy,Clear
2026-01-23 03:26:00,Natham Road,65,20.74,Moderate,Rainy
2026-01-23 03:27:00,Trichy Road,43,39.11,Moderate,Clear
2026-01-23 03:42:00,RM Colony,44,35.93,Free Flow,Rainy
2026-01-23 03:45:00,Batlagundu Road,144,29.42,Jam,Clear
2026-01-23 04:07:00,Natham Road,162,26.67,Jam,Clear
2026-01-23 04:09:00,Nagalk Nagar,106,61.05,Moderate,Cloudy
2026-01-23 04:21:00,Oddanchatram Road,26,42.27,Moderate,Rainy
2026-01-23 04:27:00,Natham Road,59,54.16,Free Flow,Rainy
2026-01-23 05:00:00,Trichy Road,131,48.97,Heavy,Rainy
2026-01-23 05:12:00,SPM Nagar,139,30.31,Moderate,Clear
2026-01-23 05:12:00,Begampur,138,62.89,Heavy,Cloudy
2026-01-23 05:25:00,Palani Road,111,46.3,Heavy,Cloudy
2026-01-23 05:28:00,Begampur,92,38.11,Free Flow,Cloudy
2026-01-23 05:29:00,Natham Road,168,37.45,Heavy,Cloudy
2026-01-23 05:34:00,Begampur,180,57.27,Heavy,Clear
2026-01-23 05:36:00,Natham Road,123,63.09,Jam,Clear
2026-01-23 05:41:00,Nagalk Nagar,111,16.12,Jam,Clear
2026-01-23 05:43:00,Oddanchatram Road,57,33.79,Moderate,Rainy
2026-01-23 05:48:00,Natham Road,135,59.49,Free Flow,Rainy
2026-01-23 05:49:00,Begampur,115,57.06,Free Flow,Clear
2026-01-23 06:05:00,RM Colony,13,66.4,Free Flow,Clear
2026-01-23 06:08:00,Nagalk Nagar,168,24.83,Moderate,Clear
2026-01-23 06:24:00,Trichy Road,100,21.58,Heavy,Rainy
2026-01-23 06:24:00,Trichy Road,152,45.31,Heavy,Clear
2026-01-23 06:33:00,Oddanchatram Road,28,33.64,Heavy,Rainy
2026-01-23 06:37:00,Trichy Road,39,30.3,Heavy,Rainy
2026-01-23 06:38:00,Nagalk Nagar,161,47.19,Heavy,Rainy
2026-01-23 06:42:00,RM Colony,191,33.24,Jam,Cloudy
2026-01-23 06:46:00,Palani Road,23,28.64,Jam,Rainy
2026-01-23 06:49:00,Natham Road,166,51.48,Jam,Cloudy
2026-01-23 06:53:00,Nagalk Nagar,21,40.19,Heavy,Rainy
2026-01-23 07:02:00,Batlagundu Road,158,40.87,Jam,Cloudy
2026-01-23 07:09:00,Trichy Road,55,30.48,Jam,Cloudy
2026-01-23 07:19:00,Nagalk Nagar,159,17.52,Moderate,Clear
2026-01-23 07:27:00,Oddanchatram Road,137,29.94,Heavy,Cloudy
2026-01-23 07:29:00,Palani Road,95,33.42,Free Flow,Rainy
2026-01-23 07:49:00,RM Colony,96,27.04,Free Flow,Rainy
2026-01-23 07:51:00,Natham Road,113,63.31,Jam,Clear
2026-01-23 07:57:00,Trichy Road,184,50.14,Moderate,Cloudy
2026-01-23 08:19:00,SPM Nagar,153,25.81,Moderate,Rainy
2026-01-23 08:20:00,Begampur,36,60.73,Heavy,Rainy
2026-01-23 08:24:00,Palani Road,146,30.78,Heavy,Clear
2026-01-23 08:25:00,Nagalk Nagar,14,26.63,Moderate,Clear
2026-01-23 08:27:00,Nagalk Nagar,100,18.54,Heavy,Cloudy
2026-01-23 08:35:00,RM Colony,120,25.16,Jam,Cloudy
2026-01-23 08:48:00,Begampur,46,18.52,Jam,Cloudy
2026-01-23 08:53:00,Batlagundu Road,187,69.8,Moderate,Cloudy
2026-01-23 09:01:00,Natham Road,13,39.88,Free Flow,Clear
2026-01-23 09:06:00,Oddanchatram Road,26,66.8,Jam,Rainy
2026-01-23 09:16:00,Nagalk Nagar,91,46.13,Jam,Cloudy
2026-01-23 09:19:00,RM Colony,72,28.9,Heavy,Clear
2026-01-23 09:37:00,Oddanchatram Road,96,34.99,Jam,Rainy
2026-01-23 09:38:00,Palani Road,64,62.78,Moderate,Cloudy
2026-01-23 09:42:00,Dindigul Bus Stand,154,68.51,Moderate,Rainy
2026-01-23 09:47:00,Batlagundu Road,81,45.48,Moderate,Cloudy
2026-01-23 09:57:00,Natham Road,157,59.36,Heavy,Clear
2026-01-23 10:26:00,RM Colony,95,63.28,Heavy,Clear
2026-01-23 10:38:00,SPM Nagar,21,56.34,Moderate,Clear
2026-01-23 11:34:00,Batlagundu Road,125,17.8,Heavy,Clear
2026-01-23 11:59:00,RM Colony,94,69.87,Moderate,Rainy
2026-01-23 12:00:00,Begampur,41,39.67,Moderate,Rainy
2026-01-23 12:07:00,Trichy Road,34,26.81,Heavy,Rainy
2026-01-23 12:27:00,Palani Road,74,22.21,Jam,Cloudy
2026-01-23 12:31:00,RM Colony,14,24.85,Jam,Cloudy
2026-01-23 12:51:00,Oddanchatram Road,144,45.39,Heavy,Clear
2026-01-23 12:59:00,RM Colony,28,44.95,Moderate,Clear
2026-01-23 13:36:00,Nagalk Nagar,162,19.61,Free Flow,Cloudy
2026-01-23 13:50:00,Dindigul Bus Stand,154,68.86,Moderate,Cloudy
2026-01-23 14:02:00,SPM Nagar,73,60.82,Free Flow,Rainy
2026-01-23 14:02:00,SPM Nagar,18,26.87,Free Flow,Clear
2026-01-23 14:03:00,Dindigul Bus Stand,34,39.15,Jam,Rainy
2026-01-23 14:06:00,Batlagundu Road,141,53.06,Moderate,Cloudy
2026-01-23 14:09:00,RM Colony,172,41.95,Jam,Cloudy
2026-01-23 14:09:00,Oddanchatram Road,197,50.89,Free Flow,Rainy
2026-01-23 14:23:00,Oddanchatram Road,142,54.43,Moderate,Rainy
2026-01-23 14:30:00,Oddanchatram Road,35,25.14,Moderate,Clear
2026-01-23 14:46:00,Begampur,191,39.99,Free Flow,Clear
2026-01-23 14:48:00,Oddanchatram Road,161,48.48,Free Flow,Rainy
2026-01-23 15:00:00,Palani Road,57,59.63,Jam,Rainy
2026-01-23 15:18:00,Trichy Road,185,69.89,Moderate,Rainy
2026-01-23 15:21:00,Oddanchatram Road,193,54.68,Moderate,Rainy
2026-01-23 15:28:00,Nagalk Nagar,184,51.91,Jam,Rainy
2026-01-23 15:45:00,Begampur,53,61.54,Jam,Rainy
2026-01-23 16:08:00,Oddanchatram Road,38,33.88,Moderate,Clear
2026-01-23 16:26:00,Nagalk Nagar,175,17.2,Moderate,Rainy
2026-01-23 16:26:00,RM Colony,114,15.93,Jam,Rainy
2026-01-23 16:28:00,Oddanchatram Road,43,41.85,Moderate,Clear
2026-01-23 16:41:00,Begampur,16,21.49,Jam,Cloudy
2026-01-23 16:45:00,SPM Nagar,152,49.87,Free Flow,Clear
2026-01-23 16:46:00,Oddanchatram Road,57,45.79,Moderate,Rainy
2026-01-23 16:53:00,Batlagundu Road,106,35.66,Heavy,Rainy
2026-01-23 17:04:00,Nagalk Nagar,22,28.13,Heavy,Cloudy
2026-01-23 17:14:00,Nagalk Nagar,83,33.86,Free Flow,Clear
2026-01-23 17:22:00,Nagalk Nagar,139,34.12,Jam,Rainy
2026-01-23 17:23:00,Oddanchatram Road,110,48.41,Free Flow,Clear
2026-01-23 17:29:00,Begampur,129,24.3,Free Flow,Cloudy
2026-01-23 17:32:00,Dindigul Bus Stand,72,17.54,Free Flow,Cloudy
2026-01-23 17:51:00,Natham Road,199,53.85,Free Flow,Rainy
2026-01-23 17:53:00,SPM Nagar,127,47.73,Heavy,Cloudy
2026-01-23 17:57:00,Dindigul Bus Stand,33,68.35,Free Flow,Clear
2026-01-23 18:04:00,Batlagundu Road,106,23.4,Heavy,Rainy
2026-01-23 18:16:00,RM Colony,198,17.08,Free Flow,Clear
2026-01-23 18:18:00,Batlagundu Road,126,69.63,Moderate,Cloudy
2026-01-23 18:18:00,SPM Nagar,195,20.47,Heavy,Cloudy
2026-01-23 18:28:00,Natham Road,144,35.67,Free Flow,Rainy
2026-01-23 18:30:00,Nagalk Nagar,100,38.03,Heavy,Cloudy
2026-01-23 18:47:00,Nagalk Nagar,101,21.95,Jam,Rainy
2026-01-23 18:49:00,Nagalk Nagar,55,30.84,Moderate,Rainy
2026-01-23 18:54:00,Natham Road,49,50.46,Free Flow,Rainy
2026-01-23 18:56:00,Trichy Road,100,17.88,Jam,Cloudy
2026-01-23 18:58:00,Oddanchatram Road,185,41.87,Heavy,Clear
2026-01-23 19:03:00,Palani Road,73,63.56,Heavy,Cloudy
2026-01-23 19:07:00,Nagalk Nagar,84,40.59,Moderate,Rainy
2026-01-23 19:20:00,Natham Road,62,60.42,Jam,Clear
2026-01-23 19:28:00,Nagalk Nagar,154,45.81,Heavy,Clear
2026-01-23 19:35:00,Nagalk Nagar,16,35.88,Jam,Cloudy
2026-01-23 19:42:00,Natham Road,83,23.21,Moderate,Rainy
2026-01-23 19:51:00,Palani Road,187,58.77,Heavy,Clear
2026-01-23 19:54:00,Begampur,159,33.94,Heavy,Cloudy
2026-01-23 19:56:00,Dindigul Bus Stand,129,36.82,Heavy,Rainy
2026-01-23 20:08:00,Natham Road,190,61.0,Heavy,Cloudy
2026-01-23 20:25:00,Nagalk Nagar,53,68.91,Jam,Clear
2026-01-23 20:27:00,Begampur,90,53.04,Moderate,Clear
2026-01-23 20:30:00,RM Colony,55,20.86,Free Flow,Cloudy
2026-01-23 20:35:00,Oddanchatram Road,195,58.58,Free Flow,Rainy
2026-01-23 20:41:00,Natham Road,162,48.98,Heavy,Rainy
2026-01-23 20:41:00,Palani Road,31,33.75,Moderate,Cloudy
2026-01-23 20:53:00,Trichy Road,147,63.93,Free Flow,Rainy
2026-01-23 20:58:00,Dindigul Bus Stand,78,41.83,Moderate,Rainy
2026-01-23 21:13:00,SPM Nagar,110,67.57,Heavy,Cloudy
2026-01-23 21:19:00,Nagalk Nagar,172,36.94,Heavy,Clear
2026-01-23 21:20:00,Natham Road,76,29.9,Free Flow,Cloudy
2026-01-23 21:22:00,SPM Nagar,90,63.75,Heavy,Rainy
2026-01-23 21:25:00,Dindigul Bus Stand,16,45.61,Free Flow,Rainy
2026-01-23 21:26:00,SPM Nagar,27,51.22,Heavy,Rainy
2026-01-23 21:41:00,Batlagundu Road,118,67.18,Free Flow,Cloudy
2026-01-23 21:44:00,Begampur,37,42.58,Moderate,Cloudy
2026-01-23 21:53:00,Oddanchatram Road,25,29.48,Jam,Clear
2026-01-23 21:57:00,RM Colony,152,40.82,Heavy,Cloudy
2026-01-23 21:57:00,Oddanchatram Road,118,29.9,Heavy,Clear
2026-01-23 22:04:00,Begampur,176,61.86,Free Flow,Rainy
2026-01-23 22:05:00,SPM Nagar,15,27.71,Jam,Clear
2026-01-23 22:39:00,Oddanchatram Road,75,69.96,Jam,Clear
2026-01-23 22:47:00,RM Colony,44,54.93,Jam,Clear
2026-01-23 22:54:00,Batlagundu Road,61,20.67,Heavy,Cloudy
2026-01-23 22:57:00,Begampur,76,30.29,Moderate,Clear
2026-01-23 23:06:00,Dindigul Bus Stand,166,37.36,Heavy,Clear
2026-01-23 23:23:00,Natham Road,197,54.26,Heavy,Rainy
2026-01-23 23:38:00,RM Colony,182,22.99,Free Flow,Rainy
2026-01-24 00:02:00,RM Colony,120,39.02,Heavy,Clear
2026-01-24 00:03:00,Palani Road,151,49.86,Heavy,Cloudy
2026-01-24 00:22:00,Dindigul Bus Stand,182,37.91,Free Flow,Clear
2026-01-24 00:42:00,SPM Nagar,186,46.87,Moderate,Clear
2026-01-24 00:58:00,Trichy Road,118,39.15,Heavy,Clear
2026-01-24 01:14:00,Batlagundu Road,26,42.38,Moderate,Clear
2026-01-24 01:17:00,Natham Road,192,30.03,Heavy,Clear
2026-01-24 01:34:00,Begampur,17,45.58,Moderate,Cloudy
2026-01-24 01:36:00,RM Colony,51,61.83,Jam,Cloudy
2026-01-24 01:43:00,SPM Nagar,134,16.33,Moderate,Rainy
2026-01-24 01:46:00,Begampur,121,34.7,Moderate,Clear
2026-01-24 02:20:00,Natham Road,133,58.06,Jam,Clear
2026-01-24 02:28:00,Natham Road,179,17.49,Heavy,Clear
2026-01-24 02:30:00,Trichy Road,128,21.29,Heavy,Clear
2026-01-24 02:31:00,Palani Road,80,64.95,Moderate,Clear
2026-01-24 02:36:00,Palani Road,150,42.85,Free Flow,Cloudy
2026-01-24 02:46:00,Nagalk Nagar,67,35.17,Free Flow,Clear
2026-01-24 02:51:00,Batlagundu Road,133,52.83,Heavy,Clear
2026-01-24 02:53:00,Natham Road,124,27.74,Moderate,Cloudy
2026-01-24 03:24:00,RM Colony,199,54.06,Moderate,Cloudy
2026-01-24 03:36:00,Trichy Road,167,15.16,Jam,Cloudy
2026-01-24 03:43:00,Dindigul Bus Stand,183,64.09,Moderate,Clear
2026-01-24 03:50:00,Batlagundu Road,63,53.24,Jam,Clear
2026-01-24 04:01:00,RM Colony,191,53.3,Moderate,Clear
2026-01-24 04:01:00,Dindigul Bus Stand,27,36.08,Free Flow,Clear
2026-01-24 04:11:00,Trichy Road,27,36.17,Heavy,Rainy
2026-01-24 04:23:00,Trichy Road,45,56.7,Jam,Clear
2026-01-24 04:28:00,SPM Nagar,96,47.46,Heavy,Rainy
2026-01-24 04:32:00,Natham Road,180,21.38,Jam,Clear
2026-01-24 04:40:00,Begampur,121,45.05,Heavy,Cloudy
2026-01-24 04:42:00,RM Colony,53,26.05,Heavy,Rainy
2026-01-24 04:43:00,Oddanchatram Road,190,22.14,Moderate,Rainy
2026-01-24 04:58:00,Oddanchatram Road,82,59.4,Heavy,Cloudy
2026-01-24 05:12:00,Oddanchatram Road,48,62.9,Heavy,Clear
2026-01-24 05:17:00,Batlagundu Road,130,42.25,Jam,Rainy
2026-01-24 05:27:00,RM Colony,138,44.94,Moderate,Clear
2026-01-24 05:29:00,Natham Road,116,66.33,Heavy,Rainy
2026-01-24 05:36:00,Palani Road,88,63.68,Moderate,Cloudy
2026-01-24 05:46:00,Nagalk Nagar,133,46.39,Free Flow,Rainy
2026-01-24 05:48:00,SPM Nagar,33,56.48,Moderate,Clear
2026-01-24 05:50:00,SPM Nagar,64,50.89,Free Flow,Clear
2026-01-24 06:02:00,SPM Nagar,177,59.32,Free Flow,Cloudy
2026-01-24 06:14:00,Palani Road,72,69.24,Moderate,Rainy
2026-01-24 06:15:00,Batlagundu Road,52,62.37,Moderate,Clear
2026-01-24 06:16:00,Natham Road,95,43.2,Moderate,Clear
2026-01-24 06:20:00,Oddanchatram Road,136,56.01,Heavy,Cloudy
2026-01-24 06:23:00,Trichy Road,153,31.02,Jam,Rainy
2026-01-24 06:29:00,Begampur,114,66.08,Jam,Cloudy
2026-01-24 06:43:00,Nagalk Nagar,14,34.81,Free Flow,Rainy
2026-01-24 06:46:00,Begampur,111,28.24,Free Flow,Clear
2026-01-24 06:46:00,Begampur,153,59.63,Heavy,Cloudy
2026-01-24 06:47:00,Trichy Road,57,29.94,Jam,Cloudy
2026-01-24 07:11:00,RM Colony,63,62.93,Free Flow,Rainy
2026-01-24 07:18:00,Batlagundu Road,114,17.51,Heavy,Rainy
2026-01-24 07:34:00,Oddanchatram Road,49,30.24,Free Flow,Cloudy
2026-01-24 07:41:00,Dindigul Bus Stand,130,44.2,Heavy,Clear
2026-01-24 07:58:00,Batlagundu Road,26,49.52,Jam,Rainy
2026-01-24 07:59:00,Batlagundu Road,137,58.16,Free Flow,Rainy
2026-01-24 08:14:00,Begampur,153,42.43,Heavy,Cloudy
2026-01-24 08:17:00,Trichy Road,159,20.67,Heavy,Clear
2026-01-24 08:18:00,SPM Nagar,49,35.73,Heavy,Rainy
2026-01-24 08:19:00,Natham Road,10,39.28,Heavy,Rainy
2026-01-24 08:27:00,Nagalk Nagar,168,30.29,Jam,Clear
2026-01-24 08:57:00,RM Colony,31,70.0,Heavy,Cloudy
2026-01-24 09:39:00,Oddanchatram Road,177,64.15,Free Flow,Rainy
2026-01-24 09:39:00,Oddanchatram Road,120,62.27,Moderate,Rainy
2026-01-24 09:56:00,Trichy Road,161,25.2,Moderate,Cloudy
2026-01-24 10:31:00,Batlagundu Road,77,18.57,Free Flow,Clear
2026-01-24 10:43:00,Dindigul Bus Stand,49,51.05,Jam,Clear
2026-01-24 10:48:00,Nagalk Nagar,130,21.43,Free Flow,Cloudy
2026-01-24 10:49:00,Dindigul Bus Stand,199,41.72,Heavy,Rainy
2026-01-24 10:52:00,Natham Road,79,55.16,Jam,Cloudy
2026-01-24 11:17:00,RM Colony,20,23.61,Free Flow,Clear
2026-01-24 11:35:00,Begampur,146,61.58,Free Flow,Rainy
2026-01-24 11:39:00,Begampur,133,61.81,Moderate,Clear
2026-01-24 11:44:00,Dindigul Bus Stand,146,19.89,Free Flow,Clear
2026-01-24 11:45:00,Begampur,116,29.86,Heavy,Rainy
2026-01-24 11:46:00,Palani Road,120,42.19,Free Flow,Clear
2026-01-24 11:57:00,Trichy Road,186,54.53,Free Flow,Rainy
2026-01-24 12:02:00,RM Colony,118,28.53,Free Flow,Cloudy
2026-01-24 12:10:00,SPM Nagar,42,42.37,Heavy,Rainy
2026-01-24 12:20:00,RM Colony,159,56.37,Heavy,Rainy
2026-01-24 12:23:00,Natham Road,142,24.16,Moderate,Clear
2026-01-24 12:40:00,SPM Nagar,81,68.29,Jam,Clear
2026-01-24 12:44:00,Trichy Road,104,48.02,Jam,Cloudy
2026-01-24 12:50:00,RM Colony,59,52.88,Heavy,Rainy
2026-01-24 13:05:00,Dindigul Bus Stand,124,22.4,Moderate,Clear
2026-01-24 13:13:00,Oddanchatram Road,23,15.54,Free Flow,Cloudy
2026-01-24 13:49:00,Trichy Road,171,20.28,Moderate,Cloudy
2026-01-24 13:55:00,Nagalk Nagar,42,39.94,Moderate,Cloudy
2026-01-24 13:59:00,Dindigul Bus Stand,92,53.22,Jam,Cloudy
2026-01-24 14:05:00,RM Colony,166,41.74,Heavy,Cloudy
2026-01-24 14:20:00,SPM Nagar,39,37.4,Moderate,Rainy
2026-01-24 14:31:00,Nagalk Nagar,134,44.71,Heavy,Cloudy
2026-01-24 14:37:00,Begampur,157,56.24,Heavy,Clear
2026-01-24 15:01:00,Dindigul Bus Stand,144,33.71,Heavy,Clear
2026-01-24 15:05:00,Oddanchatram Road,11,20.74,Jam,Clear
2026-01-24 15:08:00,SPM Nagar,134,65.0,Free Flow,Rainy
2026-01-24 15:08:00,Batlagundu Road,119,39.67,Jam,Cloudy
2026-01-24 15:17:00,Batlagundu Road,169,60.73,Jam,Rainy
2026-01-24 15:25:00,RM Colony,15,58.02,Heavy,Rainy
2026-01-24 15:27:00,Natham Road,18,50.41,Free Flow,Rainy
2026-01-24 15:34:00,Begampur,30,20.7,Free Flow,Rainy
2026-01-24 15:39:00,Oddanchatram Road,158,68.85,Moderate,Clear
2026-01-24 15:39:00,Palani Road,95,30.85,Jam,Rainy
2026-01-24 15:46:00,Palani Road,81,29.13,Heavy,Clear
2026-01-24 16:21:00,Natham Road,112,25.72,Jam,Cloudy
2026-01-24 16:21:00,Batlagundu Road,23,64.63,Free Flow,Rainy
2026-01-24 16:25:00,Oddanchatram Road,96,65.16,Free Flow,Clear
2026-01-24 16:30:00,RM Colony,65,65.85,Moderate,Rainy
2026-01-24 16:36:00,Nagalk Nagar,162,48.01,Heavy,Clear
2026-01-24 16:36:00,RM Colony,95,61.5,Moderate,Cloudy
2026-01-24 16:40:00,SPM Nagar,189,18.74,Moderate,Cloudy
2026-01-24 16:50:00,Begampur,194,55.77,Moderate,Clear
2026-01-24 17:14:00,Trichy Road,81,29.78,Free Flow,Cloudy
2026-01-24 17:25:00,Natham Road,35,22.97,Free Flow,Rainy
2026-01-24 17:36:00,Palani Road,176,50.84,Free Flow,Cloudy
2026-01-24 17:41:00,Begampur,86,39.08,Jam,Rainy
2026-01-24 17:55:00,Oddanchatram Road,124,55.26,Free Flow,Rainy
2026-01-24 18:18:00,Begampur,163,64.36,Jam,Rainy
2026-01-24 18:23:00,Palani Road,93,57.26,Moderate,Clear
2026-01-24 18:50:00,Batlagundu Road,133,43.72,Free Flow,Rainy
2026-01-24 18:54:00,RM Colony,51,51.77,Heavy,Clear
2026-01-24 18:54:00,Oddanchatram Road,134,63.52,Jam,Cloudy
2026-01-24 19:05:00,Trichy Road,54,63.98,Free Flow,Cloudy
2026-01-24 19:07:00,RM Colony,101,61.38,Heavy,Cloudy
2026-01-24 19:20:00,SPM Nagar,198,49.43,Free Flow,Rainy
2026-01-24 19:36:00,Nagalk Nagar,62,24.34,Moderate,Rainy
2026-01-24 19:36:00,Oddanchatram Road,76,24.87,Free Flow,Rainy
2026-01-24 19:37:00,RM Colony,107,48.43,Moderate,Cloudy
2026-01-24 19:41:00,Oddanchatram Road,71,48.35,Moderate,Rainy
2026-01-24 19:50:00,Batlagundu Road,180,46.48,Moderate,Clear
2026-01-24 20:01:00,Begampur,37,16.4,Free Flow,Rainy
2026-01-24 20:01:00,Natham Road,154,23.87,Heavy,Cloudy
2026-01-24 20:06:00,Begampur,190,18.25,Moderate,Clear
2026-01-24 20:11:00,Dindigul Bus Stand,140,64.58,Moderate,Rainy
2026-01-24 20:23:00,Trichy Road,43,22.29,Moderate,Cloudy
2026-01-24 21:04:00,SPM Nagar,15,45.66,Jam,Clear
2026-01-24 21:06:00,SPM Nagar,189,50.93,Free Flow,Clear
2026-01-24 21:20:00,Begampur,10,55.4,Free Flow,Rainy
2026-01-24 21:30:00,Dindigul Bus Stand,21,17.25,Moderate,Rainy
2026-01-24 21:36:00,SPM Nagar,54,33.08,Free Flow,Cloudy
2026-01-24 21:38:00,Palani Road,52,26.6,Jam,Rainy
2026-01-24 22:05:00,SPM Nagar,40,67.15,Free Flow,Clear
2026-01-24 22:06:00,Begampur,187,20.01,Free Flow,Rainy
2026-01-24 22:22:00,Natham Road,45,23.38,Jam,Clear
2026-01-24 22:28:00,Trichy Road,112,43.59,Heavy,Clear
2026-01-24 22:49:00,Dindigul Bus Stand,72,20.65,Jam,Clear
2026-01-24 22:52:00,SPM Nagar,166,16.07,Moderate,Clear
2026-01-24 23:02:00,Batlagundu Road,171,49.97,Free Flow,Clear
2026-01-24 23:14:00,Oddanchatram Road,161,57.82,Moderate,Clear
2026-01-24 23:25:00,Nagalk Nagar,92,43.25,Moderate,Rainy
2026-01-24 23:39:00,Oddanchatram Road,169,55.87,Heavy,Clear
2026-01-24 23:46:00,Trichy Road,29,61.94,Jam,Clear
2026-01-24 23:53:00,Dindigul Bus Stand,27,30.23,Moderate,Rainy
2026-01-25 00:00:00,Palani Road,177,23.96,Heavy,Clear
2026-01-25 00:02:00,Begampur,156,67.17,Moderate,Cloudy
2026-01-25 00:17:00,SPM Nagar,178,44.75,Free Flow,Cloudy
2026-01-25 00:20:00,Trichy Road,104,57.56,Heavy,Clear
2026-01-25 00:27:00,SPM Nagar,62,33.56,Moderate,Rainy
2026-01-25 00:47:00,Natham Road,148,39.5,Jam,Rainy
2026-01-25 00:47:00,SPM Nagar,78,32.01,Heavy,Rainy
2026-01-25 01:08:00,Palani Road,119,31.79,Moderate,Cloudy
2026-01-25 01:14:00,Nagalk Nagar,44,35.16,Free Flow,Clear
2026-01-25 01:24:00,Nagalk Nagar,28,51.67,Moderate,Clear
2026-01-25 01:30:00,Trichy Road,197,43.79,Jam,Cloudy
2026-01-25 01:38:00,SPM Nagar,63,37.42,Free Flow,Rainy
2026-01-25 01:46:00,RM Colony,125,54.15,Heavy,Cloudy
2026-01-25 02:09:00,Oddanchatram Road,19,59.46,Heavy,Clear
2026-01-25 02:15:00,Batlagundu Road,49,44.35,Jam,Rainy
2026-01-25 02:24:00,Palani Road,191,58.22,Heavy,Rainy
2026-01-25 02:28:00,Begampur,79,53.85,Jam,Clear
2026-01-25 02:36:00,Palani Road,144,23.2,Heavy,Rainy
2026-01-25 02:43:00,SPM Nagar,160,47.05,Jam,Clear
2026-01-25 02:43:00,Begampur,138,58.76,Moderate,Cloudy
2026-01-25 02:46:00,Dindigul Bus Stand,167,42.0,Jam,Cloudy
2026-01-25 02:49:00,RM Colony,23,41.07,Moderate,Clear
2026-01-25 02:54:00,Oddanchatram Road,123,59.12,Jam,Clear
2026-01-25 02:56:00,Begampur,63,55.59,Jam,Rainy
2026-01-25 03:10:00,Batlagundu Road,176,48.53,Heavy,Cloudy
2026-01-25 03:21:00,Oddanchatram Road,84,55.69,Moderate,Cloudy
2026-01-25 03:29:00,RM Colony,76,49.16,Free Flow,Clear
2026-01-25 03:54:00,Batlagundu Road,156,31.79,Free Flow,Rainy
2026-01-25 04:16:00,RM Colony,106,39.29,Jam,Clear
2026-01-25 04:29:00,Natham Road,39,65.94,Moderate,Rainy
2026-01-25 04:41:00,SPM Nagar,67,33.82,Free Flow,Clear
2026-01-25 04:51:00,Dindigul Bus Stand,155,64.22,Heavy,Rainy
2026-01-25 04:56:00,Batlagundu Road,45,62.99,Free Flow,Cloudy
2026-01-25 04:58:00,Natham Road,42,47.34,Free Flow,Rainy
2026-01-25 05:08:00,Dindigul Bus Stand,180,61.69,Moderate,Rainy
2026-01-25 05:12:00,Trichy Road,93,56.45,Moderate,Cloudy
2026-01-25 05:14:00,Natham Road,61,40.58,Heavy,Rainy
2026-01-25 05:18:00,Nagalk Nagar,76,26.97,Moderate,Clear
2026-01-25 05:21:00,Nagalk Nagar,43,27.1,Heavy,Rainy
2026-01-25 05:24:00,Begampur,114,59.7,Heavy,Cloudy
2026-01-25 05:45:00,Palani Road,184,32.91,Heavy,Rainy
2026-01-25 05:57:00,RM Colony,98,50.09,Free Flow,Cloudy
2026-01-25 05:59:00,Nagalk Nagar,44,28.36,Free Flow,Cloudy
2026-01-25 06:03:00,Trichy Road,92,62.71,Heavy,Cloudy
2026-01-25 06:08:00,RM Colony,199,64.39,Free Flow,Clear
2026-01-25 06:13:00,Palani Road,185,67.71,Free Flow,Clear
2026-01-25 06:20:00,Palani Road,152,49.14,Heavy,Rainy
2026-01-25 06:21:00,Trichy Road,160,50.61,Heavy,Cloudy
2026-01-25 06:23:00,Oddanchatram Road,97,58.55,Moderate,Clear
2026-01-25 06:24:00,Natham Road,54,59.95,Jam,Cloudy
2026-01-25 06:31:00,Trichy Road,95,66.31,Moderate,Cloudy
2026-01-25 06:46:00,Nagalk Nagar,175,19.85,Moderate,Rainy
2026-01-25 06:46:00,RM Colony,172,63.08,Moderate,Cloudy
2026-01-25 06:48:00,SPM Nagar,80,61.05,Heavy,Cloudy
2026-01-25 06:50:00,Batlagundu Road,57,55.35,Free Flow,Clear
2026-01-25 07:04:00,Batlagundu Road,11,23.78,Moderate,Cloudy
2026-01-25 07:04:00,RM Colony,130,35.7,Moderate,Cloudy
2026-01-25 07:19:00,SPM Nagar,88,66.82,Heavy,Cloudy
2026-01-25 07:27:00,Nagalk Nagar,46,22.13,Free Flow,Cloudy
2026-01-25 07:29:00,Begampur,184,62.52,Free Flow,Rainy
2026-01-25 07:33:00,RM Colony,185,64.38,Moderate,Rainy
2026-01-25 07:37:00,Begampur,79,45.58,Heavy,Cloudy
2026-01-25 07:41:00,Trichy Road,153,62.52,Heavy,Cloudy
2026-01-25 07:45:00,Natham Road,182,38.53,Jam,Cloudy
2026-01-25 07:56:00,Oddanchatram Road,19,36.6,Free Flow,Clear
2026-01-25 08:05:00,Nagalk Nagar,47,58.79,Moderate,Cloudy
2026-01-25 08:20:00,Begampur,91,59.54,Jam,Clear
2026-01-25 08:28:00,Palani Road,16,21.06,Jam,Cloudy
2026-01-25 08:30:00,Nagalk Nagar,88,22.33,Moderate,Rainy
2026-01-25 08:34:00,Begampur,102,63.96,Moderate,Clear
2026-01-25 08:47:00,Dindigul Bus Stand,63,23.71,Heavy,Clear
2026-01-25 08:54:00,Nagalk Nagar,72,57.27,Moderate,Cloudy
2026-01-25 08:56:00,Palani Road,109,66.17,Free Flow,Cloudy
2026-01-25 08:56:00,Trichy Road,169,61.55,Heavy,Cloudy
2026-01-25 08:58:00,Palani Road,170,18.68,Free Flow,Clear
2026-01-25 09:23:00,Trichy Road,76,24.12,Heavy,Clear
2026-01-25 09:27:00,Natham Road,48,56.39,Moderate,Cloudy
2026-01-25 09:33:00,Dindigul Bus Stand,125,22.95,Heavy,Cloudy
2026-01-25 09:51:00,Natham Road,184,43.18,Moderate,Cloudy
2026-01-25 10:01:00,SPM Nagar,130,47.1,Free Flow,Cloudy
2026-01-25 10:16:00,Natham Road,12,18.52,Jam,Cloudy
2026-01-25 10:26:00,Palani Road,161,43.41,Heavy,Rainy
2026-01-25 10:42:00,SPM Nagar,28,23.38,Jam,Clear
2026-01-25 10:45:00,Natham Road,29,21.79,Free Flow,Clear
2026-01-25 10:49:00,Natham Road,32,43.06,Moderate,Rainy
2026-01-25 11:01:00,SPM Nagar,142,35.02,Heavy,Rainy
2026-01-25 11:05:00,Begampur,179,35.97,Heavy,Clear
2026-01-25 11:18:00,Trichy Road,185,35.44,Heavy,Clear
2026-01-25 11:24:00,Trichy Road,139,64.96,Jam,Cloudy
2026-01-25 11:37:00,Dindigul Bus Stand,90,39.22,Jam,Cloudy
2026-01-25 11:53:00,SPM Nagar,195,55.77,Heavy,Clear
2026-01-25 12:21:00,RM Colony,128,51.62,Free Flow,Cloudy
2026-01-25 12:22:00,SPM Nagar,153,34.38,Free Flow,Rainy
2026-01-25 12:26:00,SPM Nagar,35,36.6,Moderate,Clear
2026-01-25 12:27:00,SPM Nagar,45,18.7,Moderate,Cloudy
2026-01-25 12:35:00,Natham Road,39,35.0,Jam,Cloudy
2026-01-25 12:40:00,Trichy Road,165,48.29,Jam,Rainy
2026-01-25 12:57:00,Palani Road,105,24.75,Jam,Cloudy
2026-01-25 13:13:00,Trichy Road,130,38.17,Jam,Rainy
2026-01-25 13:16:00,Natham Road,18,21.12,Jam,Cloudy
2026-01-25 13:20:00,Nagalk Nagar,151,18.64,Jam,Cloudy
2026-01-25 13:24:00,Palani Road,177,32.83,Heavy,Cloudy
2026-01-25 13:36:00,Begampur,95,23.01,Jam,Clear
2026-01-25 13:42:00,Dindigul Bus Stand,72,52.1,Jam,Cloudy
2026-01-25 14:06:00,Oddanchatram Road,192,55.14,Moderate,Clear
2026-01-25 14:08:00,Natham Road,67,53.9,Heavy,Cloudy
2026-01-25 14:14:00,SPM Nagar,67,38.73,Free Flow,Rainy
2026-01-25 14:16:00,Dindigul Bus Stand,129,34.71,Heavy,Rainy
2026-01-25 14:33:00,Trichy Road,99,65.61,Moderate,Clear
2026-01-25 14:38:00,Palani Road,145,50.62,Jam,Clear
2026-01-25 14:39:00,Trichy Road,112,34.03,Moderate,Rainy
2026-01-25 14:41:00,Natham Road,112,40.26,Heavy,Cloudy
2026-01-25 14:43:00,RM Colony,20,48.22,Jam,Clear
2026-01-25 14:46:00,Begampur,173,40.0,Jam,Clear
2026-01-25 14:53:00,Nagalk Nagar,174,61.45,Free Flow,Cloudy
2026-01-25 14:56:00,Trichy Road,193,49.83,Free Flow,Cloudy
2026-01-25 14:57:00,Natham Road,135,53.33,Heavy,Clear
2026-01-25 15:21:00,Batlagundu Road,165,48.17,Moderate,Cloudy
2026-01-25 15:21:00,Natham Road,116,56.32,Moderate,Clear
2026-01-25 15:28:00,Oddanchatram Road,175,66.22,Heavy,Cloudy
2026-01-25 15:33:00,Nagalk Nagar,139,57.57,Moderate,Cloudy
2026-01-25 15:41:00,Oddanchatram Road,119,26.01,Jam,Rainy
2026-01-25 15:41:00,Batlagundu Road,118,55.71,Heavy,Rainy
2026-01-25 15:43:00,RM Colony,127,16.19,Heavy,Clear
2026-01-25 15:50:00,Natham Road,74,41.91,Moderate,Clear
2026-01-25 15:58:00,Begampur,23,42.47,Jam,Clear
2026-01-25 16:03:00,Nagalk Nagar,32,53.19,Heavy,Cloudy
2026-01-25 16:07:00,Dindigul Bus Stand,180,15.31,Jam,Cloudy
2026-01-25 16:12:00,Oddanchatram Road,140,51.58,Free Flow,Clear
2026-01-25 16:22:00,SPM Nagar,193,22.29,Heavy,Clear
2026-01-25 16:44:00,Oddanchatram Road,11,53.63,Heavy,Cloudy
2026-01-25 17:01:00,Batlagundu Road,71,23.35,Free Flow,Clear
2026-01-25 17:02:00,Dindigul Bus Stand,94,42.05,Moderate,Clear
2026-01-25 17:38:00,Batlagundu Road,19,60.85,Jam,Cloudy
2026-01-25 17:47:00,Nagalk Nagar,87,42.58,Jam,Clear
2026-01-25 18:03:00,Begampur,119,63.84,Heavy,Rainy
2026-01-25 18:33:00,Oddanchatram Road,57,55.91,Jam,Clear
2026-01-25 18:44:00,Batlagundu Road,149,17.6,Jam,Rainy
2026-01-25 19:16:00,Dindigul Bus Stand,127,56.56,Moderate,Rainy
2026-01-25 19:31:00,Batlagundu Road,106,22.13,Moderate,Rainy
2026-01-25 19:38:00,Nagalk Nagar,185,56.42,Jam,Clear
2026-01-25 19:42:00,Trichy Road,11,48.87,Jam,Clear
2026-01-25 19:45:00,Dindigul Bus Stand,152,65.97,Free Flow,Clear
2026-01-25 19:45:00,Batlagundu Road,76,21.44,Jam,Cloudy
2026-01-25 19:57:00,SPM Nagar,123,49.68,Jam,Clear
2026-01-25 19:57:00,Dindigul Bus Stand,71,60.06,Moderate,Cloudy
2026-01-25 20:05:00,SPM Nagar,148,64.3,Free Flow,Rainy
2026-01-25 20:16:00,Begampur,35,48.19,Moderate,Clear
2026-01-25 20:22:00,Natham Road,49,23.04,Jam,Clear
2026-01-25 20:40:00,SPM Nagar,51,58.73,Heavy,Rainy
2026-01-25 20:46:00,Dindigul Bus Stand,186,37.17,Free Flow,Rainy
2026-01-25 20:47:00,Trichy Road,137,22.36,Free Flow,Rainy
2026-01-25 20:48:00,Oddanchatram Road,21,44.59,Jam,Cloudy
2026-01-25 20:53:00,RM Colony,20,22.08,Free Flow,Cloudy
2026-01-25 20:54:00,Dindigul Bus Stand,134,49.6,Jam,Rainy
2026-01-25 20:55:00,Begampur,136,64.73,Moderate,Rainy
2026-01-25 20:56:00,Batlagundu Road,121,63.57,Moderate,Clear
2026-01-25 21:08:00,Palani Road,187,62.35,Heavy,Cloudy
2026-01-25 21:09:00,Batlagundu Road,168,61.4,Moderate,Clear
2026-01-25 21:12:00,Batlagundu Road,85,68.07,Moderate,Clear
2026-01-25 21:28:00,Nagalk Nagar,167,29.06,Free Flow,Rainy
2026-01-25 21:36:00,RM Colony,105,46.71,Free Flow,Clear
2026-01-25 21:36:00,Dindigul Bus Stand,171,33.91,Jam,Cloudy
2026-01-25 21:52:00,Dindigul Bus Stand,72,59.29,Free Flow,Cloudy
2026-01-25 22:04:00,SPM Nagar,146,30.73,Jam,Clear
2026-01-25 22:08:00,Dindigul Bus Stand,51,42.93,Jam,Rainy
2026-01-25 22:25:00,Dindigul Bus Stand,104,36.95,Free Flow,Rainy
2026-01-25 22:26:00,RM Colony,49,48.5,Heavy,Rainy
2026-01-25 22:29:00,Palani Road,115,18.88,Moderate,Rainy
2026-01-25 22:30:00,Begampur,56,61.17,Heavy,Clear
2026-01-25 22:37:00,Batlagundu Road,189,43.58,Moderate,Clear
2026-01-25 22:51:00,Trichy Road,39,66.78,Moderate,Cloudy
2026-01-25 23:02:00,Batlagundu Road,142,45.2,Jam,Clear
2026-01-25 23:11:00,Trichy Road,99,55.26,Heavy,Rainy
2026-01-25 23:12:00,Nagalk Nagar,51,34.42,Jam,Rainy
2026-01-25 23:17:00,Nagalk Nagar,125,53.55,Moderate,Cloudy
2026-01-25 23:22:00,Nagalk Nagar,79,42.58,Moderate,Rainy
2026-01-25 23:57:00,Dindigul Bus Stand,25,52.64,Heavy,Clear
2026-01-25 23:59:00,Trichy Road,67,55.26,Free Flow,Rainy
2026-01-26 00:03:00,RM Colony,33,33.68,Free Flow,Clear
2026-01-26 00:32:00,Dindigul Bus Stand,62,51.92,Moderate,Clear
2026-01-26 00:35:00,Begampur,27,52.6,Heavy,Clear
2026-01-26 00:42:00,Dindigul Bus Stand,38,48.27,Moderate,Clear
2026-01-26 01:30:00,Dindigul Bus Stand,32,52.48,Jam,Clear
2026-01-26 01:36:00,Trichy Road,38,52.83,Heavy,Rainy
2026-01-26 01:39:00,Natham Road,72,62.2,Jam,Clear
2026-01-26 01:56:00,SPM Nagar,88,33.97,Moderate,Rainy
2026-01-26 02:03:00,Batlagundu Road,101,18.58,Jam,Rainy
2026-01-26 02:12:00,SPM Nagar,55,21.32,Moderate,Rainy
2026-01-26 02:51:00,Trichy Road,195,29.34,Free Flow,Rainy
2026-01-26 02:56:00,Batlagundu Road,56,42.31,Jam,Clear
2026-01-26 03:01:00,Begampur,23,31.25,Free Flow,Rainy
2026-01-26 03:23:00,Oddanchatram Road,94,24.24,Heavy,Rainy
2026-01-26 03:33:00,RM Colony,107,49.6,Heavy,Cloudy
2026-01-26 03:40:00,SPM Nagar,125,52.06,Heavy,Clear
2026-01-26 03:54:00,Begampur,19,47.71,Moderate,Rainy
2026-01-26 03:59:00,RM Colony,192,40.87,Heavy,Rainy
2026-01-26 04:12:00,Batlagundu Road,175,17.56,Jam,Cloudy
2026-01-26 04:20:00,Nagalk Nagar,113,28.46,Moderate,Cloudy
2026-01-26 04:21:00,RM Colony,62,27.53,Free Flow,Clear
2026-01-26 04:59:00,Dindigul Bus Stand,191,67.84,Free Flow,Cloudy
2026-01-26 05:15:00,Batlagundu Road,20,35.52,Moderate,Rainy
2026-01-26 05:47:00,Trichy Road,31,18.23,Jam,Clear
2026-01-26 05:51:00,Batlagundu Road,189,20.82,Moderate,Rainy
2026-01-26 05:55:00,SPM Nagar,199,57.5,Jam,Clear
2026-01-26 06:02:00,Natham Road,52,30.49,Jam,Clear
2026-01-26 06:11:00,Natham Road,117,51.66,Free Flow,Clear
2026-01-26 06:23:00,Dindigul Bus Stand,113,22.22,Free Flow,Cloudy
2026-01-26 06:24:00,RM Colony,129,40.64,Jam,Cloudy
2026-01-26 06:26:00,RM Colony,163,45.05,Moderate,Rainy
2026-01-26 06:50:00,Trichy Road,154,39.8,Free Flow,Cloudy
2026-01-26 06:51:00,Palani Road,168,45.93,Moderate,Cloudy
2026-01-26 07:01:00,Batlagundu Road,52,15.25,Heavy,Cloudy
2026-01-26 07:04:00,Oddanchatram Road,37,54.66,Free Flow,Rainy
2026-01-26 07:06:00,Dindigul Bus Stand,87,61.58,Jam,Clear
2026-01-26 07:17:00,Begampur,151,31.44,Moderate,Cloudy
2026-01-26 07:25:00,SPM Nagar,193,51.55,Heavy,Clear
2026-01-26 07:30:00,SPM Nagar,35,21.52,Heavy,Rainy
2026-01-26 07:35:00,Nagalk Nagar,117,26.07,Jam,Cloudy
2026-01-26 07:58:00,Dindigul Bus Stand,104,42.17,Heavy,Rainy
2026-01-26 08:12:00,Nagalk Nagar,168,67.09,Heavy,Rainy
2026-01-26 08:14:00,Natham Road,61,29.63,Heavy,Rainy
2026-01-26 08:16:00,Begampur,137,32.73,Moderate,Cloudy
2026-01-26 08:40:00,Palani Road,114,22.67,Heavy,Clear
2026-01-26 08:45:00,Trichy Road,147,23.5,Moderate,Cloudy
2026-01-26 08:54:00,Oddanchatram Road,11,46.41,Jam,Cloudy
2026-01-26 08:54:00,SPM Nagar,196,67.28,Moderate,Rainy
2026-01-26 08:55:00,Nagalk Nagar,145,49.39,Free Flow,Rainy
2026-01-26 08:59:00,SPM Nagar,131,31.08,Jam,Rainy
2026-01-26 09:07:00,Natham Road,90,32.6,Free Flow,Cloudy
2026-01-26 09:22:00,Trichy Road,131,57.05,Moderate,Cloudy
2026-01-26 09:29:00,Trichy Road,171,27.03,Free Flow,Rainy
2026-01-26 09:30:00,Begampur,73,59.76,Heavy,Cloudy
2026-01-26 09:33:00,SPM Nagar,156,69.74,Free Flow,Rainy
2026-01-26 09:43:00,RM Colony,82,23.79,Moderate,Clear
2026-01-26 09:48:00,Dindigul Bus Stand,198,49.01,Moderate,Cloudy
2026-01-26 10:00:00,Begampur,109,31.13,Jam,Rainy
2026-01-26 10:08:00,RM Colony,106,39.11,Free Flow,Rainy
2026-01-26 10:18:00,Palani Road,120,48.34,Heavy,Cloudy
2026-01-26 10:31:00,Palani Road,88,42.67,Heavy,Clear
2026-01-26 10:36:00,Natham Road,170,24.11,Jam,Cloudy
2026-01-26 11:01:00,Begampur,44,40.99,Heavy,Clear
2026-01-26 11:04:00,Oddanchatram Road,159,44.55,Free Flow,Cloudy
2026-01-26 11:10:00,Begampur,33,22.36,Jam,Rainy
2026-01-26 11:15:00,Batlagundu Road,158,47.69,Heavy,Clear
2026-01-26 11:22:00,Nagalk Nagar,99,54.13,Heavy,Cloudy
2026-01-26 11:35:00,Palani Road,184,48.22,Moderate,Rainy
2026-01-26 11:37:00,Natham Road,24,62.41,Heavy,Rainy
2026-01-26 12:16:00,Batlagundu Road,130,67.06,Free Flow,Cloudy
2026-01-26 12:17:00,Trichy Road,175,65.1,Jam,Clear
2026-01-26 12:18:00,Nagalk Nagar,88,44.92,Heavy,Cloudy
2026-01-26 12:31:00,Begampur,18,49.48,Jam,Rainy
2026-01-26 12:34:00,Palani Road,160,67.22,Moderate,Clear
2026-01-26 12:40:00,Oddanchatram Road,31,24.29,Jam,Cloudy
2026-01-26 12:43:00,Oddanchatram Road,38,61.02,Jam,Cloudy
2026-01-26 13:07:00,Trichy Road,48,57.87,Jam,Rainy
2026-01-26 13:08:00,Dindigul Bus Stand,85,45.15,Jam,Rainy
2026-01-26 13:13:00,Natham Road,48,47.66,Jam,Rainy
2026-01-26 13:37:00,Batlagundu Road,141,51.32,Heavy,Rainy
2026-01-26 14:04:00,Begampur,102,30.71,Heavy,Rainy
2026-01-26 14:10:00,Palani Road,84,53.46,Free Flow,Rainy
2026-01-26 14:18:00,Batlagundu Road,16,25.23,Free Flow,Clear
2026-01-26 14:24:00,Palani Road,146,43.2,Free Flow,Clear
2026-01-26 14:32:00,Batlagundu Road,160,28.06,Heavy,Rainy
2026-01-26 14:37:00,Begampur,75,60.03,Free Flow,Cloudy
2026-01-26 14:47:00,Trichy Road,165,29.31,Heavy,Cloudy
2026-01-26 14:53:00,Oddanchatram Road,182,60.38,Jam,Rainy
2026-01-26 14:59:00,SPM Nagar,112,62.06,Moderate,Cloudy
2026-01-26 15:01:00,Palani Road,172,21.14,Free Flow,Rainy
2026-01-26 15:11:00,Natham Road,48,41.31,Heavy,Clear
2026-01-26 15:16:00,Nagalk Nagar,62,34.84,Jam,Rainy
2026-01-26 15:20:00,Begampur,93,37.53,Jam,Rainy
2026-01-26 15:24:00,Nagalk Nagar,81,30.95,Heavy,Cloudy
2026-01-26 16:00:00,RM Colony,89,25.06,Free Flow,Cloudy
2026-01-26 16:21:00,Dindigul Bus Stand,121,42.06,Heavy,Rainy
2026-01-26 16:23:00,Batlagundu Road,16,41.58,Jam,Rainy
2026-01-26 16:31:00,Batlagundu Road,80,45.6,Heavy,Cloudy
2026-01-26 16:35:00,Palani Road,103,37.56,Jam,Clear
2026-01-26 16:58:00,SPM Nagar,189,51.31,Jam,Cloudy
2026-01-26 17:06:00,Oddanchatram Road,160,25.51,Moderate,Cloudy
2026-01-26 17:20:00,Batlagundu Road,53,15.85,Heavy,Cloudy
2026-01-26 17:32:00,Batlagundu Road,119,49.49,Jam,Clear
2026-01-26 17:43:00,Natham Road,135,26.75,Jam,Cloudy
2026-01-26 17:52:00,Dindigul Bus Stand,153,46.34,Heavy,Rainy
2026-01-26 17:53:00,Batlagundu Road,64,48.08,Moderate,Rainy
2026-01-26 18:40:00,Palani Road,151,17.48,Heavy,Rainy
2026-01-26 18:53:00,Oddanchatram Road,151,26.08,Heavy,Cloudy
2026-01-26 19:03:00,Palani Road,158,40.74,Jam,Rainy
2026-01-26 19:16:00,Begampur,42,23.22,Heavy,Clear
2026-01-26 19:21:00,Trichy Road,164,61.11,Moderate,Clear
2026-01-26 19:36:00,Palani Road,153,53.66,Moderate,Cloudy
2026-01-26 19:57:00,Dindigul Bus Stand,199,20.63,Heavy,Clear
2026-01-26 19:57:00,SPM Nagar,108,62.09,Free Flow,Cloudy
2026-01-26 20:17:00,Palani Road,92,39.73,Jam,Clear
2026-01-26 20:19:00,Trichy Road,73,60.23,Heavy,Cloudy
2026-01-26 20:35:00,Natham Road,103,65.95,Jam,Rainy
2026-01-26 20:47:00,Oddanchatram Road,153,22.36,Heavy,Cloudy
2026-01-26 20:49:00,Begampur,82,23.83,Jam,Rainy
2026-01-26 21:03:00,Palani Road,152,66.18,Free Flow,Cloudy
2026-01-26 21:05:00,Palani Road,133,33.36,Free Flow,Rainy
2026-01-26 21:22:00,SPM Nagar,29,60.35,Free Flow,Clear
2026-01-26 21:36:00,Trichy Road,69,21.11,Free Flow,Cloudy
2026-01-26 21:36:00,Nagalk Nagar,146,29.11,Heavy,Rainy
2026-01-26 21:40:00,Nagalk Nagar,23,34.11,Moderate,Clear
2026-01-26 21:49:00,Batlagundu Road,119,22.35,Jam,Cloudy
2026-01-26 22:02:00,Natham Road,79,26.25,Free Flow,Rainy
2026-01-26 22:16:00,Begampur,121,51.27,Heavy,Clear
2026-01-26 22:26:00,SPM Nagar,11,15.47,Moderate,Clear
2026-01-26 22:33:00,Oddanchatram Road,113,36.47,Jam,Rainy
2026-01-26 23:06:00,Palani Road,12,28.93,Jam,Cloudy
2026-01-26 23:07:00,Trichy Road,198,55.48,Jam,Cloudy
2026-01-26 23:28:00,Natham Road,89,34.37,Heavy,Cloudy
2026-01-26 23:29:00,SPM Nagar,153,55.56,Free Flow,Clear
2026-01-26 23:39:00,Oddanchatram Road,181,43.34,Moderate,Rainy
2026-01-26 23:39:00,Dindigul Bus Stand,75,18.16,Heavy,Rainy
2026-01-26 23:45:00,Trichy Road,147,65.06,Free Flow,Clear
2026-01-26 23:53:00,Nagalk Nagar,22,27.41,Heavy,Cloudy
2026-01-27 00:02:00,SPM Nagar,75,25.12,Heavy,Cloudy
2026-01-27 00:03:00,Palani Road,193,24.18,Free Flow,Rainy
2026-01-27 00:05:00,Palani Road,19,25.57,Jam,Cloudy
2026-01-27 00:11:00,Palani Road,124,24.83,Moderate,Cloudy
2026-01-27 00:20:00,RM Colony,87,63.74,Free Flow,Cloudy
2026-01-27 00:24:00,Natham Road,59,36.55,Heavy,Clear
2026-01-27 00:34:00,Batlagundu Road,74,35.23,Jam,Rainy
2026-01-27 00:42:00,Nagalk Nagar,43,62.28,Moderate,Clear
2026-01-27 00:46:00,Trichy Road,20,27.12,Moderate,Rainy
2026-01-27 00:51:00,Natham Road,151,36.27,Moderate,Rainy
2026-01-27 01:18:00,Trichy Road,41,63.49,Jam,Clear
2026-01-27 01:21:00,Nagalk Nagar,138,66.21,Heavy,Clear
2026-01-27 01:26:00,Trichy Road,118,36.81,Jam,Rainy
2026-01-27 01:39:00,Natham Road,128,50.6,Heavy,Clear
2026-01-27 02:04:00,SPM Nagar,39,48.28,Moderate,Clear
2026-01-27 02:08:00,Oddanchatram Road,13,32.98,Free Flow,Cloudy
2026-01-27 02:09:00,Begampur,108,51.33,Moderate,Clear
2026-01-27 02:15:00,Trichy Road,53,65.92,Jam,Cloudy
2026-01-27 02:30:00,Nagalk Nagar,194,35.87,Free Flow,Cloudy
2026-01-27 02:31:00,Batlagundu Road,191,61.2,Heavy,Rainy
2026-01-27 02:45:00,RM Colony,155,53.3,Jam,Clear
2026-01-27 02:47:00,Nagalk Nagar,41,58.91,Jam,Rainy
2026-01-27 02:49:00,Trichy Road,25,39.0,Free Flow,Cloudy
2026-01-27 02:56:00,Palani Road,133,27.1,Moderate,Clear
2026-01-27 02:57:00,Dindigul Bus Stand,93,42.56,Moderate,Clear
2026-01-27 02:58:00,Begampur,16,37.3,Free Flow,Cloudy
2026-01-27 03:05:00,Palani Road,80,64.44,Heavy,Rainy
2026-01-27 03:21:00,Natham Road,124,42.45,Moderate,Rainy
2026-01-27 03:22:00,Trichy Road,133,27.77,Jam,Clear
2026-01-27 03:31:00,Nagalk Nagar,17,26.43,Moderate,Cloudy
2026-01-27 03:47:00,RM Colony,198,22.64,Jam,Cloudy
2026-01-27 03:49:00,Dindigul Bus Stand,63,41.41,Moderate,Cloudy
2026-01-27 04:11:00,Dindigul Bus Stand,31,41.78,Jam,Cloudy
2026-01-27 04:13:00,RM Colony,60,20.25,Jam,Rainy
2026-01-27 04:17:00,SPM Nagar,111,33.62,Moderate,Clear
2026-01-27 04:42:00,SPM Nagar,104,60.51,Moderate,Rainy
2026-01-27 04:46:00,Palani Road,150,45.37,Moderate,Clear
2026-01-27 05:05:00,Natham Road,127,16.07,Moderate,Cloudy
2026-01-27 05:05:00,Dindigul Bus Stand,94,53.44,Moderate,Cloudy
2026-01-27 05:14:00,Batlagundu Road,58,52.67,Free Flow,Clear
2026-01-27 05:30:00,Oddanchatram Road,181,23.86,Heavy,Clear
2026-01-27 05:34:00,SPM Nagar,161,54.74,Heavy,Clear
2026-01-27 05:47:00,Oddanchatram Road,139,37.67,Jam,Cloudy
2026-01-27 06:04:00,Nagalk Nagar,47,34.84,Jam,Clear
2026-01-27 06:14:00,Trichy Road,62,41.14,Free Flow,Clear
2026-01-27 06:17:00,Begampur,180,35.81,Heavy,Clear
2026-01-27 06:17:00,Begampur,145,64.55,Moderate,Cloudy
2026-01-27 06:19:00,Trichy Road,23,43.93,Free Flow,Cloudy
2026-01-27 06:19:00,RM Colony,21,44.29,Free Flow,Cloudy
2026-01-27 06:20:00,Nagalk Nagar,71,45.01,Moderate,Rainy
2026-01-27 06:23:00,Palani Road,30,28.09,Moderate,Clear
2026-01-27 06:24:00,Palani Road,95,26.78,Jam,Cloudy
2026-01-27 06:40:00,SPM Nagar,135,33.51,Heavy,Clear
2026-01-27 06:41:00,Dindigul Bus Stand,51,47.52,Heavy,Clear
2026-01-27 06:50:00,SPM Nagar,128,34.9,Free Flow,Cloudy
2026-01-27 07:00:00,Begampur,47,38.17,Jam,Clear
2026-01-27 07:08:00,SPM Nagar,139,57.53,Heavy,Rainy
2026-01-27 07:08:00,Batlagundu Road,22,15.35,Free Flow,Clear
2026-01-27 07:13:00,Palani Road,106,31.28,Heavy,Clear
2026-01-27 07:22:00,Oddanchatram Road,58,64.68,Moderate,Rainy
2026-01-27 07:36:00,Nagalk Nagar,54,37.28,Moderate,Rainy
2026-01-27 08:10:00,Dindigul Bus Stand,22,17.5,Moderate,Rainy
2026-01-27 08:42:00,Palani Road,31,49.48,Moderate,Clear
2026-01-27 08:47:00,SPM Nagar,103,39.48,Free Flow,Rainy
2026-01-27 08:52:00,Natham Road,110,42.37,Moderate,Clear
2026-01-27 08:56:00,Batlagundu Road,131,30.75,Heavy,Cloudy
2026-01-27 09:03:00,Natham Road,142,15.74,Jam,Rainy
2026-01-27 09:22:00,Nagalk Nagar,18,64.93,Heavy,Rainy
2026-01-27 09:27:00,Dindigul Bus Stand,102,41.54,Jam,Cloudy
2026-01-27 09:39:00,Oddanchatram Road,117,32.21,Heavy,Clear
2026-01-27 09:42:00,Begampur,13,18.78,Jam,Clear
2026-01-27 09:46:00,Dindigul Bus Stand,189,28.12,Jam,Clear
2026-01-27 09:48:00,Natham Road,100,57.79,Free Flow,Rainy
2026-01-27 10:00:00,Dindigul Bus Stand,41,55.49,Free Flow,Rainy
2026-01-27 10:07:00,Natham Road,77,41.3,Jam,Clear
2026-01-27 10:31:00,Natham Road,138,58.91,Heavy,Rainy
2026-01-27 10:33:00,Oddanchatram Road,21,37.36,Jam,Cloudy
2026-01-27 10:34:00,Oddanchatram Road,146,64.55,Free Flow,Clear
2026-01-27 10:36:00,Trichy Road,185,45.89,Jam,Clear
2026-01-27 10:42:00,Nagalk Nagar,138,29.78,Heavy,Rainy
2026-01-27 10:47:00,Dindigul Bus Stand,16,41.9,Free Flow,Clear
2026-01-27 10:56:00,Batlagundu Road,194,44.84,Jam,Rainy
2026-01-27 10:58:00,Nagalk Nagar,92,57.91,Jam,Clear
2026-01-27 11:20:00,Begampur,180,61.15,Moderate,Cloudy
2026-01-27 11:27:00,Begampur,132,35.2,Jam,Cloudy
2026-01-27 11:27:00,Batlagundu Road,41,27.16,Free Flow,Clear
2026-01-27 11:49:00,Nagalk Nagar,161,36.14,Moderate,Cloudy
2026-01-27 11:57:00,Nagalk Nagar,122,66.05,Free Flow,Cloudy
2026-01-27 12:11:00,Palani Road,166,32.41,Heavy,Rainy
2026-01-27 12:20:00,SPM Nagar,115,16.02,Heavy,Clear
2026-01-27 12:23:00,Begampur,62,51.06,Moderate,Cloudy
2026-01-27 12:31:00,RM Colony,92,68.22,Moderate,Clear
2026-01-27 12:32:00,Nagalk Nagar,179,41.41,Heavy,Clear
2026-01-27 12:36:00,Palani Road,28,43.86,Jam,Clear
2026-01-27 12:52:00,Oddanchatram Road,182,43.49,Jam,Clear
2026-01-27 12:53:00,RM Colony,100,63.44,Jam,Rainy
2026-01-27 12:55:00,Natham Road,13,17.18,Heavy,Clear
2026-01-27 12:56:00,Begampur,54,28.73,Free Flow,Rainy
2026-01-27 13:01:00,Natham Road,117,21.47,Heavy,Clear
2026-01-27 13:07:00,Natham Road,17,33.11,Moderate,Clear
2026-01-27 13:18:00,Batlagundu Road,16,37.64,Heavy,Clear
2026-01-27 13:26:00,Nagalk Nagar,60,16.56,Free Flow,Rainy
2026-01-27 13:35:00,Begampur,40,54.12,Free Flow,Rainy
2026-01-27 13:37:00,Dindigul Bus Stand,139,49.76,Jam,Rainy
2026-01-27 13:38:00,Begampur,52,59.43,Moderate,Clear
2026-01-27 13:52:00,Palani Road,62,28.65,Free Flow,Clear
2026-01-27 13:53:00,Natham Road,138,55.31,Moderate,Cloudy
2026-01-27 14:05:00,RM Colony,173,59.28,Heavy,Clear
2026-01-27 14:24:00,Trichy Road,142,48.39,Moderate,Clear
2026-01-27 14:36:00,Begampur,35,17.28,Jam,Clear
2026-01-27 14:38:00,Palani Road,118,19.25,Moderate,Cloudy
2026-01-27 14:41:00,Begampur,116,65.5,Moderate,Clear
2026-01-27 14:43:00,Oddanchatram Road,22,32.11,Moderate,Clear
2026-01-27 14:45:00,RM Colony,96,40.96,Jam,Cloudy
2026-01-27 14:48:00,Palani Road,58,36.84,Free Flow,Clear
2026-01-27 14:53:00,Trichy Road,50,67.18,Moderate,Cloudy
2026-01-27 15:01:00,Batlagundu Road,99,41.85,Jam,Rainy
2026-01-27 15:07:00,Oddanchatram Road,143,17.38,Moderate,Cloudy
2026-01-27 15:19:00,Batlagundu Road,77,37.61,Moderate,Cloudy
2026-01-27 15:36:00,Nagalk Nagar,194,23.1,Free Flow,Clear
2026-01-27 15:51:00,Batlagundu Road,134,40.44,Heavy,Cloudy
2026-01-27 15:52:00,Batlagundu Road,32,31.42,Free Flow,Cloudy
2026-01-27 15:58:00,Palani Road,53,24.82,Moderate,Clear
2026-01-27 16:04:00,Oddanchatram Road,136,49.75,Moderate,Rainy
2026-01-27 16:28:00,Dindigul Bus Stand,93,30.29,Jam,Rainy
2026-01-27 16:29:00,Nagalk Nagar,125,51.31,Free Flow,Rainy
2026-01-27 16:31:00,Nagalk Nagar,26,19.8,Jam,Rainy
2026-01-27 16:46:00,RM Colony,155,60.74,Heavy,Clear
2026-01-27 17:13:00,RM Colony,15,37.71,Heavy,Clear
2026-01-27 17:15:00,Palani Road,64,23.54,Heavy,Rainy
2026-01-27 17:23:00,Batlagundu Road,36,20.99,Moderate,Cloudy
2026-01-27 17:31:00,Oddanchatram Road,186,29.03,Free Flow,Rainy
2026-01-27 17:40:00,Nagalk Nagar,22,45.0,Free Flow,Rainy
2026-01-27 17:41:00,SPM Nagar,156,17.18,Moderate,Rainy
2026-01-27 17:48:00,Batlagundu Road,161,68.92,Moderate,Clear
2026-01-27 18:03:00,Batlagundu Road,15,25.03,Heavy,Rainy
2026-01-27 18:10:00,Begampur,60,31.27,Jam,Cloudy
2026-01-27 18:27:00,Dindigul Bus Stand,161,50.82,Jam,Cloudy
2026-01-27 18:36:00,Palani Road,25,47.95,Moderate,Cloudy
2026-01-27 18:45:00,Nagalk Nagar,10,51.17,Jam,Rainy
2026-01-27 18:46:00,Trichy Road,33,45.26,Free Flow,Rainy
2026-01-27 18:48:00,Batlagundu Road,144,24.76,Free Flow,Cloudy
2026-01-27 19:08:00,Dindigul Bus Stand,169,24.59,Moderate,Clear
2026-01-27 19:10:00,Natham Road,156,39.42,Heavy,Clear
2026-01-27 19:14:00,Dindigul Bus Stand,62,50.95,Jam,Cloudy
2026-01-27 19:32:00,RM Colony,145,66.15,Jam,Clear
2026-01-27 19:33:00,Dindigul Bus Stand,79,27.35,Moderate,Clear
2026-01-27 19:34:00,Oddanchatram Road,169,60.01,Free Flow,Clear
2026-01-27 20:01:00,Palani Road,72,52.01,Jam,Cloudy
2026-01-27 20:17:00,Nagalk Nagar,140,55.37,Moderate,Cloudy
2026-01-27 20:24:00,SPM Nagar,191,16.22,Moderate,Rainy
2026-01-27 20:37:00,Nagalk Nagar,61,26.3,Free Flow,Rainy
2026-01-27 20:55:00,Batlagundu Road,187,27.08,Free Flow,Cloudy
2026-01-27 21:02:00,Palani Road,143,55.03,Moderate,Cloudy
2026-01-27 21:05:00,Nagalk Nagar,40,23.59,Moderate,Cloudy
2026-01-27 22:10:00,Oddanchatram Road,82,23.0,Jam,Cloudy
2026-01-27 22:24:00,Nagalk Nagar,113,59.64,Heavy,Cloudy
2026-01-27 22:45:00,Trichy Road,142,24.24,Heavy,Cloudy
2026-01-27 23:08:00,Palani Road,78,66.58,Heavy,Clear
2026-01-27 23:10:00,SPM Nagar,190,17.33,Jam,Rainy
2026-01-27 23:13:00,Batlagundu Road,106,41.27,Heavy,Clear
2026-01-27 23:16:00,Nagalk Nagar,59,28.63,Free Flow,Rainy
2026-01-27 23:17:00,Natham Road,85,61.59,Free Flow,Cloudy
2026-01-27 23:36:00,SPM Nagar,90,29.62,Jam,Cloudy
2026-01-27 23:39:00,Oddanchatram Road,114,22.44,Heavy,Rainy
2026-01-27 23:47:00,Trichy Road,167,33.79,Heavy,Cloudy
2026-01-28 00:05:00,Dindigul Bus Stand,99,28.51,Heavy,Rainy
2026-01-28 00:11:00,Palani Road,158,38.7,Moderate,Clear
2026-01-28 00:18:00,Nagalk Nagar,114,22.89,Free Flow,Clear
2026-01-28 00:31:00,RM Colony,144,45.41,Jam,Cloudy
2026-01-28 00:48:00,RM Colony,42,50.17,Free Flow,Rainy
2026-01-28 00:55:00,Palani Road,125,43.01,Heavy,Cloudy
2026-01-28 01:14:00,Trichy Road,88,69.36,Free Flow,Clear
2026-01-28 01:19:00,SPM Nagar,64,40.27,Free Flow,Rainy
2026-01-28 01:40:00,SPM Nagar,134,59.89,Heavy,Clear
2026-01-28 01:49:00,RM Colony,44,29.63,Jam,Rainy
2026-01-28 02:07:00,SPM Nagar,141,28.42,Jam,Cloudy
2026-01-28 02:41:00,Natham Road,113,36.95,Heavy,Clear
2026-01-28 02:42:00,Natham Road,174,66.75,Jam,Cloudy
2026-01-28 02:46:00,SPM Nagar,96,53.25,Jam,Clear
2026-01-28 03:03:00,Natham Road,103,34.74,Jam,Clear
2026-01-28 03:03:00,Dindigul Bus Stand,152,30.44,Heavy,Rainy
2026-01-28 03:05:00,Nagalk Nagar,92,46.19,Jam,Clear
2026-01-28 03:11:00,RM Colony,24,30.17,Jam,Cloudy
2026-01-28 03:14:00,Trichy Road,65,32.05,Heavy,Cloudy
2026-01-28 03:26:00,RM Colony,106,46.79,Free Flow,Cloudy
2026-01-28 03:51:00,Batlagundu Road,30,33.47,Moderate,Rainy
2026-01-28 03:56:00,SPM Nagar,152,20.05,Heavy,Clear
2026-01-28 04:09:00,Oddanchatram Road,68,15.98,Moderate,Cloudy
2026-01-28 04:13:00,Dindigul Bus Stand,187,30.62,Moderate,Rainy
2026-01-28 04:17:00,Trichy Road,95,15.42,Jam,Cloudy
2026-01-28 04:26:00,Oddanchatram Road,192,67.37,Moderate,Clear
2026-01-28 04:27:00,Dindigul Bus Stand,12,44.21,Heavy,Clear
2026-01-28 04:27:00,Batlagundu Road,114,51.75,Jam,Clear
2026-01-28 04:29:00,Palani Road,183,16.16,Heavy,Rainy
2026-01-28 04:30:00,Batlagundu Road,132,42.55,Jam,Clear
2026-01-28 04:37:00,Begampur,11,34.65,Free Flow,Clear
2026-01-28 04:43:00,RM Colony,130,55.15,Jam,Rainy
2026-01-28 04:47:00,RM Colony,104,59.72,Jam,Rainy
2026-01-28 05:13:00,Trichy Road,156,59.6,Free Flow,Clear
2026-01-28 05:19:00,Oddanchatram Road,161,15.7,Moderate,Clear
2026-01-28 05:54:00,Dindigul Bus Stand,40,40.84,Jam,Cloudy
2026-01-28 05:54:00,Nagalk Nagar,35,19.19,Free Flow,Rainy
2026-01-28 05:55:00,SPM Nagar,142,60.27,Jam,Rainy
2026-01-28 06:02:00,Dindigul Bus Stand,23,17.19,Moderate,Cloudy
2026-01-28 06:11:00,Oddanchatram Road,149,54.91,Moderate,Rainy
2026-01-28 06:29:00,Batlagundu Road,116,67.91,Jam,Rainy
2026-01-28 06:31:00,Batlagundu Road,107,27.89,Jam,Rainy
2026-01-28 06:36:00,SPM Nagar,58,18.63,Free Flow,Cloudy
2026-01-28 06:40:00,RM Colony,79,31.92,Moderate,Rainy
2026-01-28 06:54:00,Dindigul Bus Stand,147,32.47,Heavy,Cloudy
2026-01-28 07:02:00,Begampur,194,38.03,Moderate,Cloudy
2026-01-28 07:03:00,Dindigul Bus Stand,100,15.07,Free Flow,Clear
2026-01-28 07:03:00,Nagalk Nagar,62,19.43,Jam,Clear
2026-01-28 07:08:00,Nagalk Nagar,87,50.56,Jam,Rainy
2026-01-28 07:21:00,Oddanchatram Road,130,67.92,Jam,Rainy
2026-01-28 07:21:00,Natham Road,159,17.4,Jam,Cloudy
2026-01-28 07:27:00,RM Colony,81,52.26,Free Flow,Cloudy
2026-01-28 07:28:00,Oddanchatram Road,25,54.52,Heavy,Rainy
2026-01-28 07:40:00,SPM Nagar,34,55.06,Moderate,Clear
2026-01-28 07:54:00,Nagalk Nagar,144,45.09,Moderate,Cloudy
2026-01-28 08:08:00,Trichy Road,75,61.46,Heavy,Clear
2026-01-28 08:20:00,Begampur,19,58.4,Moderate,Clear
2026-01-28 08:24:00,RM Colony,38,16.91,Moderate,Clear
2026-01-28 08:24:00,Trichy Road,88,48.03,Moderate,Cloudy
2026-01-28 09:37:00,Trichy Road,33,28.03,Heavy,Cloudy
2026-01-28 09:40:00,RM Colony,126,21.45,Jam,Rainy
2026-01-28 09:43:00,Begampur,195,58.88,Moderate,Rainy
2026-01-28 09:48:00,Batlagundu Road,62,50.84,Moderate,Rainy
2026-01-28 09:48:00,Natham Road,89,31.92,Moderate,Clear
2026-01-28 09:52:00,RM Colony,148,36.89,Jam,Cloudy
2026-01-28 09:54:00,Palani Road,69,24.8,Heavy,Cloudy
2026-01-28 09:59:00,Batlagundu Road,186,34.03,Jam,Rainy
2026-01-28 10:32:00,Oddanchatram Road,198,67.1,Heavy,Clear
2026-01-28 10:38:00,Begampur,98,55.9,Moderate,Cloudy
2026-01-28 10:43:00,Oddanchatram Road,124,19.64,Moderate,Rainy
2026-01-28 10:43:00,Natham Road,176,19.21,Heavy,Clear
2026-01-28 10:44:00,Dindigul Bus Stand,115,16.49,Moderate,Cloudy
2026-01-28 10:44:00,Oddanchatram Road,55,45.99,Moderate,Clear
2026-01-28 10:51:00,RM Colony,33,53.86,Free Flow,Cloudy
2026-01-28 10:53:00,Natham Road,161,32.83,Jam,Rainy
2026-01-28 10:59:00,Dindigul Bus Stand,138,34.71,Free Flow,Clear
2026-01-28 11:02:00,Palani Road,50,46.84,Free Flow,Clear
2026-01-28 11:09:00,Natham Road,174,39.92,Free Flow,Rainy
2026-01-28 11:18:00,Begampur,74,22.08,Free Flow,Clear
2026-01-28 11:27:00,Begampur,180,26.0,Moderate,Clear
2026-01-28 11:27:00,RM Colony,88,40.39,Jam,Rainy
2026-01-28 11:29:00,RM Colony,81,59.89,Heavy,Rainy
2026-01-28 11:31:00,Oddanchatram Road,196,37.85,Moderate,Clear
2026-01-28 11:33:00,Dindigul Bus Stand,172,30.8,Free Flow,Rainy
2026-01-28 11:40:00,Trichy Road,111,33.59,Heavy,Clear
2026-01-28 11:57:00,Oddanchatram Road,59,25.34,Free Flow,Clear
2026-01-28 12:00:00,Batlagundu Road,170,68.36,Moderate,Clear
2026-01-28 12:08:00,Oddanchatram Road,43,47.58,Jam,Cloudy
2026-01-28 12:09:00,Palani Road,104,39.77,Moderate,Cloudy
2026-01-28 13:07:00,Oddanchatram Road,18,42.85,Free Flow,Cloudy
2026-01-28 13:10:00,Nagalk Nagar,77,44.21,Free Flow,Rainy
2026-01-28 13:15:00,SPM Nagar,122,52.49,Jam,Clear
2026-01-28 13:29:00,Begampur,42,35.74,Jam,Cloudy
2026-01-28 13:29:00,Oddanchatram Road,148,19.93,Heavy,Cloudy
2026-01-28 13:30:00,Oddanchatram Road,174,25.53,Heavy,Clear
2026-01-28 13:46:00,Oddanchatram Road,137,57.52,Jam,Rainy
2026-01-28 13:49:00,Begampur,162,21.84,Jam,Cloudy
2026-01-28 14:05:00,Batlagundu Road,100,53.13,Moderate,Cloudy
2026-01-28 14:08:00,RM Colony,120,53.54,Moderate,Clear
2026-01-28 14:12:00,Begampur,25,26.66,Moderate,Rainy
2026-01-28 14:27:00,Batlagundu Road,28,69.82,Free Flow,Cloudy
2026-01-28 14:33:00,Begampur,154,19.65,Jam,Rainy
2026-01-28 14:44:00,Trichy Road,105,23.16,Heavy,Cloudy
2026-01-28 15:00:00,Trichy Road,109,21.76,Heavy,Cloudy
2026-01-28 15:24:00,Nagalk Nagar,133,58.62,Jam,Clear
2026-01-28 15:30:00,Trichy Road,102,64.93,Free Flow,Cloudy
2026-01-28 15:59:00,Oddanchatram Road,11,47.66,Heavy,Clear
2026-01-28 16:05:00,Begampur,69,67.9,Jam,Rainy
2026-01-28 16:10:00,RM Colony,67,50.79,Moderate,Cloudy
2026-01-28 16:16:00,RM Colony,176,15.21,Heavy,Cloudy
2026-01-28 16:21:00,Nagalk Nagar,85,22.06,Moderate,Cloudy
2026-01-28 16:24:00,Palani Road,83,43.67,Free Flow,Cloudy
2026-01-28 16:26:00,Dindigul Bus Stand,50,20.74,Free Flow,Rainy
2026-01-28 16:31:00,Palani Road,197,44.28,Moderate,Clear
2026-01-28 16:49:00,Natham Road,39,19.87,Jam,Rainy
2026-01-28 16:51:00,Trichy Road,102,24.02,Jam,Clear
2026-01-28 17:23:00,Trichy Road,103,17.68,Free Flow,Clear
2026-01-28 17:26:00,Oddanchatram Road,179,68.8,Free Flow,Rainy
2026-01-28 17:37:00,RM Colony,63,63.79,Jam,Rainy
2026-01-28 17:38:00,Batlagundu Road,72,24.3,Free Flow,Rainy
2026-01-28 17:40:00,Natham Road,67,57.42,Jam,Rainy
2026-01-28 17:48:00,Batlagundu Road,13,47.45,Moderate,Clear
2026-01-28 17:55:00,Batlagundu Road,18,58.83,Jam,Rainy
2026-01-28 18:00:00,RM Colony,180,39.87,Moderate,Rainy
2026-01-28 18:02:00,RM Colony,179,31.63,Moderate,Rainy
2026-01-28 18:22:00,Dindigul Bus Stand,123,39.95,Heavy,Clear
2026-01-28 18:33:00,RM Colony,174,58.58,Jam,Clear
2026-01-28 18:46:00,RM Colony,143,61.3,Moderate,Rainy
2026-01-28 18:48:00,Nagalk Nagar,176,30.12,Jam,Rainy
2026-01-28 19:01:00,Nagalk Nagar,78,29.57,Free Flow,Rainy
2026-01-28 19:22:00,Batlagundu Road,89,50.08,Jam,Clear
2026-01-28 19:30:00,Natham Road,178,36.15,Jam,Clear
2026-01-28 19:30:00,Palani Road,187,20.39,Heavy,Rainy
2026-01-28 19:34:00,Dindigul Bus Stand,23,16.74,Heavy,Cloudy
2026-01-28 19:44:00,Batlagundu Road,164,57.5,Free Flow,Rainy
2026-01-28 20:09:00,Palani Road,187,38.06,Free Flow,Rainy
2026-01-28 20:16:00,RM Colony,119,20.08,Moderate,Cloudy
2026-01-28 20:22:00,RM Colony,144,46.21,Moderate,Cloudy
2026-01-28 20:25:00,Trichy Road,73,57.25,Moderate,Clear
2026-01-28 20:29:00,Palani Road,189,48.19,Free Flow,Clear
2026-01-28 20:37:00,Begampur,85,62.68,Free Flow,Rainy
2026-01-28 20:51:00,Oddanchatram Road,69,58.62,Jam,Rainy
2026-01-28 20:52:00,Oddanchatram Road,22,35.23,Moderate,Rainy
2026-01-28 21:03:00,Batlagundu Road,142,63.52,Moderate,Cloudy
2026-01-28 21:17:00,Begampur,32,17.89,Jam,Cloudy
2026-01-28 21:37:00,Natham Road,64,15.36,Moderate,Rainy
2026-01-28 21:39:00,Trichy Road,64,64.7,Moderate,Clear
2026-01-28 21:49:00,Natham Road,194,53.76,Jam,Rainy
2026-01-28 21:57:00,RM Colony,187,35.3,Jam,Rainy
2026-01-28 22:03:00,Nagalk Nagar,98,29.53,Free Flow,Cloudy
2026-01-28 22:16:00,Nagalk Nagar,103,25.61,Heavy,Clear
2026-01-28 22:32:00,Dindigul Bus Stand,90,60.93,Heavy,Clear
2026-01-28 22:33:00,Begampur,121,66.6,Moderate,Rainy
2026-01-28 22:48:00,Batlagundu Road,171,35.21,Heavy,Cloudy
2026-01-28 22:53:00,Oddanchatram Road,74,39.88,Moderate,Cloudy
2026-01-28 23:04:00,RM Colony,126,24.53,Moderate,Rainy
2026-01-28 23:16:00,Begampur,23,60.75,Free Flow,Clear
2026-01-28 23:22:00,SPM Nagar,182,48.85,Free Flow,Rainy
2026-01-28 23:26:00,Nagalk Nagar,129,57.05,Heavy,Clear
2026-01-28 23:27:00,Oddanchatram Road,136,69.95,Moderate,Rainy
2026-01-28 23:30:00,Palani Road,63,36.62,Free Flow,Clear
2026-01-28 23:31:00,SPM Nagar,145,25.74,Heavy,Cloudy
2026-01-28 23:40:00,Dindigul Bus Stand,109,19.97,Jam,Cloudy
2026-01-28 23:40:00,SPM Nagar,116,22.74,Heavy,Cloudy
2026-01-28 23:43:00,Palani Road,100,49.89,Free Flow,Cloudy
2026-01-28 23:52:00,Begampur,13,44.06,Free Flow,Clear
2026-01-29 00:19:00,Begampur,194,33.9,Free Flow,Rainy
2026-01-29 00:24:00,Natham Road,130,25.15,Moderate,Cloudy
2026-01-29 00:31:00,RM Colony,182,31.44,Heavy,Clear
2026-01-29 00:35:00,SPM Nagar,143,44.3,Free Flow,Clear
2026-01-29 00:44:00,Palani Road,57,27.26,Free Flow,Clear
2026-01-29 00:47:00,Dindigul Bus Stand,100,17.43,Heavy,Clear
2026-01-29 01:03:00,Palani Road,152,31.52,Free Flow,Rainy
2026-01-29 01:10:00,Oddanchatram Road,114,27.59,Heavy,Rainy
2026-01-29 01:15:00,Nagalk Nagar,96,27.79,Jam,Rainy
2026-01-29 01:18:00,SPM Nagar,125,22.1,Moderate,Clear
2026-01-29 01:19:00,Trichy Road,136,39.3,Free Flow,Clear
2026-01-29 01:22:00,Palani Road,151,59.48,Moderate,Rainy
2026-01-29 01:25:00,Natham Road,30,50.1,Moderate,Clear
2026-01-29 01:27:00,Dindigul Bus Stand,15,50.97,Moderate,Cloudy
2026-01-29 01:30:00,SPM Nagar,122,64.79,Jam,Rainy
2026-01-29 01:34:00,Palani Road,30,69.74,Jam,Cloudy
2026-01-29 01:36:00,Begampur,193,69.24,Jam,Clear
2026-01-29 01:49:00,Oddanchatram Road,184,17.79,Free Flow,Rainy
2026-01-29 02:06:00,Nagalk Nagar,190,23.07,Heavy,Rainy
2026-01-29 02:21:00,Begampur,68,47.44,Moderate,Rainy
2026-01-29 02:21:00,Batlagundu Road,63,21.92,Jam,Rainy
2026-01-29 02:23:00,Trichy Road,24,52.73,Heavy,Rainy
2026-01-29 02:46:00,Nagalk Nagar,151,16.03,Free Flow,Clear
2026-01-29 02:47:00,Trichy Road,172,29.7,Free Flow,Rainy
2026-01-29 02:49:00,Batlagundu Road,66,29.91,Moderate,Rainy
2026-01-29 03:14:00,Palani Road,199,18.4,Moderate,Clear
2026-01-29 03:15:00,Begampur,87,58.23,Jam,Rainy
2026-01-29 03:19:00,SPM Nagar,76,35.36,Moderate,Rainy
2026-01-29 03:23:00,Batlagundu Road,102,47.21,Jam,Cloudy
2026-01-29 03:23:00,Begampur,85,32.66,Heavy,Rainy
2026-01-29 03:53:00,Dindigul Bus Stand,92,60.14,Jam,Clear
2026-01-29 03:53:00,Begampur,190,51.58,Free Flow,Rainy
2026-01-29 04:05:00,Batlagundu Road,137,19.38,Heavy,Clear
2026-01-29 04:26:00,Batlagundu Road,127,42.66,Heavy,Rainy
2026-01-29 04:27:00,SPM Nagar,123,58.52,Moderate,Rainy
2026-01-29 04:40:00,Natham Road,163,35.37,Heavy,Rainy
2026-01-29 04:50:00,Dindigul Bus Stand,158,63.2,Jam,Cloudy
2026-01-29 04:54:00,Oddanchatram Road,55,64.42,Moderate,Rainy
2026-01-29 04:54:00,Dindigul Bus Stand,26,42.19,Jam,Clear
2026-01-29 05:06:00,Batlagundu Road,58,29.82,Free Flow,Rainy
2026-01-29 05:09:00,Nagalk Nagar,81,63.89,Moderate,Clear
2026-01-29 05:10:00,Batlagundu Road,178,23.14,Moderate,Cloudy
2026-01-29 05:36:00,Natham Road,130,32.02,Heavy,Clear
2026-01-29 05:45:00,Oddanchatram Road,198,49.68,Jam,Clear
2026-01-29 05:47:00,Palani Road,128,50.46,Heavy,Clear
2026-01-29 05:54:00,Dindigul Bus Stand,120,51.47,Heavy,Rainy
2026-01-29 05:57:00,Dindigul Bus Stand,55,16.62,Heavy,Rainy
2026-01-29 06:17:00,Oddanchatram Road,53,18.11,Jam,Clear
2026-01-29 06:21:00,RM Colony,128,41.95,Jam,Cloudy
2026-01-29 06:33:00,Batlagundu Road,69,41.8,Heavy,Clear
2026-01-29 06:38:00,Nagalk Nagar,50,20.2,Heavy,Cloudy
2026-01-29 06:41:00,RM Colony,16,33.57,Heavy,Cloudy
2026-01-29 06:50:00,Begampur,93,60.76,Heavy,Rainy
2026-01-29 06:57:00,Natham Road,99,56.14,Heavy,Cloudy
2026-01-29 07:02:00,Natham Road,60,34.33,Moderate,Rainy
2026-01-29 07:04:00,Trichy Road,10,54.5,Moderate,Clear
2026-01-29 07:08:00,Nagalk Nagar,170,57.64,Jam,Rainy
2026-01-29 07:15:00,Batlagundu Road,137,66.92,Free Flow,Clear
2026-01-29 07:24:00,Trichy Road,138,67.42,Heavy,Rainy
2026-01-29 07:42:00,RM Colony,125,33.34,Jam,Clear
2026-01-29 07:48:00,SPM Nagar,25,52.54,Moderate,Clear
2026-01-29 08:04:00,Natham Road,35,55.12,Moderate,Clear
2026-01-29 08:07:00,Trichy Road,155,62.07,Free Flow,Clear
2026-01-29 08:10:00,SPM Nagar,122,35.74,Moderate,Rainy
2026-01-29 08:15:00,Palani Road,52,55.17,Jam,Rainy
2026-01-29 08:19:00,RM Colony,92,25.99,Jam,Rainy
2026-01-29 08:20:00,Trichy Road,148,65.68,Free Flow,Rainy
2026-01-29 08:22:00,SPM Nagar,123,47.92,Free Flow,Clear
2026-01-29 08:36:00,Begampur,102,26.66,Free Flow,Cloudy
2026-01-29 08:43:00,Natham Road,175,33.35,Free Flow,Cloudy
2026-01-29 08:44:00,Batlagundu Road,121,45.38,Moderate,Clear
2026-01-29 08:45:00,Nagalk Nagar,198,31.37,Heavy,Clear
2026-01-29 08:52:00,Oddanchatram Road,48,43.95,Jam,Clear
2026-01-29 08:54:00,Trichy Road,65,69.19,Free Flow,Cloudy
2026-01-29 09:01:00,Dindigul Bus Stand,116,20.69,Jam,Rainy
2026-01-29 09:21:00,RM Colony,58,44.06,Heavy,Rainy
2026-01-29 09:25:00,Oddanchatram Road,163,46.06,Moderate,Clear
2026-01-29 09:43:00,Dindigul Bus Stand,117,44.46,Jam,Clear
2026-01-29 09:49:00,Dindigul Bus Stand,24,54.34,Free Flow,Cloudy
2026-01-29 10:00:00,Batlagundu Road,116,68.22,Heavy,Clear
2026-01-29 10:00:00,Oddanchatram Road,73,35.53,Heavy,Cloudy
2026-01-29 10:04:00,Begampur,150,44.14,Jam,Cloudy
2026-01-29 10:12:00,Oddanchatram Road,95,15.21,Free Flow,Rainy
2026-01-29 10:14:00,Dindigul Bus Stand,105,37.75,Moderate,Rainy
2026-01-29 10:17:00,Dindigul Bus Stand,159,57.22,Heavy,Rainy
2026-01-29 10:31:00,Begampur,91,35.35,Moderate,Cloudy
2026-01-29 10:46:00,Palani Road,123,17.39,Moderate,Clear
2026-01-29 10:57:00,Nagalk Nagar,136,62.56,Moderate,Rainy
2026-01-29 10:59:00,SPM Nagar,177,16.04,Jam,Clear
2026-01-29 11:08:00,Trichy Road,40,53.72,Jam,Rainy
2026-01-29 11:11:00,Begampur,37,21.01,Jam,Rainy
2026-01-29 11:38:00,RM Colony,88,52.16,Moderate,Rainy
2026-01-29 11:39:00,Natham Road,177,54.44,Moderate,Cloudy
2026-01-29 11:51:00,Begampur,128,33.44,Jam,Cloudy
2026-01-29 12:02:00,Nagalk Nagar,184,29.77,Free Flow,Clear
2026-01-29 12:09:00,RM Colony,140,40.17,Moderate,Rainy
2026-01-29 12:11:00,Dindigul Bus Stand,27,40.76,Jam,Clear
2026-01-29 12:15:00,Trichy Road,139,23.06,Jam,Cloudy
2026-01-29 12:21:00,RM Colony,63,46.26,Heavy,Cloudy
2026-01-29 12:31:00,SPM Nagar,70,21.53,Free Flow,Clear
2026-01-29 12:40:00,RM Colony,85,16.43,Free Flow,Clear
2026-01-29 12:51:00,Natham Road,51,64.53,Moderate,Cloudy
2026-01-29 12:58:00,Nagalk Nagar,162,49.57,Free Flow,Cloudy
2026-01-29 13:15:00,SPM Nagar,180,39.78,Free Flow,Cloudy
2026-01-29 13:18:00,Dindigul Bus Stand,107,26.83,Moderate,Rainy
2026-01-29 13:23:00,Palani Road,43,30.6,Jam,Rainy
2026-01-29 13:25:00,Natham Road,72,59.95,Heavy,Cloudy
2026-01-29 13:26:00,Natham Road,92,28.8,Moderate,Clear
2026-01-29 13:30:00,Natham Road,90,28.89,Free Flow,Cloudy
2026-01-29 14:05:00,Batlagundu Road,34,18.65,Jam,Rainy
2026-01-29 14:41:00,Natham Road,191,29.13,Jam,Cloudy
2026-01-29 14:46:00,Begampur,133,35.71,Heavy,Cloudy
2026-01-29 14:55:00,Nagalk Nagar,147,21.01,Heavy,Cloudy
2026-01-29 15:01:00,RM Colony,190,65.11,Moderate,Clear
2026-01-29 15:06:00,Trichy Road,96,51.94,Heavy,Clear
2026-01-29 15:28:00,Trichy Road,113,57.64,Jam,Rainy
2026-01-29 15:37:00,Palani Road,41,53.31,Free Flow,Cloudy
2026-01-29 15:47:00,Nagalk Nagar,91,68.81,Free Flow,Clear
2026-01-29 15:52:00,Natham Road,18,25.4,Heavy,Cloudy
2026-01-29 15:55:00,Palani Road,123,60.25,Free Flow,Cloudy
2026-01-29 16:00:00,Oddanchatram Road,31,54.88,Free Flow,Clear
2026-01-29 16:01:00,Natham Road,76,49.09,Moderate,Cloudy
2026-01-29 16:06:00,Nagalk Nagar,86,17.16,Moderate,Clear
2026-01-29 16:08:00,RM Colony,191,35.37,Moderate,Cloudy
2026-01-29 16:11:00,SPM Nagar,39,50.46,Moderate,Rainy
2026-01-29 16:12:00,Begampur,104,40.5,Heavy,Cloudy
2026-01-29 16:12:00,Trichy Road,91,69.52,Heavy,Cloudy
2026-01-29 16:24:00,Palani Road,151,49.54,Jam,Clear
2026-01-29 16:40:00,Begampur,47,61.5,Heavy,Clear
2026-01-29 16:44:00,Oddanchatram Road,185,24.7,Moderate,Clear
2026-01-29 16:52:00,RM Colony,23,51.92,Heavy,Rainy
2026-01-29 16:57:00,Palani Road,117,31.42,Heavy,Rainy
2026-01-29 16:59:00,Trichy Road,148,53.76,Free Flow,Rainy
2026-01-29 17:12:00,Palani Road,174,54.79,Heavy,Rainy
2026-01-29 17:33:00,Dindigul Bus Stand,167,67.61,Free Flow,Cloudy
2026-01-29 17:34:00,Natham Road,26,59.08,Jam,Rainy
2026-01-29 17:40:00,Palani Road,176,55.31,Heavy,Rainy
2026-01-29 17:45:00,Natham Road,181,42.84,Moderate,Clear
2026-01-29 17:46:00,Nagalk Nagar,92,39.86,Free Flow,Clear
2026-01-29 17:47:00,Batlagundu Road,96,21.61,Jam,Cloudy
2026-01-29 17:47:00,SPM Nagar,124,30.39,Free Flow,Cloudy
2026-01-29 18:00:00,Nagalk Nagar,150,23.78,Jam,Cloudy
2026-01-29 18:03:00,Natham Road,175,66.45,Jam,Cloudy
2026-01-29 18:37:00,Trichy Road,130,69.86,Moderate,Cloudy
2026-01-29 18:42:00,Begampur,91,50.98,Moderate,Clear
2026-01-29 18:42:00,Batlagundu Road,65,55.16,Moderate,Rainy
2026-01-29 19:14:00,Palani Road,150,68.52,Heavy,Clear
2026-01-29 19:18:00,Natham Road,112,17.86,Free Flow,Rainy
2026-01-29 19:19:00,Nagalk Nagar,66,19.09,Moderate,Clear
2026-01-29 19:32:00,Oddanchatram Road,169,20.09,Heavy,Clear
2026-01-29 19:32:00,SPM Nagar,148,59.5,Heavy,Clear
2026-01-29 19:34:00,Dindigul Bus Stand,153,43.77,Moderate,Clear
2026-01-29 19:50:00,Batlagundu Road,44,42.07,Heavy,Clear
2026-01-29 19:50:00,Natham Road,112,65.34,Heavy,Clear
2026-01-29 19:59:00,Oddanchatram Road,156,40.97,Heavy,Cloudy
2026-01-29 20:01:00,Begampur,70,16.15,Free Flow,Clear
2026-01-29 20:38:00,Dindigul Bus Stand,171,53.43,Free Flow,Rainy
2026-01-29 20:46:00,Dindigul Bus Stand,185,49.3,Moderate,Clear
2026-01-29 20:52:00,Trichy Road,185,27.44,Free Flow,Cloudy
2026-01-29 21:05:00,Begampur,21,27.32,Moderate,Rainy
2026-01-29 21:07:00,RM Colony,86,66.65,Free Flow,Clear
2026-01-29 21:07:00,RM Colony,13,22.63,Moderate,Cloudy
2026-01-29 21:11:00,Palani Road,177,37.57,Jam,Rainy
2026-01-29 21:12:00,Palani Road,181,18.2,Free Flow,Clear
2026-01-29 21:20:00,RM Colony,127,32.5,Heavy,Clear
2026-01-29 21:24:00,Natham Road,56,63.46,Heavy,Rainy
2026-01-29 21:37:00,Natham Road,91,56.98,Moderate,Cloudy
2026-01-29 21:46:00,RM Colony,194,52.76,Jam,Cloudy
2026-01-29 22:14:00,Nagalk Nagar,100,69.8,Heavy,Cloudy
2026-01-29 22:17:00,Natham Road,161,51.59,Jam,Rainy
2026-01-29 22:18:00,Nagalk Nagar,137,46.86,Moderate,Cloudy
2026-01-29 22:29:00,Trichy Road,151,54.53,Jam,Cloudy
2026-01-29 22:45:00,Begampur,190,18.52,Free Flow,Rainy
2026-01-29 22:50:00,Begampur,160,34.72,Heavy,Cloudy
2026-01-29 22:53:00,Nagalk Nagar,107,52.93,Moderate,Clear
2026-01-29 22:55:00,Dindigul Bus Stand,138,63.37,Free Flow,Rainy
2026-01-29 22:56:00,Begampur,21,41.95,Heavy,Clear
2026-01-29 22:57:00,Palani Road,190,26.04,Jam,Cloudy
2026-01-29 23:12:00,SPM Nagar,53,63.96,Free Flow,Cloudy
2026-01-29 23:13:00,Dindigul Bus Stand,49,49.22,Free Flow,Rainy
2026-01-29 23:17:00,Begampur,177,67.49,Heavy,Clear
2026-01-29 23:19:00,Batlagundu Road,155,44.19,Jam,Cloudy
2026-01-29 23:24:00,Nagalk Nagar,197,39.04,Heavy,Cloudy
2026-01-29 23:43:00,Begampur,97,34.55,Moderate,Clear
2026-01-29 23:44:00,Dindigul Bus Stand,65,58.35,Moderate,Rainy
2026-01-29 23:48:00,Trichy Road,174,37.04,Free Flow,Cloudy
2026-01-29 23:51:00,Nagalk Nagar,123,28.0,Free Flow,Clear
2026-01-30 00:00:00,Nagalk Nagar,141,38.64,Jam,Cloudy
2026-01-30 00:08:00,Trichy Road,118,28.02,Moderate,Cloudy
2026-01-30 00:13:00,Trichy Road,167,40.17,Jam,Rainy
2026-01-30 00:33:00,Trichy Road,147,56.05,Free Flow,Rainy
2026-01-30 00:36:00,Begampur,93,33.7,Heavy,Rainy
2026-01-30 00:38:00,Trichy Road,125,43.87,Moderate,Cloudy
2026-01-30 00:47:00,Begampur,13,22.59,Moderate,Cloudy
2026-01-30 00:49:00,Oddanchatram Road,110,16.6,Free Flow,Cloudy
2026-01-30 00:52:00,Trichy Road,163,19.69,Jam,Clear
2026-01-30 01:06:00,SPM Nagar,75,40.29,Jam,Clear
2026-01-30 01:07:00,RM Colony,154,20.38,Jam,Clear
2026-01-30 01:09:00,Natham Road,132,42.37,Heavy,Rainy
2026-01-30 01:19:00,Begampur,128,45.9,Moderate,Rainy
2026-01-30 01:23:00,Natham Road,40,30.7,Free Flow,Clear
2026-01-30 01:26:00,Palani Road,178,46.16,Heavy,Cloudy
2026-01-30 01:29:00,Oddanchatram Road,155,51.19,Heavy,Clear
2026-01-30 01:36:00,Palani Road,122,28.84,Heavy,Cloudy
2026-01-30 01:36:00,Batlagundu Road,187,26.27,Moderate,Clear
2026-01-30 01:54:00,Palani Road,157,30.9,Jam,Clear
2026-01-30 02:18:00,Begampur,127,15.62,Jam,Rainy
2026-01-30 02:21:00,Oddanchatram Road,44,53.1,Heavy,Clear
2026-01-30 02:24:00,Dindigul Bus Stand,85,26.35,Jam,Clear
2026-01-30 02:34:00,Oddanchatram Road,20,24.26,Free Flow,Rainy
2026-01-30 02:35:00,Oddanchatram Road,143,49.01,Free Flow,Cloudy
2026-01-30 02:45:00,Dindigul Bus Stand,178,66.73,Free Flow,Rainy
2026-01-30 02:52:00,Oddanchatram Road,11,44.27,Heavy,Rainy
2026-01-30 02:55:00,Natham Road,153,42.41,Jam,Cloudy
2026-01-30 03:03:00,Trichy Road,39,39.15,Free Flow,Rainy
2026-01-30 03:07:00,Nagalk Nagar,139,41.13,Heavy,Rainy
2026-01-30 03:17:00,Oddanchatram Road,63,36.59,Heavy,Rainy
2026-01-30 03:19:00,Batlagundu Road,130,15.58,Jam,Rainy
2026-01-30 03:22:00,Batlagundu Road,131,27.32,Jam,Clear
2026-01-30 03:46:00,Begampur,58,54.0,Free Flow,Rainy
2026-01-30 03:55:00,Natham Road,93,51.8,Free Flow,Cloudy
2026-01-30 03:59:00,Trichy Road,18,17.93,Free Flow,Rainy
2026-01-30 04:01:00,Batlagundu Road,83,17.17,Free Flow,Rainy
2026-01-30 04:12:00,Oddanchatram Road,147,23.11,Moderate,Cloudy
2026-01-30 04:22:00,SPM Nagar,35,52.24,Heavy,Rainy
2026-01-30 04:28:00,Batlagundu Road,186,42.6,Free Flow,Rainy
2026-01-30 04:31:00,SPM Nagar,59,63.19,Moderate,Cloudy
2026-01-30 05:07:00,Begampur,120,38.3,Heavy,Rainy
2026-01-30 05:11:00,SPM Nagar,175,61.94,Free Flow,Clear
2026-01-30 05:30:00,SPM Nagar,69,40.84,Jam,Clear
2026-01-30 05:36:00,SPM Nagar,51,15.47,Free Flow,Rainy
2026-01-30 05:47:00,Batlagundu Road,13,28.02,Heavy,Rainy
2026-01-30 05:52:00,Begampur,181,26.76,Free Flow,Rainy
2026-01-30 05:55:00,SPM Nagar,195,19.56,Jam,Rainy
2026-01-30 05:56:00,Batlagundu Road,174,61.77,Jam,Cloudy
2026-01-30 06:02:00,Batlagundu Road,51,27.32,Moderate,Clear
2026-01-30 06:11:00,Nagalk Nagar,63,55.65,Jam,Cloudy
2026-01-30 06:17:00,Trichy Road,38,54.27,Heavy,Clear
2026-01-30 06:31:00,Dindigul Bus Stand,175,54.78,Free Flow,Clear
2026-01-30 06:41:00,Trichy Road,29,20.04,Moderate,Rainy
2026-01-30 06:50:00,Trichy Road,189,44.2,Moderate,Cloudy
2026-01-30 06:53:00,Natham Road,100,41.99,Free Flow,Clear
2026-01-30 07:00:00,Trichy Road,101,67.84,Jam,Cloudy
2026-01-30 07:02:00,Dindigul Bus Stand,32,63.63,Heavy,Cloudy
2026-01-30 07:12:00,Oddanchatram Road,162,61.75,Jam,Clear
2026-01-30 07:23:00,RM Colony,196,50.98,Jam,Rainy
2026-01-30 07:26:00,Dindigul Bus Stand,18,66.41,Free Flow,Clear
2026-01-30 07:33:00,Batlagundu Road,100,59.68,Jam,Clear
2026-01-30 07:36:00,Nagalk Nagar,17,58.24,Free Flow,Clear
2026-01-30 07:39:00,Begampur,96,59.95,Moderate,Cloudy
2026-01-30 07:50:00,Natham Road,27,27.01,Jam,Cloudy
2026-01-30 07:54:00,Nagalk Nagar,117,36.96,Free Flow,Cloudy
2026-01-30 07:55:00,Trichy Road,114,33.6,Free Flow,Clear
2026-01-30 08:03:00,Oddanchatram Road,50,36.29,Jam,Clear
2026-01-30 08:10:00,Trichy Road,21,39.19,Moderate,Clear
2026-01-30 08:25:00,RM Colony,34,16.75,Jam,Cloudy
2026-01-30 08:32:00,Begampur,62,38.14,Free Flow,Cloudy
2026-01-30 08:37:00,RM Colony,180,17.42,Heavy,Cloudy
2026-01-30 08:38:00,Oddanchatram Road,105,23.32,Free Flow,Cloudy
2026-01-30 08:42:00,Batlagundu Road,177,64.26,Jam,Clear
2026-01-30 08:56:00,Nagalk Nagar,71,43.73,Free Flow,Cloudy
2026-01-30 09:01:00,Palani Road,105,63.7,Jam,Clear
2026-01-30 09:07:00,Trichy Road,174,61.37,Heavy,Clear
2026-01-30 09:14:00,Nagalk Nagar,77,60.64,Free Flow,Clear
2026-01-30 09:19:00,Natham Road,167,40.13,Free Flow,Cloudy
2026-01-30 09:22:00,Natham Road,114,50.3,Free Flow,Clear
2026-01-30 09:22:00,RM Colony,84,66.91,Moderate,Clear
2026-01-30 09:38:00,Oddanchatram Road,55,42.79,Free Flow,Cloudy
2026-01-30 09:49:00,SPM Nagar,144,50.83,Free Flow,Clear
2026-01-30 09:50:00,Palani Road,193,30.77,Free Flow,Cloudy
2026-01-30 09:59:00,Trichy Road,100,50.45,Free Flow,Rainy
2026-01-30 10:02:00,Trichy Road,150,65.04,Moderate,Cloudy
2026-01-30 10:15:00,SPM Nagar,87,53.02,Moderate,Rainy
2026-01-30 10:26:00,Begampur,133,52.22,Heavy,Clear
2026-01-30 10:45:00,Palani Road,174,26.31,Moderate,Cloudy
2026-01-30 10:49:00,Nagalk Nagar,171,38.57,Moderate,Rainy
2026-01-30 11:01:00,Begampur,124,57.54,Heavy,Cloudy
2026-01-30 11:05:00,Trichy Road,181,22.69,Moderate,Clear
2026-01-30 11:10:00,Natham Road,29,35.87,Free Flow,Clear
2026-01-30 11:44:00,Batlagundu Road,48,15.79,Moderate,Rainy
2026-01-30 11:58:00,Natham Road,94,28.56,Free Flow,Clear
2026-01-30 12:07:00,SPM Nagar,155,56.09,Heavy,Clear
2026-01-30 12:12:00,SPM Nagar,108,61.75,Jam,Clear
2026-01-30 12:17:00,Palani Road,133,20.68,Heavy,Clear
2026-01-30 12:20:00,SPM Nagar,85,22.33,Heavy,Rainy
2026-01-30 12:47:00,Palani Road,54,54.17,Jam,Cloudy
2026-01-30 12:57:00,Dindigul Bus Stand,101,41.42,Heavy,Rainy
2026-01-30 13:10:00,Trichy Road,72,41.88,Jam,Clear
2026-01-30 13:22:00,Begampur,55,56.47,Jam,Clear
2026-01-30 13:26:00,SPM Nagar,53,62.97,Moderate,Cloudy
2026-01-30 13:42:00,Batlagundu Road,21,20.62,Heavy,Rainy
2026-01-30 13:54:00,Dindigul Bus Stand,31,22.22,Moderate,Cloudy
2026-01-30 14:10:00,Natham Road,32,48.36,Heavy,Rainy
2026-01-30 14:12:00,Oddanchatram Road,13,44.75,Moderate,Clear
2026-01-30 14:22:00,Palani Road,54,57.05,Moderate,Rainy
2026-01-30 14:27:00,Palani Road,198,51.03,Free Flow,Rainy
2026-01-30 14:39:00,Trichy Road,124,18.34,Jam,Rainy
2026-01-30 14:47:00,Dindigul Bus Stand,64,58.47,Moderate,Clear
2026-01-30 14:52:00,Oddanchatram Road,189,63.49,Free Flow,Rainy
2026-01-30 14:52:00,Nagalk Nagar,183,17.54,Moderate,Clear
2026-01-30 14:59:00,Nagalk Nagar,188,35.97,Free Flow,Clear
2026-01-30 15:03:00,Trichy Road,58,44.05,Jam,Clear
2026-01-30 15:06:00,Nagalk Nagar,43,49.77,Jam,Clear
2026-01-30 15:09:00,Nagalk Nagar,120,44.47,Jam,Rainy
2026-01-30 15:10:00,Palani Road,32,39.65,Free Flow,Clear
2026-01-30 15:14:00,Trichy Road,50,55.34,Free Flow,Cloudy
2026-01-30 15:15:00,Nagalk Nagar,181,63.6,Heavy,Clear
2026-01-30 15:33:00,Oddanchatram Road,175,56.86,Heavy,Cloudy
2026-01-30 15:34:00,SPM Nagar,184,37.61,Heavy,Cloudy
2026-01-30 15:36:00,Dindigul Bus Stand,166,40.28,Free Flow,Clear
2026-01-30 15:40:00,Begampur,102,48.92,Jam,Rainy
2026-01-30 15:53:00,Batlagundu Road,78,61.13,Free Flow,Rainy
2026-01-30 15:56:00,Natham Road,18,29.81,Jam,Rainy
2026-01-30 15:57:00,Trichy Road,64,16.43,Moderate,Clear
2026-01-30 15:59:00,Oddanchatram Road,88,33.71,Jam,Rainy
2026-01-30 16:00:00,Batlagundu Road,156,28.14,Moderate,Clear
2026-01-30 16:08:00,RM Colony,147,69.3,Jam,Rainy
2026-01-30 16:10:00,SPM Nagar,115,36.11,Moderate,Clear
2026-01-30 16:21:00,RM Colony,152,37.29,Free Flow,Cloudy
2026-01-30 16:21:00,Trichy Road,77,47.89,Free Flow,Cloudy
2026-01-30 16:38:00,Natham Road,17,67.91,Moderate,Clear
2026-01-30 16:49:00,SPM Nagar,41,34.27,Jam,Cloudy
2026-01-30 17:12:00,Batlagundu Road,179,60.36,Jam,Clear
2026-01-30 17:16:00,Palani Road,101,58.89,Heavy,Clear
2026-01-30 17:25:00,Nagalk Nagar,127,41.06,Jam,Cloudy
2026-01-30 17:30:00,RM Colony,175,16.29,Free Flow,Rainy
2026-01-30 17:41:00,Nagalk Nagar,185,49.27,Heavy,Clear
2026-01-30 17:47:00,Batlagundu Road,45,39.37,Jam,Rainy
2026-01-30 18:17:00,Begampur,16,57.58,Jam,Clear
2026-01-30 18:21:00,Begampur,111,44.54,Moderate,Clear
2026-01-30 18:27:00,Batlagundu Road,66,42.31,Free Flow,Cloudy
2026-01-30 18:33:00,Natham Road,168,65.06,Free Flow,Clear
2026-01-30 18:36:00,Natham Road,185,43.43,Heavy,Rainy
2026-01-30 18:51:00,Dindigul Bus Stand,151,34.54,Heavy,Clear
2026-01-30 19:07:00,Batlagundu Road,140,20.35,Heavy,Clear
2026-01-30 19:09:00,SPM Nagar,54,25.57,Moderate,Rainy
2026-01-30 19:24:00,SPM Nagar,92,68.54,Heavy,Clear
2026-01-30 19:36:00,RM Colony,141,26.92,Free Flow,Rainy
2026-01-30 19:47:00,Nagalk Nagar,43,44.05,Moderate,Cloudy
2026-01-30 20:03:00,Oddanchatram Road,170,38.0,Heavy,Rainy
2026-01-30 20:05:00,SPM Nagar,66,19.67,Free Flow,Clear
2026-01-30 20:10:00,Palani Road,56,46.06,Moderate,Rainy
2026-01-30 20:12:00,Nagalk Nagar,181,61.38,Jam,Rainy
2026-01-30 20:19:00,Nagalk Nagar,102,55.91,Heavy,Rainy
2026-01-30 20:20:00,Dindigul Bus Stand,151,44.83,Moderate,Cloudy
2026-01-30 20:31:00,Dindigul Bus Stand,35,23.99,Free Flow,Clear
2026-01-30 20:41:00,Trichy Road,191,61.79,Jam,Cloudy
2026-01-30 20:44:00,Natham Road,18,64.83,Moderate,Cloudy
2026-01-30 20:45:00,Natham Road,82,59.89,Free Flow,Cloudy
2026-01-30 20:47:00,Dindigul Bus Stand,38,20.85,Heavy,Clear
2026-01-30 20:54:00,Dindigul Bus Stand,151,69.02,Moderate,Cloudy
2026-01-30 20:57:00,Batlagundu Road,119,28.33,Moderate,Clear
2026-01-30 21:10:00,Dindigul Bus Stand,142,36.98,Moderate,Rainy
2026-01-30 21:20:00,Trichy Road,169,56.82,Jam,Clear
2026-01-30 21:42:00,Dindigul Bus Stand,89,37.25,Heavy,Rainy
2026-01-30 21:44:00,Nagalk Nagar,69,42.53,Free Flow,Clear
2026-01-30 21:46:00,Oddanchatram Road,93,21.38,Heavy,Clear
2026-01-30 22:05:00,Trichy Road,65,45.95,Moderate,Clear
2026-01-30 22:15:00,Natham Road,65,31.1,Jam,Rainy
2026-01-30 22:21:00,SPM Nagar,136,27.02,Free Flow,Clear
2026-01-30 22:31:00,Batlagundu Road,58,67.29,Jam,Cloudy
2026-01-30 22:33:00,Trichy Road,155,67.85,Jam,Cloudy
2026-01-30 22:35:00,RM Colony,172,49.81,Jam,Rainy
2026-01-30 22:38:00,Trichy Road,191,54.61,Jam,Cloudy
2026-01-30 22:40:00,SPM Nagar,132,63.85,Moderate,Clear
2026-01-30 22:44:00,RM Colony,139,46.38,Moderate,Clear
2026-01-30 22:45:00,SPM Nagar,19,68.66,Moderate,Cloudy
2026-01-30 22:47:00,Natham Road,127,42.05,Moderate,Clear
2026-01-30 23:00:00,Natham Road,78,16.61,Moderate,Clear
2026-01-30 23:03:00,Begampur,86,49.57,Heavy,Rainy
2026-01-30 23:06:00,Dindigul Bus Stand,103,44.59,Free Flow,Cloudy
2026-01-30 23:06:00,RM Colony,140,66.2,Heavy,Clear
2026-01-30 23:08:00,RM Colony,89,52.49,Heavy,Cloudy
2026-01-30 23:13:00,Batlagundu Road,139,51.38,Jam,Cloudy
2026-01-30 23:22:00,Dindigul Bus Stand,116,49.03,Jam,Rainy
2026-01-30 23:24:00,Nagalk Nagar,60,28.66,Free Flow,Rainy
2026-01-30 23:25:00,SPM Nagar,180,39.72,Moderate,Rainy
2026-01-30 23:28:00,Dindigul Bus Stand,197,27.1,Jam,Cloudy
2026-01-30 23:29:00,Oddanchatram Road,33,55.64,Moderate,Clear
2026-01-30 23:47:00,Oddanchatram Road,194,64.44,Heavy,Rainy
2026-01-30 23:49:00,Batlagundu Road,191,42.12,Jam,Clear
2026-01-30 23:55:00,Oddanchatram Road,51,64.55,Moderate,Cloudy
2026-01-30 23:58:00,RM Colony,91,45.15,Moderate,Rainy
